solid backplate_sv
  facet normal 0.000000e+0 0.000000e+0 1.000000e+0
    outer loop
      vertex 7.700000e+0 4.300000e+0 2.000000e-1
      vertex 1.794200e+2 4.300000e+0 2.000000e-1
      vertex 1.794200e+2 7.700000e+0 2.000000e-1
    endloop
  endfacet
  facet normal 0.000000e+0 0.000000e+0 -1.000000e+0
    outer loop
      vertex 7.700000e+0 4.300000e+0 0.000000e+0
      vertex 1.794200e+2 7.700000e+0 0.000000e+0
      vertex 1.794200e+2 4.300000e+0 0.000000e+0
    endloop
  endfacet
  facet normal 0.000000e+0 0.000000e+0 1.000000e+0
    outer loop
      vertex 1.828200e+2 4.300000e+0 2.000000e-1
      vertex 4.300000e+0 4.300000e+0 2.000000e-1
      vertex 0.000000e+0 0.000000e+0 2.000000e-1
    endloop
  endfacet
  facet normal 0.000000e+0 0.000000e+0 -1.000000e+0
    outer loop
      vertex 1.828200e+2 4.300000e+0 0.000000e+0
      vertex 0.000000e+0 0.000000e+0 0.000000e+0
      vertex 4.300000e+0 4.300000e+0 0.000000e+0
    endloop
  endfacet
  facet normal 0.000000e+0 0.000000e+0 1.000000e+0
    outer loop
      vertex 0.000000e+0 1.786100e+2 2.000000e-1
      vertex 0.000000e+0 0.000000e+0 2.000000e-1
      vertex 4.300000e+0 1.709100e+2 2.000000e-1
    endloop
  endfacet
  facet normal 0.000000e+0 0.000000e+0 -1.000000e+0
    outer loop
      vertex 0.000000e+0 1.786100e+2 0.000000e+0
      vertex 4.300000e+0 1.709100e+2 0.000000e+0
      vertex 0.000000e+0 0.000000e+0 0.000000e+0
    endloop
  endfacet
  facet normal 0.000000e+0 0.000000e+0 1.000000e+0
    outer loop
      vertex 9.581000e+1 1.721100e+2 2.000000e-1
      vertex 9.131000e+1 1.721100e+2 2.000000e-1
      vertex 7.700000e+0 1.709100e+2 2.000000e-1
    endloop
  endfacet
  facet normal 0.000000e+0 0.000000e+0 -1.000000e+0
    outer loop
      vertex 9.581000e+1 1.721100e+2 0.000000e+0
      vertex 7.700000e+0 1.709100e+2 0.000000e+0
      vertex 9.131000e+1 1.721100e+2 0.000000e+0
    endloop
  endfacet
  facet normal 0.000000e+0 0.000000e+0 1.000000e+0
    outer loop
      vertex 7.700000e+0 1.709100e+2 2.000000e-1
      vertex 4.300000e+0 1.709100e+2 2.000000e-1
      vertex 0.000000e+0 0.000000e+0 2.000000e-1
    endloop
  endfacet
  facet normal 0.000000e+0 0.000000e+0 -1.000000e+0
    outer loop
      vertex 7.700000e+0 1.709100e+2 0.000000e+0
      vertex 0.000000e+0 0.000000e+0 0.000000e+0
      vertex 4.300000e+0 1.709100e+2 0.000000e+0
    endloop
  endfacet
  facet normal 0.000000e+0 0.000000e+0 1.000000e+0
    outer loop
      vertex 0.000000e+0 0.000000e+0 2.000000e-1
      vertex 1.923568e+1 1.451158e+2 2.000000e-1
      vertex 1.923568e+1 1.551158e+2 2.000000e-1
    endloop
  endfacet
  facet normal 0.000000e+0 0.000000e+0 -1.000000e+0
    outer loop
      vertex 0.000000e+0 0.000000e+0 0.000000e+0
      vertex 1.923568e+1 1.551158e+2 0.000000e+0
      vertex 1.923568e+1 1.451158e+2 0.000000e+0
    endloop
  endfacet
  facet normal 0.000000e+0 0.000000e+0 1.000000e+0
    outer loop
      vertex 1.923568e+1 1.551158e+2 2.000000e-1
      vertex 8.906000e+1 1.631100e+2 2.000000e-1
      vertex 8.906000e+1 1.721100e+2 2.000000e-1
    endloop
  endfacet
  facet normal 0.000000e+0 0.000000e+0 -1.000000e+0
    outer loop
      vertex 1.923568e+1 1.551158e+2 0.000000e+0
      vertex 8.906000e+1 1.721100e+2 0.000000e+0
      vertex 8.906000e+1 1.631100e+2 0.000000e+0
    endloop
  endfacet
  facet normal 0.000000e+0 0.000000e+0 1.000000e+0
    outer loop
      vertex 1.828200e+2 1.709100e+2 2.000000e-1
      vertex 1.794200e+2 1.709100e+2 2.000000e-1
      vertex 9.806000e+1 1.631100e+2 2.000000e-1
    endloop
  endfacet
  facet normal 0.000000e+0 0.000000e+0 -1.000000e+0
    outer loop
      vertex 1.828200e+2 1.709100e+2 0.000000e+0
      vertex 9.806000e+1 1.631100e+2 0.000000e+0
      vertex 1.794200e+2 1.709100e+2 0.000000e+0
    endloop
  endfacet
  facet normal 0.000000e+0 0.000000e+0 1.000000e+0
    outer loop
      vertex 0.000000e+0 0.000000e+0 2.000000e-1
      vertex 1.923568e+1 1.316023e+2 2.000000e-1
      vertex 1.923568e+1 1.416023e+2 2.000000e-1
    endloop
  endfacet
  facet normal 0.000000e+0 0.000000e+0 -1.000000e+0
    outer loop
      vertex 0.000000e+0 0.000000e+0 0.000000e+0
      vertex 1.923568e+1 1.416023e+2 0.000000e+0
      vertex 1.923568e+1 1.316023e+2 0.000000e+0
    endloop
  endfacet
  facet normal 0.000000e+0 0.000000e+0 1.000000e+0
    outer loop
      vertex 0.000000e+0 0.000000e+0 2.000000e-1
      vertex 1.923568e+1 1.180888e+2 2.000000e-1
      vertex 1.923568e+1 1.280888e+2 2.000000e-1
    endloop
  endfacet
  facet normal 0.000000e+0 0.000000e+0 -1.000000e+0
    outer loop
      vertex 0.000000e+0 0.000000e+0 0.000000e+0
      vertex 1.923568e+1 1.280888e+2 0.000000e+0
      vertex 1.923568e+1 1.180888e+2 0.000000e+0
    endloop
  endfacet
  facet normal 0.000000e+0 0.000000e+0 1.000000e+0
    outer loop
      vertex 0.000000e+0 0.000000e+0 2.000000e-1
      vertex 1.923568e+1 1.045753e+2 2.000000e-1
      vertex 1.923568e+1 1.145753e+2 2.000000e-1
    endloop
  endfacet
  facet normal 0.000000e+0 0.000000e+0 -1.000000e+0
    outer loop
      vertex 0.000000e+0 0.000000e+0 0.000000e+0
      vertex 1.923568e+1 1.145753e+2 0.000000e+0
      vertex 1.923568e+1 1.045753e+2 0.000000e+0
    endloop
  endfacet
  facet normal 0.000000e+0 0.000000e+0 1.000000e+0
    outer loop
      vertex 0.000000e+0 0.000000e+0 2.000000e-1
      vertex 1.923568e+1 9.106176e+1 2.000000e-1
      vertex 1.923568e+1 1.010618e+2 2.000000e-1
    endloop
  endfacet
  facet normal 0.000000e+0 0.000000e+0 -1.000000e+0
    outer loop
      vertex 0.000000e+0 0.000000e+0 0.000000e+0
      vertex 1.923568e+1 1.010618e+2 0.000000e+0
      vertex 1.923568e+1 9.106176e+1 0.000000e+0
    endloop
  endfacet
  facet normal 0.000000e+0 0.000000e+0 1.000000e+0
    outer loop
      vertex 0.000000e+0 0.000000e+0 2.000000e-1
      vertex 1.923568e+1 7.754824e+1 2.000000e-1
      vertex 1.923568e+1 8.754824e+1 2.000000e-1
    endloop
  endfacet
  facet normal 0.000000e+0 0.000000e+0 -1.000000e+0
    outer loop
      vertex 0.000000e+0 0.000000e+0 0.000000e+0
      vertex 1.923568e+1 8.754824e+1 0.000000e+0
      vertex 1.923568e+1 7.754824e+1 0.000000e+0
    endloop
  endfacet
  facet normal 0.000000e+0 0.000000e+0 1.000000e+0
    outer loop
      vertex 0.000000e+0 0.000000e+0 2.000000e-1
      vertex 1.923568e+1 6.403473e+1 2.000000e-1
      vertex 1.923568e+1 7.403473e+1 2.000000e-1
    endloop
  endfacet
  facet normal 0.000000e+0 0.000000e+0 -1.000000e+0
    outer loop
      vertex 0.000000e+0 0.000000e+0 0.000000e+0
      vertex 1.923568e+1 7.403473e+1 0.000000e+0
      vertex 1.923568e+1 6.403473e+1 0.000000e+0
    endloop
  endfacet
  facet normal 0.000000e+0 0.000000e+0 1.000000e+0
    outer loop
      vertex 0.000000e+0 0.000000e+0 2.000000e-1
      vertex 1.923568e+1 5.052122e+1 2.000000e-1
      vertex 1.923568e+1 6.052122e+1 2.000000e-1
    endloop
  endfacet
  facet normal 0.000000e+0 0.000000e+0 -1.000000e+0
    outer loop
      vertex 0.000000e+0 0.000000e+0 0.000000e+0
      vertex 1.923568e+1 6.052122e+1 0.000000e+0
      vertex 1.923568e+1 5.052122e+1 0.000000e+0
    endloop
  endfacet
  facet normal 0.000000e+0 0.000000e+0 1.000000e+0
    outer loop
      vertex 0.000000e+0 0.000000e+0 2.000000e-1
      vertex 1.923568e+1 3.700770e+1 2.000000e-1
      vertex 1.923568e+1 4.700770e+1 2.000000e-1
    endloop
  endfacet
  facet normal 0.000000e+0 0.000000e+0 -1.000000e+0
    outer loop
      vertex 0.000000e+0 0.000000e+0 0.000000e+0
      vertex 1.923568e+1 4.700770e+1 0.000000e+0
      vertex 1.923568e+1 3.700770e+1 0.000000e+0
    endloop
  endfacet
  facet normal 0.000000e+0 0.000000e+0 1.000000e+0
    outer loop
      vertex 0.000000e+0 0.000000e+0 2.000000e-1
      vertex 4.300000e+0 4.300000e+0 2.000000e-1
      vertex 4.300000e+0 7.700000e+0 2.000000e-1
    endloop
  endfacet
  facet normal 0.000000e+0 0.000000e+0 -1.000000e+0
    outer loop
      vertex 0.000000e+0 0.000000e+0 0.000000e+0
      vertex 4.300000e+0 7.700000e+0 0.000000e+0
      vertex 4.300000e+0 4.300000e+0 0.000000e+0
    endloop
  endfacet
  facet normal 0.000000e+0 0.000000e+0 1.000000e+0
    outer loop
      vertex 4.300000e+0 7.700000e+0 2.000000e-1
      vertex 1.923568e+1 2.349419e+1 2.000000e-1
      vertex 1.923568e+1 3.349419e+1 2.000000e-1
    endloop
  endfacet
  facet normal 0.000000e+0 0.000000e+0 -1.000000e+0
    outer loop
      vertex 4.300000e+0 7.700000e+0 0.000000e+0
      vertex 1.923568e+1 3.349419e+1 0.000000e+0
      vertex 1.923568e+1 2.349419e+1 0.000000e+0
    endloop
  endfacet
  facet normal 0.000000e+0 0.000000e+0 1.000000e+0
    outer loop
      vertex 1.791200e+2 2.361000e+1 2.000000e-1
      vertex 1.731200e+2 2.361000e+1 2.000000e-1
      vertex 1.678843e+2 2.349419e+1 2.000000e-1
    endloop
  endfacet
  facet normal 0.000000e+0 0.000000e+0 -1.000000e+0
    outer loop
      vertex 1.791200e+2 2.361000e+1 0.000000e+0
      vertex 1.678843e+2 2.349419e+1 0.000000e+0
      vertex 1.731200e+2 2.361000e+1 0.000000e+0
    endloop
  endfacet
  facet normal 0.000000e+0 0.000000e+0 1.000000e+0
    outer loop
      vertex 5.786000e+1 2.303743e+1 2.000000e-1
      vertex 5.786000e+1 2.043743e+1 2.000000e-1
      vertex 1.292600e+2 2.043743e+1 2.000000e-1
    endloop
  endfacet
  facet normal 0.000000e+0 0.000000e+0 -1.000000e+0
    outer loop
      vertex 5.786000e+1 2.303743e+1 0.000000e+0
      vertex 1.292600e+2 2.043743e+1 0.000000e+0
      vertex 5.786000e+1 2.043743e+1 0.000000e+0
    endloop
  endfacet
  facet normal 0.000000e+0 0.000000e+0 1.000000e+0
    outer loop
      vertex 7.700000e+0 7.700000e+0 2.000000e-1
      vertex 7.700000e+0 4.300000e+0 2.000000e-1
      vertex 1.794200e+2 7.700000e+0 2.000000e-1
    endloop
  endfacet
  facet normal 0.000000e+0 0.000000e+0 -1.000000e+0
    outer loop
      vertex 7.700000e+0 7.700000e+0 0.000000e+0
      vertex 1.794200e+2 7.700000e+0 0.000000e+0
      vertex 7.700000e+0 4.300000e+0 0.000000e+0
    endloop
  endfacet
  facet normal 0.000000e+0 0.000000e+0 1.000000e+0
    outer loop
      vertex 1.828200e+2 4.300000e+0 2.000000e-1
      vertex 0.000000e+0 0.000000e+0 2.000000e-1
      vertex 1.871200e+2 0.000000e+0 2.000000e-1
    endloop
  endfacet
  facet normal 0.000000e+0 0.000000e+0 -1.000000e+0
    outer loop
      vertex 1.828200e+2 4.300000e+0 0.000000e+0
      vertex 1.871200e+2 0.000000e+0 0.000000e+0
      vertex 0.000000e+0 0.000000e+0 0.000000e+0
    endloop
  endfacet
  facet normal 0.000000e+0 0.000000e+0 1.000000e+0
    outer loop
      vertex 0.000000e+0 1.786100e+2 2.000000e-1
      vertex 4.300000e+0 1.709100e+2 2.000000e-1
      vertex 4.300000e+0 1.743100e+2 2.000000e-1
    endloop
  endfacet
  facet normal 0.000000e+0 0.000000e+0 -1.000000e+0
    outer loop
      vertex 0.000000e+0 1.786100e+2 0.000000e+0
      vertex 4.300000e+0 1.743100e+2 0.000000e+0
      vertex 4.300000e+0 1.709100e+2 0.000000e+0
    endloop
  endfacet
  facet normal 0.000000e+0 0.000000e+0 1.000000e+0
    outer loop
      vertex 7.700000e+0 1.709100e+2 2.000000e-1
      vertex 0.000000e+0 0.000000e+0 2.000000e-1
      vertex 1.923568e+1 1.551158e+2 2.000000e-1
    endloop
  endfacet
  facet normal 0.000000e+0 0.000000e+0 -1.000000e+0
    outer loop
      vertex 7.700000e+0 1.709100e+2 0.000000e+0
      vertex 1.923568e+1 1.551158e+2 0.000000e+0
      vertex 0.000000e+0 0.000000e+0 0.000000e+0
    endloop
  endfacet
  facet normal 0.000000e+0 0.000000e+0 1.000000e+0
    outer loop
      vertex 9.806000e+1 1.631100e+2 2.000000e-1
      vertex 8.906000e+1 1.631100e+2 2.000000e-1
      vertex 1.923568e+1 1.551158e+2 2.000000e-1
    endloop
  endfacet
  facet normal 0.000000e+0 0.000000e+0 -1.000000e+0
    outer loop
      vertex 9.806000e+1 1.631100e+2 0.000000e+0
      vertex 1.923568e+1 1.551158e+2 0.000000e+0
      vertex 8.906000e+1 1.631100e+2 0.000000e+0
    endloop
  endfacet
  facet normal 0.000000e+0 0.000000e+0 1.000000e+0
    outer loop
      vertex 1.923568e+1 1.551158e+2 2.000000e-1
      vertex 1.242600e+2 1.555726e+2 2.000000e-1
      vertex 1.242600e+2 1.581726e+2 2.000000e-1
    endloop
  endfacet
  facet normal 0.000000e+0 0.000000e+0 -1.000000e+0
    outer loop
      vertex 1.923568e+1 1.551158e+2 0.000000e+0
      vertex 1.242600e+2 1.581726e+2 0.000000e+0
      vertex 1.242600e+2 1.555726e+2 0.000000e+0
    endloop
  endfacet
  facet normal 0.000000e+0 0.000000e+0 1.000000e+0
    outer loop
      vertex 1.328600e+2 1.555726e+2 2.000000e-1
      vertex 1.242600e+2 1.555726e+2 2.000000e-1
      vertex 1.923568e+1 1.551158e+2 2.000000e-1
    endloop
  endfacet
  facet normal 0.000000e+0 0.000000e+0 -1.000000e+0
    outer loop
      vertex 1.328600e+2 1.555726e+2 0.000000e+0
      vertex 1.923568e+1 1.551158e+2 0.000000e+0
      vertex 1.242600e+2 1.555726e+2 0.000000e+0
    endloop
  endfacet
  facet normal 0.000000e+0 0.000000e+0 1.000000e+0
    outer loop
      vertex 1.923568e+1 1.451158e+2 2.000000e-1
      vertex 0.000000e+0 0.000000e+0 2.000000e-1
      vertex 1.923568e+1 1.416023e+2 2.000000e-1
    endloop
  endfacet
  facet normal 0.000000e+0 0.000000e+0 -1.000000e+0
    outer loop
      vertex 1.923568e+1 1.451158e+2 0.000000e+0
      vertex 1.923568e+1 1.416023e+2 0.000000e+0
      vertex 0.000000e+0 0.000000e+0 0.000000e+0
    endloop
  endfacet
  facet normal 0.000000e+0 0.000000e+0 1.000000e+0
    outer loop
      vertex 1.923568e+1 1.316023e+2 2.000000e-1
      vertex 0.000000e+0 0.000000e+0 2.000000e-1
      vertex 1.923568e+1 1.280888e+2 2.000000e-1
    endloop
  endfacet
  facet normal 0.000000e+0 0.000000e+0 -1.000000e+0
    outer loop
      vertex 1.923568e+1 1.316023e+2 0.000000e+0
      vertex 1.923568e+1 1.280888e+2 0.000000e+0
      vertex 0.000000e+0 0.000000e+0 0.000000e+0
    endloop
  endfacet
  facet normal 0.000000e+0 0.000000e+0 1.000000e+0
    outer loop
      vertex 1.923568e+1 1.180888e+2 2.000000e-1
      vertex 0.000000e+0 0.000000e+0 2.000000e-1
      vertex 1.923568e+1 1.145753e+2 2.000000e-1
    endloop
  endfacet
  facet normal 0.000000e+0 0.000000e+0 -1.000000e+0
    outer loop
      vertex 1.923568e+1 1.180888e+2 0.000000e+0
      vertex 1.923568e+1 1.145753e+2 0.000000e+0
      vertex 0.000000e+0 0.000000e+0 0.000000e+0
    endloop
  endfacet
  facet normal 0.000000e+0 0.000000e+0 1.000000e+0
    outer loop
      vertex 1.923568e+1 1.045753e+2 2.000000e-1
      vertex 0.000000e+0 0.000000e+0 2.000000e-1
      vertex 1.923568e+1 1.010618e+2 2.000000e-1
    endloop
  endfacet
  facet normal 0.000000e+0 0.000000e+0 -1.000000e+0
    outer loop
      vertex 1.923568e+1 1.045753e+2 0.000000e+0
      vertex 1.923568e+1 1.010618e+2 0.000000e+0
      vertex 0.000000e+0 0.000000e+0 0.000000e+0
    endloop
  endfacet
  facet normal 0.000000e+0 0.000000e+0 1.000000e+0
    outer loop
      vertex 1.923568e+1 9.106176e+1 2.000000e-1
      vertex 0.000000e+0 0.000000e+0 2.000000e-1
      vertex 1.923568e+1 8.754824e+1 2.000000e-1
    endloop
  endfacet
  facet normal 0.000000e+0 0.000000e+0 -1.000000e+0
    outer loop
      vertex 1.923568e+1 9.106176e+1 0.000000e+0
      vertex 1.923568e+1 8.754824e+1 0.000000e+0
      vertex 0.000000e+0 0.000000e+0 0.000000e+0
    endloop
  endfacet
  facet normal 0.000000e+0 0.000000e+0 1.000000e+0
    outer loop
      vertex 1.923568e+1 7.754824e+1 2.000000e-1
      vertex 0.000000e+0 0.000000e+0 2.000000e-1
      vertex 1.923568e+1 7.403473e+1 2.000000e-1
    endloop
  endfacet
  facet normal 0.000000e+0 0.000000e+0 -1.000000e+0
    outer loop
      vertex 1.923568e+1 7.754824e+1 0.000000e+0
      vertex 1.923568e+1 7.403473e+1 0.000000e+0
      vertex 0.000000e+0 0.000000e+0 0.000000e+0
    endloop
  endfacet
  facet normal 0.000000e+0 0.000000e+0 1.000000e+0
    outer loop
      vertex 1.923568e+1 6.403473e+1 2.000000e-1
      vertex 0.000000e+0 0.000000e+0 2.000000e-1
      vertex 1.923568e+1 6.052122e+1 2.000000e-1
    endloop
  endfacet
  facet normal 0.000000e+0 0.000000e+0 -1.000000e+0
    outer loop
      vertex 1.923568e+1 6.403473e+1 0.000000e+0
      vertex 1.923568e+1 6.052122e+1 0.000000e+0
      vertex 0.000000e+0 0.000000e+0 0.000000e+0
    endloop
  endfacet
  facet normal 0.000000e+0 0.000000e+0 1.000000e+0
    outer loop
      vertex 1.923568e+1 5.052122e+1 2.000000e-1
      vertex 0.000000e+0 0.000000e+0 2.000000e-1
      vertex 1.923568e+1 4.700770e+1 2.000000e-1
    endloop
  endfacet
  facet normal 0.000000e+0 0.000000e+0 -1.000000e+0
    outer loop
      vertex 1.923568e+1 5.052122e+1 0.000000e+0
      vertex 1.923568e+1 4.700770e+1 0.000000e+0
      vertex 0.000000e+0 0.000000e+0 0.000000e+0
    endloop
  endfacet
  facet normal 0.000000e+0 0.000000e+0 1.000000e+0
    outer loop
      vertex 1.923568e+1 3.700770e+1 2.000000e-1
      vertex 0.000000e+0 0.000000e+0 2.000000e-1
      vertex 4.300000e+0 7.700000e+0 2.000000e-1
    endloop
  endfacet
  facet normal 0.000000e+0 0.000000e+0 -1.000000e+0
    outer loop
      vertex 1.923568e+1 3.700770e+1 0.000000e+0
      vertex 4.300000e+0 7.700000e+0 0.000000e+0
      vertex 0.000000e+0 0.000000e+0 0.000000e+0
    endloop
  endfacet
  facet normal 0.000000e+0 0.000000e+0 1.000000e+0
    outer loop
      vertex 1.923568e+1 2.349419e+1 2.000000e-1
      vertex 4.300000e+0 7.700000e+0 2.000000e-1
      vertex 4.926000e+1 2.043743e+1 2.000000e-1
    endloop
  endfacet
  facet normal 0.000000e+0 0.000000e+0 -1.000000e+0
    outer loop
      vertex 1.923568e+1 2.349419e+1 0.000000e+0
      vertex 4.926000e+1 2.043743e+1 0.000000e+0
      vertex 4.300000e+0 7.700000e+0 0.000000e+0
    endloop
  endfacet
  facet normal 0.000000e+0 0.000000e+0 1.000000e+0
    outer loop
      vertex 5.786000e+1 2.303743e+1 2.000000e-1
      vertex 1.292600e+2 2.043743e+1 2.000000e-1
      vertex 1.292600e+2 2.303743e+1 2.000000e-1
    endloop
  endfacet
  facet normal 0.000000e+0 0.000000e+0 -1.000000e+0
    outer loop
      vertex 5.786000e+1 2.303743e+1 0.000000e+0
      vertex 1.292600e+2 2.303743e+1 0.000000e+0
      vertex 1.292600e+2 2.043743e+1 0.000000e+0
    endloop
  endfacet
  facet normal 0.000000e+0 0.000000e+0 1.000000e+0
    outer loop
      vertex 1.378600e+2 2.043743e+1 2.000000e-1
      vertex 4.926000e+1 2.043743e+1 2.000000e-1
      vertex 4.300000e+0 7.700000e+0 2.000000e-1
    endloop
  endfacet
  facet normal 0.000000e+0 0.000000e+0 -1.000000e+0
    outer loop
      vertex 1.378600e+2 2.043743e+1 0.000000e+0
      vertex 4.300000e+0 7.700000e+0 0.000000e+0
      vertex 4.926000e+1 2.043743e+1 0.000000e+0
    endloop
  endfacet
  facet normal 0.000000e+0 0.000000e+0 1.000000e+0
    outer loop
      vertex 1.828200e+2 7.700000e+0 2.000000e-1
      vertex 1.828200e+2 4.300000e+0 2.000000e-1
      vertex 1.871200e+2 0.000000e+0 2.000000e-1
    endloop
  endfacet
  facet normal 0.000000e+0 0.000000e+0 -1.000000e+0
    outer loop
      vertex 1.828200e+2 7.700000e+0 0.000000e+0
      vertex 1.871200e+2 0.000000e+0 0.000000e+0
      vertex 1.828200e+2 4.300000e+0 0.000000e+0
    endloop
  endfacet
  facet normal 0.000000e+0 0.000000e+0 1.000000e+0
    outer loop
      vertex 0.000000e+0 1.786100e+2 2.000000e-1
      vertex 4.300000e+0 1.743100e+2 2.000000e-1
      vertex 7.700000e+0 1.743100e+2 2.000000e-1
    endloop
  endfacet
  facet normal 0.000000e+0 0.000000e+0 -1.000000e+0
    outer loop
      vertex 0.000000e+0 1.786100e+2 0.000000e+0
      vertex 7.700000e+0 1.743100e+2 0.000000e+0
      vertex 4.300000e+0 1.743100e+2 0.000000e+0
    endloop
  endfacet
  facet normal 0.000000e+0 0.000000e+0 1.000000e+0
    outer loop
      vertex 9.581000e+1 1.721100e+2 2.000000e-1
      vertex 7.700000e+0 1.709100e+2 2.000000e-1
      vertex 1.923568e+1 1.551158e+2 2.000000e-1
    endloop
  endfacet
  facet normal 0.000000e+0 0.000000e+0 -1.000000e+0
    outer loop
      vertex 9.581000e+1 1.721100e+2 0.000000e+0
      vertex 1.923568e+1 1.551158e+2 0.000000e+0
      vertex 7.700000e+0 1.709100e+2 0.000000e+0
    endloop
  endfacet
  facet normal 0.000000e+0 0.000000e+0 1.000000e+0
    outer loop
      vertex 9.806000e+1 1.721100e+2 2.000000e-1
      vertex 9.806000e+1 1.631100e+2 2.000000e-1
      vertex 1.794200e+2 1.709100e+2 2.000000e-1
    endloop
  endfacet
  facet normal 0.000000e+0 0.000000e+0 -1.000000e+0
    outer loop
      vertex 9.806000e+1 1.721100e+2 0.000000e+0
      vertex 1.794200e+2 1.709100e+2 0.000000e+0
      vertex 9.806000e+1 1.631100e+2 0.000000e+0
    endloop
  endfacet
  facet normal 0.000000e+0 0.000000e+0 1.000000e+0
    outer loop
      vertex 1.678843e+2 1.451158e+2 2.000000e-1
      vertex 1.923568e+1 1.451158e+2 2.000000e-1
      vertex 1.923568e+1 1.416023e+2 2.000000e-1
    endloop
  endfacet
  facet normal 0.000000e+0 0.000000e+0 -1.000000e+0
    outer loop
      vertex 1.678843e+2 1.451158e+2 0.000000e+0
      vertex 1.923568e+1 1.416023e+2 0.000000e+0
      vertex 1.923568e+1 1.451158e+2 0.000000e+0
    endloop
  endfacet
  facet normal 0.000000e+0 0.000000e+0 1.000000e+0
    outer loop
      vertex 1.678843e+2 1.316023e+2 2.000000e-1
      vertex 1.923568e+1 1.316023e+2 2.000000e-1
      vertex 1.923568e+1 1.280888e+2 2.000000e-1
    endloop
  endfacet
  facet normal 0.000000e+0 0.000000e+0 -1.000000e+0
    outer loop
      vertex 1.678843e+2 1.316023e+2 0.000000e+0
      vertex 1.923568e+1 1.280888e+2 0.000000e+0
      vertex 1.923568e+1 1.316023e+2 0.000000e+0
    endloop
  endfacet
  facet normal 0.000000e+0 0.000000e+0 1.000000e+0
    outer loop
      vertex 1.678843e+2 1.180888e+2 2.000000e-1
      vertex 1.923568e+1 1.180888e+2 2.000000e-1
      vertex 1.923568e+1 1.145753e+2 2.000000e-1
    endloop
  endfacet
  facet normal 0.000000e+0 0.000000e+0 -1.000000e+0
    outer loop
      vertex 1.678843e+2 1.180888e+2 0.000000e+0
      vertex 1.923568e+1 1.145753e+2 0.000000e+0
      vertex 1.923568e+1 1.180888e+2 0.000000e+0
    endloop
  endfacet
  facet normal 0.000000e+0 0.000000e+0 1.000000e+0
    outer loop
      vertex 1.678843e+2 1.045753e+2 2.000000e-1
      vertex 1.923568e+1 1.045753e+2 2.000000e-1
      vertex 1.923568e+1 1.010618e+2 2.000000e-1
    endloop
  endfacet
  facet normal 0.000000e+0 0.000000e+0 -1.000000e+0
    outer loop
      vertex 1.678843e+2 1.045753e+2 0.000000e+0
      vertex 1.923568e+1 1.010618e+2 0.000000e+0
      vertex 1.923568e+1 1.045753e+2 0.000000e+0
    endloop
  endfacet
  facet normal 0.000000e+0 0.000000e+0 1.000000e+0
    outer loop
      vertex 1.678843e+2 9.106176e+1 2.000000e-1
      vertex 1.923568e+1 9.106176e+1 2.000000e-1
      vertex 1.923568e+1 8.754824e+1 2.000000e-1
    endloop
  endfacet
  facet normal 0.000000e+0 0.000000e+0 -1.000000e+0
    outer loop
      vertex 1.678843e+2 9.106176e+1 0.000000e+0
      vertex 1.923568e+1 8.754824e+1 0.000000e+0
      vertex 1.923568e+1 9.106176e+1 0.000000e+0
    endloop
  endfacet
  facet normal 0.000000e+0 0.000000e+0 1.000000e+0
    outer loop
      vertex 1.678843e+2 7.754824e+1 2.000000e-1
      vertex 1.923568e+1 7.754824e+1 2.000000e-1
      vertex 1.923568e+1 7.403473e+1 2.000000e-1
    endloop
  endfacet
  facet normal 0.000000e+0 0.000000e+0 -1.000000e+0
    outer loop
      vertex 1.678843e+2 7.754824e+1 0.000000e+0
      vertex 1.923568e+1 7.403473e+1 0.000000e+0
      vertex 1.923568e+1 7.754824e+1 0.000000e+0
    endloop
  endfacet
  facet normal 0.000000e+0 0.000000e+0 1.000000e+0
    outer loop
      vertex 1.678843e+2 6.403473e+1 2.000000e-1
      vertex 1.923568e+1 6.403473e+1 2.000000e-1
      vertex 1.923568e+1 6.052122e+1 2.000000e-1
    endloop
  endfacet
  facet normal 0.000000e+0 0.000000e+0 -1.000000e+0
    outer loop
      vertex 1.678843e+2 6.403473e+1 0.000000e+0
      vertex 1.923568e+1 6.052122e+1 0.000000e+0
      vertex 1.923568e+1 6.403473e+1 0.000000e+0
    endloop
  endfacet
  facet normal 0.000000e+0 0.000000e+0 1.000000e+0
    outer loop
      vertex 1.678843e+2 5.052122e+1 2.000000e-1
      vertex 1.923568e+1 5.052122e+1 2.000000e-1
      vertex 1.923568e+1 4.700770e+1 2.000000e-1
    endloop
  endfacet
  facet normal 0.000000e+0 0.000000e+0 -1.000000e+0
    outer loop
      vertex 1.678843e+2 5.052122e+1 0.000000e+0
      vertex 1.923568e+1 4.700770e+1 0.000000e+0
      vertex 1.923568e+1 5.052122e+1 0.000000e+0
    endloop
  endfacet
  facet normal 0.000000e+0 0.000000e+0 1.000000e+0
    outer loop
      vertex 1.923568e+1 3.700770e+1 2.000000e-1
      vertex 4.300000e+0 7.700000e+0 2.000000e-1
      vertex 1.923568e+1 3.349419e+1 2.000000e-1
    endloop
  endfacet
  facet normal 0.000000e+0 0.000000e+0 -1.000000e+0
    outer loop
      vertex 1.923568e+1 3.700770e+1 0.000000e+0
      vertex 1.923568e+1 3.349419e+1 0.000000e+0
      vertex 4.300000e+0 7.700000e+0 0.000000e+0
    endloop
  endfacet
  facet normal 0.000000e+0 0.000000e+0 1.000000e+0
    outer loop
      vertex 1.923568e+1 2.349419e+1 2.000000e-1
      vertex 4.926000e+1 2.043743e+1 2.000000e-1
      vertex 4.926000e+1 2.303743e+1 2.000000e-1
    endloop
  endfacet
  facet normal 0.000000e+0 0.000000e+0 -1.000000e+0
    outer loop
      vertex 1.923568e+1 2.349419e+1 0.000000e+0
      vertex 4.926000e+1 2.303743e+1 0.000000e+0
      vertex 4.926000e+1 2.043743e+1 0.000000e+0
    endloop
  endfacet
  facet normal 0.000000e+0 0.000000e+0 1.000000e+0
    outer loop
      vertex 1.378600e+2 2.043743e+1 2.000000e-1
      vertex 4.300000e+0 7.700000e+0 2.000000e-1
      vertex 7.700000e+0 7.700000e+0 2.000000e-1
    endloop
  endfacet
  facet normal 0.000000e+0 0.000000e+0 -1.000000e+0
    outer loop
      vertex 1.378600e+2 2.043743e+1 0.000000e+0
      vertex 7.700000e+0 7.700000e+0 0.000000e+0
      vertex 4.300000e+0 7.700000e+0 0.000000e+0
    endloop
  endfacet
  facet normal 0.000000e+0 0.000000e+0 1.000000e+0
    outer loop
      vertex 1.828200e+2 7.700000e+0 2.000000e-1
      vertex 1.871200e+2 0.000000e+0 2.000000e-1
      vertex 1.871200e+2 1.786100e+2 2.000000e-1
    endloop
  endfacet
  facet normal 0.000000e+0 0.000000e+0 -1.000000e+0
    outer loop
      vertex 1.828200e+2 7.700000e+0 0.000000e+0
      vertex 1.871200e+2 1.786100e+2 0.000000e+0
      vertex 1.871200e+2 0.000000e+0 0.000000e+0
    endloop
  endfacet
  facet normal 0.000000e+0 0.000000e+0 1.000000e+0
    outer loop
      vertex 9.806000e+1 1.721100e+2 2.000000e-1
      vertex 1.794200e+2 1.709100e+2 2.000000e-1
      vertex 1.794200e+2 1.743100e+2 2.000000e-1
    endloop
  endfacet
  facet normal 0.000000e+0 0.000000e+0 -1.000000e+0
    outer loop
      vertex 9.806000e+1 1.721100e+2 0.000000e+0
      vertex 1.794200e+2 1.743100e+2 0.000000e+0
      vertex 1.794200e+2 1.709100e+2 0.000000e+0
    endloop
  endfacet
  facet normal 0.000000e+0 0.000000e+0 1.000000e+0
    outer loop
      vertex 1.678843e+2 1.451158e+2 2.000000e-1
      vertex 1.923568e+1 1.416023e+2 2.000000e-1
      vertex 1.678843e+2 1.416023e+2 2.000000e-1
    endloop
  endfacet
  facet normal 0.000000e+0 0.000000e+0 -1.000000e+0
    outer loop
      vertex 1.678843e+2 1.451158e+2 0.000000e+0
      vertex 1.678843e+2 1.416023e+2 0.000000e+0
      vertex 1.923568e+1 1.416023e+2 0.000000e+0
    endloop
  endfacet
  facet normal 0.000000e+0 0.000000e+0 1.000000e+0
    outer loop
      vertex 1.678843e+2 1.316023e+2 2.000000e-1
      vertex 1.923568e+1 1.280888e+2 2.000000e-1
      vertex 1.678843e+2 1.280888e+2 2.000000e-1
    endloop
  endfacet
  facet normal 0.000000e+0 0.000000e+0 -1.000000e+0
    outer loop
      vertex 1.678843e+2 1.316023e+2 0.000000e+0
      vertex 1.678843e+2 1.280888e+2 0.000000e+0
      vertex 1.923568e+1 1.280888e+2 0.000000e+0
    endloop
  endfacet
  facet normal 0.000000e+0 0.000000e+0 1.000000e+0
    outer loop
      vertex 1.678843e+2 1.180888e+2 2.000000e-1
      vertex 1.923568e+1 1.145753e+2 2.000000e-1
      vertex 1.678843e+2 1.145753e+2 2.000000e-1
    endloop
  endfacet
  facet normal 0.000000e+0 0.000000e+0 -1.000000e+0
    outer loop
      vertex 1.678843e+2 1.180888e+2 0.000000e+0
      vertex 1.678843e+2 1.145753e+2 0.000000e+0
      vertex 1.923568e+1 1.145753e+2 0.000000e+0
    endloop
  endfacet
  facet normal 0.000000e+0 0.000000e+0 1.000000e+0
    outer loop
      vertex 1.678843e+2 1.045753e+2 2.000000e-1
      vertex 1.923568e+1 1.010618e+2 2.000000e-1
      vertex 1.678843e+2 1.010618e+2 2.000000e-1
    endloop
  endfacet
  facet normal 0.000000e+0 0.000000e+0 -1.000000e+0
    outer loop
      vertex 1.678843e+2 1.045753e+2 0.000000e+0
      vertex 1.678843e+2 1.010618e+2 0.000000e+0
      vertex 1.923568e+1 1.010618e+2 0.000000e+0
    endloop
  endfacet
  facet normal 0.000000e+0 0.000000e+0 1.000000e+0
    outer loop
      vertex 1.678843e+2 9.106176e+1 2.000000e-1
      vertex 1.923568e+1 8.754824e+1 2.000000e-1
      vertex 1.678843e+2 8.754824e+1 2.000000e-1
    endloop
  endfacet
  facet normal 0.000000e+0 0.000000e+0 -1.000000e+0
    outer loop
      vertex 1.678843e+2 9.106176e+1 0.000000e+0
      vertex 1.678843e+2 8.754824e+1 0.000000e+0
      vertex 1.923568e+1 8.754824e+1 0.000000e+0
    endloop
  endfacet
  facet normal 0.000000e+0 0.000000e+0 1.000000e+0
    outer loop
      vertex 1.678843e+2 7.754824e+1 2.000000e-1
      vertex 1.923568e+1 7.403473e+1 2.000000e-1
      vertex 1.678843e+2 7.403473e+1 2.000000e-1
    endloop
  endfacet
  facet normal 0.000000e+0 0.000000e+0 -1.000000e+0
    outer loop
      vertex 1.678843e+2 7.754824e+1 0.000000e+0
      vertex 1.678843e+2 7.403473e+1 0.000000e+0
      vertex 1.923568e+1 7.403473e+1 0.000000e+0
    endloop
  endfacet
  facet normal 0.000000e+0 0.000000e+0 1.000000e+0
    outer loop
      vertex 1.678843e+2 6.403473e+1 2.000000e-1
      vertex 1.923568e+1 6.052122e+1 2.000000e-1
      vertex 1.678843e+2 6.052122e+1 2.000000e-1
    endloop
  endfacet
  facet normal 0.000000e+0 0.000000e+0 -1.000000e+0
    outer loop
      vertex 1.678843e+2 6.403473e+1 0.000000e+0
      vertex 1.678843e+2 6.052122e+1 0.000000e+0
      vertex 1.923568e+1 6.052122e+1 0.000000e+0
    endloop
  endfacet
  facet normal 0.000000e+0 0.000000e+0 1.000000e+0
    outer loop
      vertex 1.678843e+2 5.052122e+1 2.000000e-1
      vertex 1.923568e+1 4.700770e+1 2.000000e-1
      vertex 1.678843e+2 4.700770e+1 2.000000e-1
    endloop
  endfacet
  facet normal 0.000000e+0 0.000000e+0 -1.000000e+0
    outer loop
      vertex 1.678843e+2 5.052122e+1 0.000000e+0
      vertex 1.678843e+2 4.700770e+1 0.000000e+0
      vertex 1.923568e+1 4.700770e+1 0.000000e+0
    endloop
  endfacet
  facet normal 0.000000e+0 0.000000e+0 1.000000e+0
    outer loop
      vertex 1.678843e+2 3.700770e+1 2.000000e-1
      vertex 1.923568e+1 3.700770e+1 2.000000e-1
      vertex 1.923568e+1 3.349419e+1 2.000000e-1
    endloop
  endfacet
  facet normal 0.000000e+0 0.000000e+0 -1.000000e+0
    outer loop
      vertex 1.678843e+2 3.700770e+1 0.000000e+0
      vertex 1.923568e+1 3.349419e+1 0.000000e+0
      vertex 1.923568e+1 3.700770e+1 0.000000e+0
    endloop
  endfacet
  facet normal 0.000000e+0 0.000000e+0 1.000000e+0
    outer loop
      vertex 1.678843e+2 2.349419e+1 2.000000e-1
      vertex 1.923568e+1 2.349419e+1 2.000000e-1
      vertex 4.926000e+1 2.303743e+1 2.000000e-1
    endloop
  endfacet
  facet normal 0.000000e+0 0.000000e+0 -1.000000e+0
    outer loop
      vertex 1.678843e+2 2.349419e+1 0.000000e+0
      vertex 4.926000e+1 2.303743e+1 0.000000e+0
      vertex 1.923568e+1 2.349419e+1 0.000000e+0
    endloop
  endfacet
  facet normal 0.000000e+0 0.000000e+0 1.000000e+0
    outer loop
      vertex 1.378600e+2 2.043743e+1 2.000000e-1
      vertex 7.700000e+0 7.700000e+0 2.000000e-1
      vertex 1.794200e+2 7.700000e+0 2.000000e-1
    endloop
  endfacet
  facet normal 0.000000e+0 0.000000e+0 -1.000000e+0
    outer loop
      vertex 1.378600e+2 2.043743e+1 0.000000e+0
      vertex 1.794200e+2 7.700000e+0 0.000000e+0
      vertex 7.700000e+0 7.700000e+0 0.000000e+0
    endloop
  endfacet
  facet normal 0.000000e+0 0.000000e+0 1.000000e+0
    outer loop
      vertex 1.794200e+2 7.700000e+0 2.000000e-1
      vertex 1.828200e+2 7.700000e+0 2.000000e-1
      vertex 1.871200e+2 1.786100e+2 2.000000e-1
    endloop
  endfacet
  facet normal 0.000000e+0 0.000000e+0 -1.000000e+0
    outer loop
      vertex 1.794200e+2 7.700000e+0 0.000000e+0
      vertex 1.871200e+2 1.786100e+2 0.000000e+0
      vertex 1.828200e+2 7.700000e+0 0.000000e+0
    endloop
  endfacet
  facet normal 0.000000e+0 0.000000e+0 1.000000e+0
    outer loop
      vertex 1.678843e+2 3.700770e+1 2.000000e-1
      vertex 1.923568e+1 3.349419e+1 2.000000e-1
      vertex 1.678843e+2 3.349419e+1 2.000000e-1
    endloop
  endfacet
  facet normal 0.000000e+0 0.000000e+0 -1.000000e+0
    outer loop
      vertex 1.678843e+2 3.700770e+1 0.000000e+0
      vertex 1.678843e+2 3.349419e+1 0.000000e+0
      vertex 1.923568e+1 3.349419e+1 0.000000e+0
    endloop
  endfacet
  facet normal 0.000000e+0 0.000000e+0 1.000000e+0
    outer loop
      vertex 1.678843e+2 2.349419e+1 2.000000e-1
      vertex 4.926000e+1 2.303743e+1 2.000000e-1
      vertex 5.786000e+1 2.303743e+1 2.000000e-1
    endloop
  endfacet
  facet normal 0.000000e+0 0.000000e+0 -1.000000e+0
    outer loop
      vertex 1.678843e+2 2.349419e+1 0.000000e+0
      vertex 5.786000e+1 2.303743e+1 0.000000e+0
      vertex 4.926000e+1 2.303743e+1 0.000000e+0
    endloop
  endfacet
  facet normal 0.000000e+0 0.000000e+0 1.000000e+0
    outer loop
      vertex 1.378600e+2 2.303743e+1 2.000000e-1
      vertex 1.378600e+2 2.043743e+1 2.000000e-1
      vertex 1.794200e+2 7.700000e+0 2.000000e-1
    endloop
  endfacet
  facet normal 0.000000e+0 0.000000e+0 -1.000000e+0
    outer loop
      vertex 1.378600e+2 2.303743e+1 0.000000e+0
      vertex 1.794200e+2 7.700000e+0 0.000000e+0
      vertex 1.378600e+2 2.043743e+1 0.000000e+0
    endloop
  endfacet
  facet normal 0.000000e+0 0.000000e+0 1.000000e+0
    outer loop
      vertex 1.678843e+2 2.349419e+1 2.000000e-1
      vertex 5.786000e+1 2.303743e+1 2.000000e-1
      vertex 1.292600e+2 2.303743e+1 2.000000e-1
    endloop
  endfacet
  facet normal 0.000000e+0 0.000000e+0 -1.000000e+0
    outer loop
      vertex 1.678843e+2 2.349419e+1 0.000000e+0
      vertex 1.292600e+2 2.303743e+1 0.000000e+0
      vertex 5.786000e+1 2.303743e+1 0.000000e+0
    endloop
  endfacet
  facet normal 0.000000e+0 0.000000e+0 1.000000e+0
    outer loop
      vertex 1.678843e+2 3.349419e+1 2.000000e-1
      vertex 1.678843e+2 2.349419e+1 2.000000e-1
      vertex 1.731200e+2 2.361000e+1 2.000000e-1
    endloop
  endfacet
  facet normal 0.000000e+0 0.000000e+0 -1.000000e+0
    outer loop
      vertex 1.678843e+2 3.349419e+1 0.000000e+0
      vertex 1.731200e+2 2.361000e+1 0.000000e+0
      vertex 1.678843e+2 2.349419e+1 0.000000e+0
    endloop
  endfacet
  facet normal 0.000000e+0 0.000000e+0 1.000000e+0
    outer loop
      vertex 1.791200e+2 2.361000e+1 2.000000e-1
      vertex 1.678843e+2 2.349419e+1 2.000000e-1
      vertex 1.292600e+2 2.303743e+1 2.000000e-1
    endloop
  endfacet
  facet normal 0.000000e+0 0.000000e+0 -1.000000e+0
    outer loop
      vertex 1.791200e+2 2.361000e+1 0.000000e+0
      vertex 1.292600e+2 2.303743e+1 0.000000e+0
      vertex 1.678843e+2 2.349419e+1 0.000000e+0
    endloop
  endfacet
  facet normal 0.000000e+0 0.000000e+0 1.000000e+0
    outer loop
      vertex 1.678843e+2 3.700770e+1 2.000000e-1
      vertex 1.678843e+2 3.349419e+1 2.000000e-1
      vertex 1.731200e+2 2.361000e+1 2.000000e-1
    endloop
  endfacet
  facet normal 0.000000e+0 0.000000e+0 -1.000000e+0
    outer loop
      vertex 1.678843e+2 3.700770e+1 0.000000e+0
      vertex 1.731200e+2 2.361000e+1 0.000000e+0
      vertex 1.678843e+2 3.349419e+1 0.000000e+0
    endloop
  endfacet
  facet normal 0.000000e+0 0.000000e+0 1.000000e+0
    outer loop
      vertex 1.791200e+2 2.361000e+1 2.000000e-1
      vertex 1.292600e+2 2.303743e+1 2.000000e-1
      vertex 1.378600e+2 2.303743e+1 2.000000e-1
    endloop
  endfacet
  facet normal 0.000000e+0 0.000000e+0 -1.000000e+0
    outer loop
      vertex 1.791200e+2 2.361000e+1 0.000000e+0
      vertex 1.378600e+2 2.303743e+1 0.000000e+0
      vertex 1.292600e+2 2.303743e+1 0.000000e+0
    endloop
  endfacet
  facet normal 0.000000e+0 0.000000e+0 1.000000e+0
    outer loop
      vertex 1.678843e+2 4.700770e+1 2.000000e-1
      vertex 1.678843e+2 3.700770e+1 2.000000e-1
      vertex 1.731200e+2 2.361000e+1 2.000000e-1
    endloop
  endfacet
  facet normal 0.000000e+0 0.000000e+0 -1.000000e+0
    outer loop
      vertex 1.678843e+2 4.700770e+1 0.000000e+0
      vertex 1.731200e+2 2.361000e+1 0.000000e+0
      vertex 1.678843e+2 3.700770e+1 0.000000e+0
    endloop
  endfacet
  facet normal 0.000000e+0 0.000000e+0 1.000000e+0
    outer loop
      vertex 1.791200e+2 2.361000e+1 2.000000e-1
      vertex 1.378600e+2 2.303743e+1 2.000000e-1
      vertex 1.794200e+2 7.700000e+0 2.000000e-1
    endloop
  endfacet
  facet normal 0.000000e+0 0.000000e+0 -1.000000e+0
    outer loop
      vertex 1.791200e+2 2.361000e+1 0.000000e+0
      vertex 1.794200e+2 7.700000e+0 0.000000e+0
      vertex 1.378600e+2 2.303743e+1 0.000000e+0
    endloop
  endfacet
  facet normal 0.000000e+0 0.000000e+0 1.000000e+0
    outer loop
      vertex 1.678843e+2 5.052122e+1 2.000000e-1
      vertex 1.678843e+2 4.700770e+1 2.000000e-1
      vertex 1.731200e+2 2.361000e+1 2.000000e-1
    endloop
  endfacet
  facet normal 0.000000e+0 0.000000e+0 -1.000000e+0
    outer loop
      vertex 1.678843e+2 5.052122e+1 0.000000e+0
      vertex 1.731200e+2 2.361000e+1 0.000000e+0
      vertex 1.678843e+2 4.700770e+1 0.000000e+0
    endloop
  endfacet
  facet normal 0.000000e+0 0.000000e+0 1.000000e+0
    outer loop
      vertex 1.791200e+2 2.961000e+1 2.000000e-1
      vertex 1.791200e+2 2.361000e+1 2.000000e-1
      vertex 1.794200e+2 7.700000e+0 2.000000e-1
    endloop
  endfacet
  facet normal 0.000000e+0 0.000000e+0 -1.000000e+0
    outer loop
      vertex 1.791200e+2 2.961000e+1 0.000000e+0
      vertex 1.794200e+2 7.700000e+0 0.000000e+0
      vertex 1.791200e+2 2.361000e+1 0.000000e+0
    endloop
  endfacet
  facet normal 0.000000e+0 0.000000e+0 1.000000e+0
    outer loop
      vertex 1.678843e+2 6.052122e+1 2.000000e-1
      vertex 1.678843e+2 5.052122e+1 2.000000e-1
      vertex 1.731200e+2 2.361000e+1 2.000000e-1
    endloop
  endfacet
  facet normal 0.000000e+0 0.000000e+0 -1.000000e+0
    outer loop
      vertex 1.678843e+2 6.052122e+1 0.000000e+0
      vertex 1.731200e+2 2.361000e+1 0.000000e+0
      vertex 1.678843e+2 5.052122e+1 0.000000e+0
    endloop
  endfacet
  facet normal 0.000000e+0 0.000000e+0 1.000000e+0
    outer loop
      vertex 1.791200e+2 2.961000e+1 2.000000e-1
      vertex 1.794200e+2 7.700000e+0 2.000000e-1
      vertex 1.871200e+2 1.786100e+2 2.000000e-1
    endloop
  endfacet
  facet normal 0.000000e+0 0.000000e+0 -1.000000e+0
    outer loop
      vertex 1.791200e+2 2.961000e+1 0.000000e+0
      vertex 1.871200e+2 1.786100e+2 0.000000e+0
      vertex 1.794200e+2 7.700000e+0 0.000000e+0
    endloop
  endfacet
  facet normal 0.000000e+0 0.000000e+0 1.000000e+0
    outer loop
      vertex 1.678843e+2 6.403473e+1 2.000000e-1
      vertex 1.678843e+2 6.052122e+1 2.000000e-1
      vertex 1.731200e+2 2.361000e+1 2.000000e-1
    endloop
  endfacet
  facet normal 0.000000e+0 0.000000e+0 -1.000000e+0
    outer loop
      vertex 1.678843e+2 6.403473e+1 0.000000e+0
      vertex 1.731200e+2 2.361000e+1 0.000000e+0
      vertex 1.678843e+2 6.052122e+1 0.000000e+0
    endloop
  endfacet
  facet normal 0.000000e+0 0.000000e+0 1.000000e+0
    outer loop
      vertex 1.731200e+2 2.961000e+1 2.000000e-1
      vertex 1.791200e+2 2.961000e+1 2.000000e-1
      vertex 1.871200e+2 1.786100e+2 2.000000e-1
    endloop
  endfacet
  facet normal 0.000000e+0 0.000000e+0 -1.000000e+0
    outer loop
      vertex 1.731200e+2 2.961000e+1 0.000000e+0
      vertex 1.871200e+2 1.786100e+2 0.000000e+0
      vertex 1.791200e+2 2.961000e+1 0.000000e+0
    endloop
  endfacet
  facet normal 0.000000e+0 0.000000e+0 1.000000e+0
    outer loop
      vertex 1.678843e+2 7.403473e+1 2.000000e-1
      vertex 1.678843e+2 6.403473e+1 2.000000e-1
      vertex 1.731200e+2 2.361000e+1 2.000000e-1
    endloop
  endfacet
  facet normal 0.000000e+0 0.000000e+0 -1.000000e+0
    outer loop
      vertex 1.678843e+2 7.403473e+1 0.000000e+0
      vertex 1.731200e+2 2.361000e+1 0.000000e+0
      vertex 1.678843e+2 6.403473e+1 0.000000e+0
    endloop
  endfacet
  facet normal 0.000000e+0 0.000000e+0 1.000000e+0
    outer loop
      vertex 1.678843e+2 7.754824e+1 2.000000e-1
      vertex 1.678843e+2 7.403473e+1 2.000000e-1
      vertex 1.731200e+2 2.361000e+1 2.000000e-1
    endloop
  endfacet
  facet normal 0.000000e+0 0.000000e+0 -1.000000e+0
    outer loop
      vertex 1.678843e+2 7.754824e+1 0.000000e+0
      vertex 1.731200e+2 2.361000e+1 0.000000e+0
      vertex 1.678843e+2 7.403473e+1 0.000000e+0
    endloop
  endfacet
  facet normal 0.000000e+0 0.000000e+0 1.000000e+0
    outer loop
      vertex 1.678843e+2 8.754824e+1 2.000000e-1
      vertex 1.678843e+2 7.754824e+1 2.000000e-1
      vertex 1.731200e+2 2.361000e+1 2.000000e-1
    endloop
  endfacet
  facet normal 0.000000e+0 0.000000e+0 -1.000000e+0
    outer loop
      vertex 1.678843e+2 8.754824e+1 0.000000e+0
      vertex 1.731200e+2 2.361000e+1 0.000000e+0
      vertex 1.678843e+2 7.754824e+1 0.000000e+0
    endloop
  endfacet
  facet normal 0.000000e+0 0.000000e+0 1.000000e+0
    outer loop
      vertex 1.678843e+2 9.106176e+1 2.000000e-1
      vertex 1.678843e+2 8.754824e+1 2.000000e-1
      vertex 1.731200e+2 2.361000e+1 2.000000e-1
    endloop
  endfacet
  facet normal 0.000000e+0 0.000000e+0 -1.000000e+0
    outer loop
      vertex 1.678843e+2 9.106176e+1 0.000000e+0
      vertex 1.731200e+2 2.361000e+1 0.000000e+0
      vertex 1.678843e+2 8.754824e+1 0.000000e+0
    endloop
  endfacet
  facet normal 0.000000e+0 0.000000e+0 1.000000e+0
    outer loop
      vertex 1.678843e+2 1.010618e+2 2.000000e-1
      vertex 1.678843e+2 9.106176e+1 2.000000e-1
      vertex 1.731200e+2 2.361000e+1 2.000000e-1
    endloop
  endfacet
  facet normal 0.000000e+0 0.000000e+0 -1.000000e+0
    outer loop
      vertex 1.678843e+2 1.010618e+2 0.000000e+0
      vertex 1.731200e+2 2.361000e+1 0.000000e+0
      vertex 1.678843e+2 9.106176e+1 0.000000e+0
    endloop
  endfacet
  facet normal 0.000000e+0 0.000000e+0 1.000000e+0
    outer loop
      vertex 1.678843e+2 1.045753e+2 2.000000e-1
      vertex 1.678843e+2 1.010618e+2 2.000000e-1
      vertex 1.731200e+2 2.361000e+1 2.000000e-1
    endloop
  endfacet
  facet normal 0.000000e+0 0.000000e+0 -1.000000e+0
    outer loop
      vertex 1.678843e+2 1.045753e+2 0.000000e+0
      vertex 1.731200e+2 2.361000e+1 0.000000e+0
      vertex 1.678843e+2 1.010618e+2 0.000000e+0
    endloop
  endfacet
  facet normal 0.000000e+0 0.000000e+0 1.000000e+0
    outer loop
      vertex 1.678843e+2 1.145753e+2 2.000000e-1
      vertex 1.678843e+2 1.045753e+2 2.000000e-1
      vertex 1.731200e+2 2.361000e+1 2.000000e-1
    endloop
  endfacet
  facet normal 0.000000e+0 0.000000e+0 -1.000000e+0
    outer loop
      vertex 1.678843e+2 1.145753e+2 0.000000e+0
      vertex 1.731200e+2 2.361000e+1 0.000000e+0
      vertex 1.678843e+2 1.045753e+2 0.000000e+0
    endloop
  endfacet
  facet normal 0.000000e+0 0.000000e+0 1.000000e+0
    outer loop
      vertex 1.678843e+2 1.180888e+2 2.000000e-1
      vertex 1.678843e+2 1.145753e+2 2.000000e-1
      vertex 1.731200e+2 2.361000e+1 2.000000e-1
    endloop
  endfacet
  facet normal 0.000000e+0 0.000000e+0 -1.000000e+0
    outer loop
      vertex 1.678843e+2 1.180888e+2 0.000000e+0
      vertex 1.731200e+2 2.361000e+1 0.000000e+0
      vertex 1.678843e+2 1.145753e+2 0.000000e+0
    endloop
  endfacet
  facet normal 0.000000e+0 0.000000e+0 1.000000e+0
    outer loop
      vertex 1.678843e+2 1.280888e+2 2.000000e-1
      vertex 1.678843e+2 1.180888e+2 2.000000e-1
      vertex 1.731200e+2 2.361000e+1 2.000000e-1
    endloop
  endfacet
  facet normal 0.000000e+0 0.000000e+0 -1.000000e+0
    outer loop
      vertex 1.678843e+2 1.280888e+2 0.000000e+0
      vertex 1.731200e+2 2.361000e+1 0.000000e+0
      vertex 1.678843e+2 1.180888e+2 0.000000e+0
    endloop
  endfacet
  facet normal 0.000000e+0 0.000000e+0 1.000000e+0
    outer loop
      vertex 1.678843e+2 1.316023e+2 2.000000e-1
      vertex 1.678843e+2 1.280888e+2 2.000000e-1
      vertex 1.731200e+2 2.361000e+1 2.000000e-1
    endloop
  endfacet
  facet normal 0.000000e+0 0.000000e+0 -1.000000e+0
    outer loop
      vertex 1.678843e+2 1.316023e+2 0.000000e+0
      vertex 1.731200e+2 2.361000e+1 0.000000e+0
      vertex 1.678843e+2 1.280888e+2 0.000000e+0
    endloop
  endfacet
  facet normal 0.000000e+0 0.000000e+0 1.000000e+0
    outer loop
      vertex 1.678843e+2 1.416023e+2 2.000000e-1
      vertex 1.678843e+2 1.316023e+2 2.000000e-1
      vertex 1.731200e+2 2.361000e+1 2.000000e-1
    endloop
  endfacet
  facet normal 0.000000e+0 0.000000e+0 -1.000000e+0
    outer loop
      vertex 1.678843e+2 1.416023e+2 0.000000e+0
      vertex 1.731200e+2 2.361000e+1 0.000000e+0
      vertex 1.678843e+2 1.316023e+2 0.000000e+0
    endloop
  endfacet
  facet normal 0.000000e+0 0.000000e+0 1.000000e+0
    outer loop
      vertex 1.678843e+2 1.451158e+2 2.000000e-1
      vertex 1.678843e+2 1.416023e+2 2.000000e-1
      vertex 1.731200e+2 2.361000e+1 2.000000e-1
    endloop
  endfacet
  facet normal 0.000000e+0 0.000000e+0 -1.000000e+0
    outer loop
      vertex 1.678843e+2 1.451158e+2 0.000000e+0
      vertex 1.731200e+2 2.361000e+1 0.000000e+0
      vertex 1.678843e+2 1.416023e+2 0.000000e+0
    endloop
  endfacet
  facet normal 0.000000e+0 0.000000e+0 1.000000e+0
    outer loop
      vertex 1.678843e+2 1.551158e+2 2.000000e-1
      vertex 1.678843e+2 1.451158e+2 2.000000e-1
      vertex 1.731200e+2 2.361000e+1 2.000000e-1
    endloop
  endfacet
  facet normal 0.000000e+0 0.000000e+0 -1.000000e+0
    outer loop
      vertex 1.678843e+2 1.551158e+2 0.000000e+0
      vertex 1.731200e+2 2.361000e+1 0.000000e+0
      vertex 1.678843e+2 1.451158e+2 0.000000e+0
    endloop
  endfacet
  facet normal 0.000000e+0 0.000000e+0 1.000000e+0
    outer loop
      vertex 1.678843e+2 1.551158e+2 2.000000e-1
      vertex 1.731200e+2 2.361000e+1 2.000000e-1
      vertex 1.731200e+2 2.961000e+1 2.000000e-1
    endloop
  endfacet
  facet normal 0.000000e+0 0.000000e+0 -1.000000e+0
    outer loop
      vertex 1.678843e+2 1.551158e+2 0.000000e+0
      vertex 1.731200e+2 2.961000e+1 0.000000e+0
      vertex 1.731200e+2 2.361000e+1 0.000000e+0
    endloop
  endfacet
  facet normal 0.000000e+0 0.000000e+0 1.000000e+0
    outer loop
      vertex 9.581000e+1 1.721100e+2 2.000000e-1
      vertex 1.923568e+1 1.551158e+2 2.000000e-1
      vertex 9.806000e+1 1.721100e+2 2.000000e-1
    endloop
  endfacet
  facet normal 0.000000e+0 0.000000e+0 -1.000000e+0
    outer loop
      vertex 9.581000e+1 1.721100e+2 0.000000e+0
      vertex 9.806000e+1 1.721100e+2 0.000000e+0
      vertex 1.923568e+1 1.551158e+2 0.000000e+0
    endloop
  endfacet
  facet normal 0.000000e+0 0.000000e+0 1.000000e+0
    outer loop
      vertex 9.581000e+1 1.721100e+2 2.000000e-1
      vertex 9.806000e+1 1.721100e+2 2.000000e-1
      vertex 1.794200e+2 1.743100e+2 2.000000e-1
    endloop
  endfacet
  facet normal 0.000000e+0 0.000000e+0 -1.000000e+0
    outer loop
      vertex 9.581000e+1 1.721100e+2 0.000000e+0
      vertex 1.794200e+2 1.743100e+2 0.000000e+0
      vertex 9.806000e+1 1.721100e+2 0.000000e+0
    endloop
  endfacet
  facet normal 0.000000e+0 0.000000e+0 1.000000e+0
    outer loop
      vertex 1.828200e+2 1.709100e+2 2.000000e-1
      vertex 9.806000e+1 1.631100e+2 2.000000e-1
      vertex 1.923568e+1 1.551158e+2 2.000000e-1
    endloop
  endfacet
  facet normal 0.000000e+0 0.000000e+0 -1.000000e+0
    outer loop
      vertex 1.828200e+2 1.709100e+2 0.000000e+0
      vertex 1.923568e+1 1.551158e+2 0.000000e+0
      vertex 9.806000e+1 1.631100e+2 0.000000e+0
    endloop
  endfacet
  facet normal 0.000000e+0 0.000000e+0 1.000000e+0
    outer loop
      vertex 1.328600e+2 1.555726e+2 2.000000e-1
      vertex 1.923568e+1 1.551158e+2 2.000000e-1
      vertex 1.678843e+2 1.551158e+2 2.000000e-1
    endloop
  endfacet
  facet normal 0.000000e+0 0.000000e+0 -1.000000e+0
    outer loop
      vertex 1.328600e+2 1.555726e+2 0.000000e+0
      vertex 1.678843e+2 1.551158e+2 0.000000e+0
      vertex 1.923568e+1 1.551158e+2 0.000000e+0
    endloop
  endfacet
  facet normal 0.000000e+0 0.000000e+0 1.000000e+0
    outer loop
      vertex 7.700000e+0 1.743100e+2 2.000000e-1
      vertex 7.700000e+0 1.709100e+2 2.000000e-1
      vertex 9.131000e+1 1.721100e+2 2.000000e-1
    endloop
  endfacet
  facet normal 0.000000e+0 0.000000e+0 -1.000000e+0
    outer loop
      vertex 7.700000e+0 1.743100e+2 0.000000e+0
      vertex 9.131000e+1 1.721100e+2 0.000000e+0
      vertex 7.700000e+0 1.709100e+2 0.000000e+0
    endloop
  endfacet
  facet normal 0.000000e+0 0.000000e+0 1.000000e+0
    outer loop
      vertex 9.581000e+1 1.766100e+2 2.000000e-1
      vertex 9.581000e+1 1.721100e+2 2.000000e-1
      vertex 1.794200e+2 1.743100e+2 2.000000e-1
    endloop
  endfacet
  facet normal 0.000000e+0 0.000000e+0 -1.000000e+0
    outer loop
      vertex 9.581000e+1 1.766100e+2 0.000000e+0
      vertex 1.794200e+2 1.743100e+2 0.000000e+0
      vertex 9.581000e+1 1.721100e+2 0.000000e+0
    endloop
  endfacet
  facet normal 0.000000e+0 0.000000e+0 1.000000e+0
    outer loop
      vertex 1.828200e+2 1.709100e+2 2.000000e-1
      vertex 1.923568e+1 1.551158e+2 2.000000e-1
      vertex 1.242600e+2 1.581726e+2 2.000000e-1
    endloop
  endfacet
  facet normal 0.000000e+0 0.000000e+0 -1.000000e+0
    outer loop
      vertex 1.828200e+2 1.709100e+2 0.000000e+0
      vertex 1.242600e+2 1.581726e+2 0.000000e+0
      vertex 1.923568e+1 1.551158e+2 0.000000e+0
    endloop
  endfacet
  facet normal 0.000000e+0 0.000000e+0 1.000000e+0
    outer loop
      vertex 1.328600e+2 1.581726e+2 2.000000e-1
      vertex 1.328600e+2 1.555726e+2 2.000000e-1
      vertex 1.678843e+2 1.551158e+2 2.000000e-1
    endloop
  endfacet
  facet normal 0.000000e+0 0.000000e+0 -1.000000e+0
    outer loop
      vertex 1.328600e+2 1.581726e+2 0.000000e+0
      vertex 1.678843e+2 1.551158e+2 0.000000e+0
      vertex 1.328600e+2 1.555726e+2 0.000000e+0
    endloop
  endfacet
  facet normal 0.000000e+0 0.000000e+0 1.000000e+0
    outer loop
      vertex 0.000000e+0 1.786100e+2 2.000000e-1
      vertex 7.700000e+0 1.743100e+2 2.000000e-1
      vertex 9.131000e+1 1.721100e+2 2.000000e-1
    endloop
  endfacet
  facet normal 0.000000e+0 0.000000e+0 -1.000000e+0
    outer loop
      vertex 0.000000e+0 1.786100e+2 0.000000e+0
      vertex 9.131000e+1 1.721100e+2 0.000000e+0
      vertex 7.700000e+0 1.743100e+2 0.000000e+0
    endloop
  endfacet
  facet normal 0.000000e+0 0.000000e+0 1.000000e+0
    outer loop
      vertex 9.581000e+1 1.766100e+2 2.000000e-1
      vertex 1.794200e+2 1.743100e+2 2.000000e-1
      vertex 1.828200e+2 1.743100e+2 2.000000e-1
    endloop
  endfacet
  facet normal 0.000000e+0 0.000000e+0 -1.000000e+0
    outer loop
      vertex 9.581000e+1 1.766100e+2 0.000000e+0
      vertex 1.828200e+2 1.743100e+2 0.000000e+0
      vertex 1.794200e+2 1.743100e+2 0.000000e+0
    endloop
  endfacet
  facet normal 0.000000e+0 0.000000e+0 1.000000e+0
    outer loop
      vertex 1.828200e+2 1.709100e+2 2.000000e-1
      vertex 1.242600e+2 1.581726e+2 2.000000e-1
      vertex 1.328600e+2 1.581726e+2 2.000000e-1
    endloop
  endfacet
  facet normal 0.000000e+0 0.000000e+0 -1.000000e+0
    outer loop
      vertex 1.828200e+2 1.709100e+2 0.000000e+0
      vertex 1.328600e+2 1.581726e+2 0.000000e+0
      vertex 1.242600e+2 1.581726e+2 0.000000e+0
    endloop
  endfacet
  facet normal 0.000000e+0 0.000000e+0 1.000000e+0
    outer loop
      vertex 0.000000e+0 1.786100e+2 2.000000e-1
      vertex 9.131000e+1 1.721100e+2 2.000000e-1
      vertex 9.131000e+1 1.766100e+2 2.000000e-1
    endloop
  endfacet
  facet normal 0.000000e+0 0.000000e+0 -1.000000e+0
    outer loop
      vertex 0.000000e+0 1.786100e+2 0.000000e+0
      vertex 9.131000e+1 1.766100e+2 0.000000e+0
      vertex 9.131000e+1 1.721100e+2 0.000000e+0
    endloop
  endfacet
  facet normal 0.000000e+0 0.000000e+0 1.000000e+0
    outer loop
      vertex 1.828200e+2 1.709100e+2 2.000000e-1
      vertex 1.328600e+2 1.581726e+2 2.000000e-1
      vertex 1.678843e+2 1.551158e+2 2.000000e-1
    endloop
  endfacet
  facet normal 0.000000e+0 0.000000e+0 -1.000000e+0
    outer loop
      vertex 1.828200e+2 1.709100e+2 0.000000e+0
      vertex 1.678843e+2 1.551158e+2 0.000000e+0
      vertex 1.328600e+2 1.581726e+2 0.000000e+0
    endloop
  endfacet
  facet normal 0.000000e+0 0.000000e+0 1.000000e+0
    outer loop
      vertex 1.871200e+2 1.786100e+2 2.000000e-1
      vertex 0.000000e+0 1.786100e+2 2.000000e-1
      vertex 9.131000e+1 1.766100e+2 2.000000e-1
    endloop
  endfacet
  facet normal 0.000000e+0 0.000000e+0 -1.000000e+0
    outer loop
      vertex 1.871200e+2 1.786100e+2 0.000000e+0
      vertex 9.131000e+1 1.766100e+2 0.000000e+0
      vertex 0.000000e+0 1.786100e+2 0.000000e+0
    endloop
  endfacet
  facet normal 0.000000e+0 0.000000e+0 1.000000e+0
    outer loop
      vertex 1.828200e+2 1.709100e+2 2.000000e-1
      vertex 1.678843e+2 1.551158e+2 2.000000e-1
      vertex 1.731200e+2 2.961000e+1 2.000000e-1
    endloop
  endfacet
  facet normal 0.000000e+0 0.000000e+0 -1.000000e+0
    outer loop
      vertex 1.828200e+2 1.709100e+2 0.000000e+0
      vertex 1.731200e+2 2.961000e+1 0.000000e+0
      vertex 1.678843e+2 1.551158e+2 0.000000e+0
    endloop
  endfacet
  facet normal 0.000000e+0 0.000000e+0 1.000000e+0
    outer loop
      vertex 1.871200e+2 1.786100e+2 2.000000e-1
      vertex 9.131000e+1 1.766100e+2 2.000000e-1
      vertex 9.581000e+1 1.766100e+2 2.000000e-1
    endloop
  endfacet
  facet normal 0.000000e+0 0.000000e+0 -1.000000e+0
    outer loop
      vertex 1.871200e+2 1.786100e+2 0.000000e+0
      vertex 9.581000e+1 1.766100e+2 0.000000e+0
      vertex 9.131000e+1 1.766100e+2 0.000000e+0
    endloop
  endfacet
  facet normal 0.000000e+0 0.000000e+0 1.000000e+0
    outer loop
      vertex 1.828200e+2 1.709100e+2 2.000000e-1
      vertex 1.731200e+2 2.961000e+1 2.000000e-1
      vertex 1.871200e+2 1.786100e+2 2.000000e-1
    endloop
  endfacet
  facet normal 0.000000e+0 0.000000e+0 -1.000000e+0
    outer loop
      vertex 1.828200e+2 1.709100e+2 0.000000e+0
      vertex 1.871200e+2 1.786100e+2 0.000000e+0
      vertex 1.731200e+2 2.961000e+1 0.000000e+0
    endloop
  endfacet
  facet normal 0.000000e+0 0.000000e+0 1.000000e+0
    outer loop
      vertex 1.871200e+2 1.786100e+2 2.000000e-1
      vertex 9.581000e+1 1.766100e+2 2.000000e-1
      vertex 1.828200e+2 1.743100e+2 2.000000e-1
    endloop
  endfacet
  facet normal 0.000000e+0 0.000000e+0 -1.000000e+0
    outer loop
      vertex 1.871200e+2 1.786100e+2 0.000000e+0
      vertex 1.828200e+2 1.743100e+2 0.000000e+0
      vertex 9.581000e+1 1.766100e+2 0.000000e+0
    endloop
  endfacet
  facet normal 0.000000e+0 0.000000e+0 1.000000e+0
    outer loop
      vertex 1.828200e+2 1.743100e+2 2.000000e-1
      vertex 1.828200e+2 1.709100e+2 2.000000e-1
      vertex 1.871200e+2 1.786100e+2 2.000000e-1
    endloop
  endfacet
  facet normal 0.000000e+0 0.000000e+0 -1.000000e+0
    outer loop
      vertex 1.828200e+2 1.743100e+2 0.000000e+0
      vertex 1.871200e+2 1.786100e+2 0.000000e+0
      vertex 1.828200e+2 1.709100e+2 0.000000e+0
    endloop
  endfacet
  facet normal 0.000000e+0 1.000000e+0 0.000000e+0
    outer loop
      vertex 1.871200e+2 1.786100e+2 0.000000e+0
      vertex 0.000000e+0 1.786100e+2 0.000000e+0
      vertex 0.000000e+0 1.786100e+2 2.000000e-1
    endloop
  endfacet
  facet normal 0.000000e+0 1.000000e+0 0.000000e+0
    outer loop
      vertex 1.871200e+2 1.786100e+2 0.000000e+0
      vertex 0.000000e+0 1.786100e+2 2.000000e-1
      vertex 1.871200e+2 1.786100e+2 2.000000e-1
    endloop
  endfacet
  facet normal -1.000000e+0 0.000000e+0 0.000000e+0
    outer loop
      vertex 0.000000e+0 1.786100e+2 0.000000e+0
      vertex 0.000000e+0 0.000000e+0 0.000000e+0
      vertex 0.000000e+0 0.000000e+0 2.000000e-1
    endloop
  endfacet
  facet normal -1.000000e+0 0.000000e+0 0.000000e+0
    outer loop
      vertex 0.000000e+0 1.786100e+2 0.000000e+0
      vertex 0.000000e+0 0.000000e+0 2.000000e-1
      vertex 0.000000e+0 1.786100e+2 2.000000e-1
    endloop
  endfacet
  facet normal 0.000000e+0 -1.000000e+0 0.000000e+0
    outer loop
      vertex 0.000000e+0 0.000000e+0 0.000000e+0
      vertex 1.871200e+2 0.000000e+0 0.000000e+0
      vertex 1.871200e+2 0.000000e+0 2.000000e-1
    endloop
  endfacet
  facet normal 0.000000e+0 -1.000000e+0 0.000000e+0
    outer loop
      vertex 0.000000e+0 0.000000e+0 0.000000e+0
      vertex 1.871200e+2 0.000000e+0 2.000000e-1
      vertex 0.000000e+0 0.000000e+0 2.000000e-1
    endloop
  endfacet
  facet normal 1.000000e+0 0.000000e+0 0.000000e+0
    outer loop
      vertex 1.871200e+2 0.000000e+0 0.000000e+0
      vertex 1.871200e+2 1.786100e+2 0.000000e+0
      vertex 1.871200e+2 1.786100e+2 2.000000e-1
    endloop
  endfacet
  facet normal 1.000000e+0 0.000000e+0 0.000000e+0
    outer loop
      vertex 1.871200e+2 0.000000e+0 0.000000e+0
      vertex 1.871200e+2 1.786100e+2 2.000000e-1
      vertex 1.871200e+2 0.000000e+0 2.000000e-1
    endloop
  endfacet
  facet normal 0.000000e+0 1.000000e+0 0.000000e+0
    outer loop
      vertex 1.828200e+2 1.709100e+2 0.000000e+0
      vertex 1.794200e+2 1.709100e+2 0.000000e+0
      vertex 1.794200e+2 1.709100e+2 2.000000e-1
    endloop
  endfacet
  facet normal 0.000000e+0 1.000000e+0 0.000000e+0
    outer loop
      vertex 1.828200e+2 1.709100e+2 0.000000e+0
      vertex 1.794200e+2 1.709100e+2 2.000000e-1
      vertex 1.828200e+2 1.709100e+2 2.000000e-1
    endloop
  endfacet
  facet normal 1.000000e+0 0.000000e+0 0.000000e+0
    outer loop
      vertex 1.794200e+2 1.709100e+2 0.000000e+0
      vertex 1.794200e+2 1.743100e+2 0.000000e+0
      vertex 1.794200e+2 1.743100e+2 2.000000e-1
    endloop
  endfacet
  facet normal 1.000000e+0 0.000000e+0 0.000000e+0
    outer loop
      vertex 1.794200e+2 1.709100e+2 0.000000e+0
      vertex 1.794200e+2 1.743100e+2 2.000000e-1
      vertex 1.794200e+2 1.709100e+2 2.000000e-1
    endloop
  endfacet
  facet normal 0.000000e+0 -1.000000e+0 0.000000e+0
    outer loop
      vertex 1.794200e+2 1.743100e+2 0.000000e+0
      vertex 1.828200e+2 1.743100e+2 0.000000e+0
      vertex 1.828200e+2 1.743100e+2 2.000000e-1
    endloop
  endfacet
  facet normal 0.000000e+0 -1.000000e+0 0.000000e+0
    outer loop
      vertex 1.794200e+2 1.743100e+2 0.000000e+0
      vertex 1.828200e+2 1.743100e+2 2.000000e-1
      vertex 1.794200e+2 1.743100e+2 2.000000e-1
    endloop
  endfacet
  facet normal -1.000000e+0 0.000000e+0 0.000000e+0
    outer loop
      vertex 1.828200e+2 1.743100e+2 0.000000e+0
      vertex 1.828200e+2 1.709100e+2 0.000000e+0
      vertex 1.828200e+2 1.709100e+2 2.000000e-1
    endloop
  endfacet
  facet normal -1.000000e+0 0.000000e+0 0.000000e+0
    outer loop
      vertex 1.828200e+2 1.743100e+2 0.000000e+0
      vertex 1.828200e+2 1.709100e+2 2.000000e-1
      vertex 1.828200e+2 1.743100e+2 2.000000e-1
    endloop
  endfacet
  facet normal 0.000000e+0 1.000000e+0 0.000000e+0
    outer loop
      vertex 7.700000e+0 1.709100e+2 0.000000e+0
      vertex 4.300000e+0 1.709100e+2 0.000000e+0
      vertex 4.300000e+0 1.709100e+2 2.000000e-1
    endloop
  endfacet
  facet normal 0.000000e+0 1.000000e+0 0.000000e+0
    outer loop
      vertex 7.700000e+0 1.709100e+2 0.000000e+0
      vertex 4.300000e+0 1.709100e+2 2.000000e-1
      vertex 7.700000e+0 1.709100e+2 2.000000e-1
    endloop
  endfacet
  facet normal 1.000000e+0 0.000000e+0 0.000000e+0
    outer loop
      vertex 4.300000e+0 1.709100e+2 0.000000e+0
      vertex 4.300000e+0 1.743100e+2 0.000000e+0
      vertex 4.300000e+0 1.743100e+2 2.000000e-1
    endloop
  endfacet
  facet normal 1.000000e+0 0.000000e+0 0.000000e+0
    outer loop
      vertex 4.300000e+0 1.709100e+2 0.000000e+0
      vertex 4.300000e+0 1.743100e+2 2.000000e-1
      vertex 4.300000e+0 1.709100e+2 2.000000e-1
    endloop
  endfacet
  facet normal 0.000000e+0 -1.000000e+0 0.000000e+0
    outer loop
      vertex 4.300000e+0 1.743100e+2 0.000000e+0
      vertex 7.700000e+0 1.743100e+2 0.000000e+0
      vertex 7.700000e+0 1.743100e+2 2.000000e-1
    endloop
  endfacet
  facet normal 0.000000e+0 -1.000000e+0 0.000000e+0
    outer loop
      vertex 4.300000e+0 1.743100e+2 0.000000e+0
      vertex 7.700000e+0 1.743100e+2 2.000000e-1
      vertex 4.300000e+0 1.743100e+2 2.000000e-1
    endloop
  endfacet
  facet normal -1.000000e+0 0.000000e+0 0.000000e+0
    outer loop
      vertex 7.700000e+0 1.743100e+2 0.000000e+0
      vertex 7.700000e+0 1.709100e+2 0.000000e+0
      vertex 7.700000e+0 1.709100e+2 2.000000e-1
    endloop
  endfacet
  facet normal -1.000000e+0 0.000000e+0 0.000000e+0
    outer loop
      vertex 7.700000e+0 1.743100e+2 0.000000e+0
      vertex 7.700000e+0 1.709100e+2 2.000000e-1
      vertex 7.700000e+0 1.743100e+2 2.000000e-1
    endloop
  endfacet
  facet normal 0.000000e+0 1.000000e+0 0.000000e+0
    outer loop
      vertex 1.828200e+2 4.300000e+0 0.000000e+0
      vertex 1.794200e+2 4.300000e+0 0.000000e+0
      vertex 1.794200e+2 4.300000e+0 2.000000e-1
    endloop
  endfacet
  facet normal 0.000000e+0 1.000000e+0 0.000000e+0
    outer loop
      vertex 1.828200e+2 4.300000e+0 0.000000e+0
      vertex 1.794200e+2 4.300000e+0 2.000000e-1
      vertex 1.828200e+2 4.300000e+0 2.000000e-1
    endloop
  endfacet
  facet normal 1.000000e+0 0.000000e+0 0.000000e+0
    outer loop
      vertex 1.794200e+2 4.300000e+0 0.000000e+0
      vertex 1.794200e+2 7.700000e+0 0.000000e+0
      vertex 1.794200e+2 7.700000e+0 2.000000e-1
    endloop
  endfacet
  facet normal 1.000000e+0 0.000000e+0 0.000000e+0
    outer loop
      vertex 1.794200e+2 4.300000e+0 0.000000e+0
      vertex 1.794200e+2 7.700000e+0 2.000000e-1
      vertex 1.794200e+2 4.300000e+0 2.000000e-1
    endloop
  endfacet
  facet normal 0.000000e+0 -1.000000e+0 0.000000e+0
    outer loop
      vertex 1.794200e+2 7.700000e+0 0.000000e+0
      vertex 1.828200e+2 7.700000e+0 0.000000e+0
      vertex 1.828200e+2 7.700000e+0 2.000000e-1
    endloop
  endfacet
  facet normal 0.000000e+0 -1.000000e+0 0.000000e+0
    outer loop
      vertex 1.794200e+2 7.700000e+0 0.000000e+0
      vertex 1.828200e+2 7.700000e+0 2.000000e-1
      vertex 1.794200e+2 7.700000e+0 2.000000e-1
    endloop
  endfacet
  facet normal -1.000000e+0 0.000000e+0 0.000000e+0
    outer loop
      vertex 1.828200e+2 7.700000e+0 0.000000e+0
      vertex 1.828200e+2 4.300000e+0 0.000000e+0
      vertex 1.828200e+2 4.300000e+0 2.000000e-1
    endloop
  endfacet
  facet normal -1.000000e+0 0.000000e+0 0.000000e+0
    outer loop
      vertex 1.828200e+2 7.700000e+0 0.000000e+0
      vertex 1.828200e+2 4.300000e+0 2.000000e-1
      vertex 1.828200e+2 7.700000e+0 2.000000e-1
    endloop
  endfacet
  facet normal 0.000000e+0 1.000000e+0 0.000000e+0
    outer loop
      vertex 7.700000e+0 4.300000e+0 0.000000e+0
      vertex 4.300000e+0 4.300000e+0 0.000000e+0
      vertex 4.300000e+0 4.300000e+0 2.000000e-1
    endloop
  endfacet
  facet normal 0.000000e+0 1.000000e+0 0.000000e+0
    outer loop
      vertex 7.700000e+0 4.300000e+0 0.000000e+0
      vertex 4.300000e+0 4.300000e+0 2.000000e-1
      vertex 7.700000e+0 4.300000e+0 2.000000e-1
    endloop
  endfacet
  facet normal 1.000000e+0 0.000000e+0 0.000000e+0
    outer loop
      vertex 4.300000e+0 4.300000e+0 0.000000e+0
      vertex 4.300000e+0 7.700000e+0 0.000000e+0
      vertex 4.300000e+0 7.700000e+0 2.000000e-1
    endloop
  endfacet
  facet normal 1.000000e+0 0.000000e+0 0.000000e+0
    outer loop
      vertex 4.300000e+0 4.300000e+0 0.000000e+0
      vertex 4.300000e+0 7.700000e+0 2.000000e-1
      vertex 4.300000e+0 4.300000e+0 2.000000e-1
    endloop
  endfacet
  facet normal 0.000000e+0 -1.000000e+0 0.000000e+0
    outer loop
      vertex 4.300000e+0 7.700000e+0 0.000000e+0
      vertex 7.700000e+0 7.700000e+0 0.000000e+0
      vertex 7.700000e+0 7.700000e+0 2.000000e-1
    endloop
  endfacet
  facet normal 0.000000e+0 -1.000000e+0 0.000000e+0
    outer loop
      vertex 4.300000e+0 7.700000e+0 0.000000e+0
      vertex 7.700000e+0 7.700000e+0 2.000000e-1
      vertex 4.300000e+0 7.700000e+0 2.000000e-1
    endloop
  endfacet
  facet normal -1.000000e+0 0.000000e+0 0.000000e+0
    outer loop
      vertex 7.700000e+0 7.700000e+0 0.000000e+0
      vertex 7.700000e+0 4.300000e+0 0.000000e+0
      vertex 7.700000e+0 4.300000e+0 2.000000e-1
    endloop
  endfacet
  facet normal -1.000000e+0 0.000000e+0 0.000000e+0
    outer loop
      vertex 7.700000e+0 7.700000e+0 0.000000e+0
      vertex 7.700000e+0 4.300000e+0 2.000000e-1
      vertex 7.700000e+0 7.700000e+0 2.000000e-1
    endloop
  endfacet
  facet normal 0.000000e+0 1.000000e+0 0.000000e+0
    outer loop
      vertex 9.806000e+1 1.631100e+2 0.000000e+0
      vertex 8.906000e+1 1.631100e+2 0.000000e+0
      vertex 8.906000e+1 1.631100e+2 2.000000e-1
    endloop
  endfacet
  facet normal 0.000000e+0 1.000000e+0 0.000000e+0
    outer loop
      vertex 9.806000e+1 1.631100e+2 0.000000e+0
      vertex 8.906000e+1 1.631100e+2 2.000000e-1
      vertex 9.806000e+1 1.631100e+2 2.000000e-1
    endloop
  endfacet
  facet normal 1.000000e+0 0.000000e+0 0.000000e+0
    outer loop
      vertex 8.906000e+1 1.631100e+2 0.000000e+0
      vertex 8.906000e+1 1.721100e+2 0.000000e+0
      vertex 8.906000e+1 1.721100e+2 2.000000e-1
    endloop
  endfacet
  facet normal 1.000000e+0 0.000000e+0 0.000000e+0
    outer loop
      vertex 8.906000e+1 1.631100e+2 0.000000e+0
      vertex 8.906000e+1 1.721100e+2 2.000000e-1
      vertex 8.906000e+1 1.631100e+2 2.000000e-1
    endloop
  endfacet
  facet normal 0.000000e+0 -1.000000e+0 0.000000e+0
    outer loop
      vertex 8.906000e+1 1.721100e+2 0.000000e+0
      vertex 9.806000e+1 1.721100e+2 0.000000e+0
      vertex 9.806000e+1 1.721100e+2 2.000000e-1
    endloop
  endfacet
  facet normal 0.000000e+0 -1.000000e+0 0.000000e+0
    outer loop
      vertex 8.906000e+1 1.721100e+2 0.000000e+0
      vertex 9.806000e+1 1.721100e+2 2.000000e-1
      vertex 8.906000e+1 1.721100e+2 2.000000e-1
    endloop
  endfacet
  facet normal -1.000000e+0 0.000000e+0 0.000000e+0
    outer loop
      vertex 9.806000e+1 1.721100e+2 0.000000e+0
      vertex 9.806000e+1 1.631100e+2 0.000000e+0
      vertex 9.806000e+1 1.631100e+2 2.000000e-1
    endloop
  endfacet
  facet normal -1.000000e+0 0.000000e+0 0.000000e+0
    outer loop
      vertex 9.806000e+1 1.721100e+2 0.000000e+0
      vertex 9.806000e+1 1.631100e+2 2.000000e-1
      vertex 9.806000e+1 1.721100e+2 2.000000e-1
    endloop
  endfacet
  facet normal 0.000000e+0 1.000000e+0 0.000000e+0
    outer loop
      vertex 9.581000e+1 1.721100e+2 0.000000e+0
      vertex 9.131000e+1 1.721100e+2 0.000000e+0
      vertex 9.131000e+1 1.721100e+2 2.000000e-1
    endloop
  endfacet
  facet normal 0.000000e+0 1.000000e+0 0.000000e+0
    outer loop
      vertex 9.581000e+1 1.721100e+2 0.000000e+0
      vertex 9.131000e+1 1.721100e+2 2.000000e-1
      vertex 9.581000e+1 1.721100e+2 2.000000e-1
    endloop
  endfacet
  facet normal 1.000000e+0 0.000000e+0 0.000000e+0
    outer loop
      vertex 9.131000e+1 1.721100e+2 0.000000e+0
      vertex 9.131000e+1 1.766100e+2 0.000000e+0
      vertex 9.131000e+1 1.766100e+2 2.000000e-1
    endloop
  endfacet
  facet normal 1.000000e+0 0.000000e+0 0.000000e+0
    outer loop
      vertex 9.131000e+1 1.721100e+2 0.000000e+0
      vertex 9.131000e+1 1.766100e+2 2.000000e-1
      vertex 9.131000e+1 1.721100e+2 2.000000e-1
    endloop
  endfacet
  facet normal 0.000000e+0 -1.000000e+0 0.000000e+0
    outer loop
      vertex 9.131000e+1 1.766100e+2 0.000000e+0
      vertex 9.581000e+1 1.766100e+2 0.000000e+0
      vertex 9.581000e+1 1.766100e+2 2.000000e-1
    endloop
  endfacet
  facet normal 0.000000e+0 -1.000000e+0 0.000000e+0
    outer loop
      vertex 9.131000e+1 1.766100e+2 0.000000e+0
      vertex 9.581000e+1 1.766100e+2 2.000000e-1
      vertex 9.131000e+1 1.766100e+2 2.000000e-1
    endloop
  endfacet
  facet normal -1.000000e+0 0.000000e+0 0.000000e+0
    outer loop
      vertex 9.581000e+1 1.766100e+2 0.000000e+0
      vertex 9.581000e+1 1.721100e+2 0.000000e+0
      vertex 9.581000e+1 1.721100e+2 2.000000e-1
    endloop
  endfacet
  facet normal -1.000000e+0 0.000000e+0 0.000000e+0
    outer loop
      vertex 9.581000e+1 1.766100e+2 0.000000e+0
      vertex 9.581000e+1 1.721100e+2 2.000000e-1
      vertex 9.581000e+1 1.766100e+2 2.000000e-1
    endloop
  endfacet
  facet normal 0.000000e+0 1.000000e+0 0.000000e+0
    outer loop
      vertex 1.791200e+2 2.361000e+1 0.000000e+0
      vertex 1.731200e+2 2.361000e+1 0.000000e+0
      vertex 1.731200e+2 2.361000e+1 2.000000e-1
    endloop
  endfacet
  facet normal 0.000000e+0 1.000000e+0 0.000000e+0
    outer loop
      vertex 1.791200e+2 2.361000e+1 0.000000e+0
      vertex 1.731200e+2 2.361000e+1 2.000000e-1
      vertex 1.791200e+2 2.361000e+1 2.000000e-1
    endloop
  endfacet
  facet normal 1.000000e+0 0.000000e+0 0.000000e+0
    outer loop
      vertex 1.731200e+2 2.361000e+1 0.000000e+0
      vertex 1.731200e+2 2.961000e+1 0.000000e+0
      vertex 1.731200e+2 2.961000e+1 2.000000e-1
    endloop
  endfacet
  facet normal 1.000000e+0 0.000000e+0 0.000000e+0
    outer loop
      vertex 1.731200e+2 2.361000e+1 0.000000e+0
      vertex 1.731200e+2 2.961000e+1 2.000000e-1
      vertex 1.731200e+2 2.361000e+1 2.000000e-1
    endloop
  endfacet
  facet normal 0.000000e+0 -1.000000e+0 0.000000e+0
    outer loop
      vertex 1.731200e+2 2.961000e+1 0.000000e+0
      vertex 1.791200e+2 2.961000e+1 0.000000e+0
      vertex 1.791200e+2 2.961000e+1 2.000000e-1
    endloop
  endfacet
  facet normal 0.000000e+0 -1.000000e+0 0.000000e+0
    outer loop
      vertex 1.731200e+2 2.961000e+1 0.000000e+0
      vertex 1.791200e+2 2.961000e+1 2.000000e-1
      vertex 1.731200e+2 2.961000e+1 2.000000e-1
    endloop
  endfacet
  facet normal -1.000000e+0 0.000000e+0 0.000000e+0
    outer loop
      vertex 1.791200e+2 2.961000e+1 0.000000e+0
      vertex 1.791200e+2 2.361000e+1 0.000000e+0
      vertex 1.791200e+2 2.361000e+1 2.000000e-1
    endloop
  endfacet
  facet normal -1.000000e+0 0.000000e+0 0.000000e+0
    outer loop
      vertex 1.791200e+2 2.961000e+1 0.000000e+0
      vertex 1.791200e+2 2.361000e+1 2.000000e-1
      vertex 1.791200e+2 2.961000e+1 2.000000e-1
    endloop
  endfacet
  facet normal 0.000000e+0 1.000000e+0 0.000000e+0
    outer loop
      vertex 1.378600e+2 2.043743e+1 0.000000e+0
      vertex 1.292600e+2 2.043743e+1 0.000000e+0
      vertex 1.292600e+2 2.043743e+1 2.000000e-1
    endloop
  endfacet
  facet normal 0.000000e+0 1.000000e+0 0.000000e+0
    outer loop
      vertex 1.378600e+2 2.043743e+1 0.000000e+0
      vertex 1.292600e+2 2.043743e+1 2.000000e-1
      vertex 1.378600e+2 2.043743e+1 2.000000e-1
    endloop
  endfacet
  facet normal 1.000000e+0 0.000000e+0 0.000000e+0
    outer loop
      vertex 1.292600e+2 2.043743e+1 0.000000e+0
      vertex 1.292600e+2 2.303743e+1 0.000000e+0
      vertex 1.292600e+2 2.303743e+1 2.000000e-1
    endloop
  endfacet
  facet normal 1.000000e+0 0.000000e+0 0.000000e+0
    outer loop
      vertex 1.292600e+2 2.043743e+1 0.000000e+0
      vertex 1.292600e+2 2.303743e+1 2.000000e-1
      vertex 1.292600e+2 2.043743e+1 2.000000e-1
    endloop
  endfacet
  facet normal 0.000000e+0 -1.000000e+0 0.000000e+0
    outer loop
      vertex 1.292600e+2 2.303743e+1 0.000000e+0
      vertex 1.378600e+2 2.303743e+1 0.000000e+0
      vertex 1.378600e+2 2.303743e+1 2.000000e-1
    endloop
  endfacet
  facet normal 0.000000e+0 -1.000000e+0 0.000000e+0
    outer loop
      vertex 1.292600e+2 2.303743e+1 0.000000e+0
      vertex 1.378600e+2 2.303743e+1 2.000000e-1
      vertex 1.292600e+2 2.303743e+1 2.000000e-1
    endloop
  endfacet
  facet normal -1.000000e+0 0.000000e+0 0.000000e+0
    outer loop
      vertex 1.378600e+2 2.303743e+1 0.000000e+0
      vertex 1.378600e+2 2.043743e+1 0.000000e+0
      vertex 1.378600e+2 2.043743e+1 2.000000e-1
    endloop
  endfacet
  facet normal -1.000000e+0 0.000000e+0 0.000000e+0
    outer loop
      vertex 1.378600e+2 2.303743e+1 0.000000e+0
      vertex 1.378600e+2 2.043743e+1 2.000000e-1
      vertex 1.378600e+2 2.303743e+1 2.000000e-1
    endloop
  endfacet
  facet normal 0.000000e+0 1.000000e+0 0.000000e+0
    outer loop
      vertex 5.786000e+1 2.043743e+1 0.000000e+0
      vertex 4.926000e+1 2.043743e+1 0.000000e+0
      vertex 4.926000e+1 2.043743e+1 2.000000e-1
    endloop
  endfacet
  facet normal 0.000000e+0 1.000000e+0 0.000000e+0
    outer loop
      vertex 5.786000e+1 2.043743e+1 0.000000e+0
      vertex 4.926000e+1 2.043743e+1 2.000000e-1
      vertex 5.786000e+1 2.043743e+1 2.000000e-1
    endloop
  endfacet
  facet normal 1.000000e+0 0.000000e+0 0.000000e+0
    outer loop
      vertex 4.926000e+1 2.043743e+1 0.000000e+0
      vertex 4.926000e+1 2.303743e+1 0.000000e+0
      vertex 4.926000e+1 2.303743e+1 2.000000e-1
    endloop
  endfacet
  facet normal 1.000000e+0 0.000000e+0 0.000000e+0
    outer loop
      vertex 4.926000e+1 2.043743e+1 0.000000e+0
      vertex 4.926000e+1 2.303743e+1 2.000000e-1
      vertex 4.926000e+1 2.043743e+1 2.000000e-1
    endloop
  endfacet
  facet normal 0.000000e+0 -1.000000e+0 0.000000e+0
    outer loop
      vertex 4.926000e+1 2.303743e+1 0.000000e+0
      vertex 5.786000e+1 2.303743e+1 0.000000e+0
      vertex 5.786000e+1 2.303743e+1 2.000000e-1
    endloop
  endfacet
  facet normal 0.000000e+0 -1.000000e+0 0.000000e+0
    outer loop
      vertex 4.926000e+1 2.303743e+1 0.000000e+0
      vertex 5.786000e+1 2.303743e+1 2.000000e-1
      vertex 4.926000e+1 2.303743e+1 2.000000e-1
    endloop
  endfacet
  facet normal -1.000000e+0 0.000000e+0 0.000000e+0
    outer loop
      vertex 5.786000e+1 2.303743e+1 0.000000e+0
      vertex 5.786000e+1 2.043743e+1 0.000000e+0
      vertex 5.786000e+1 2.043743e+1 2.000000e-1
    endloop
  endfacet
  facet normal -1.000000e+0 0.000000e+0 0.000000e+0
    outer loop
      vertex 5.786000e+1 2.303743e+1 0.000000e+0
      vertex 5.786000e+1 2.043743e+1 2.000000e-1
      vertex 5.786000e+1 2.303743e+1 2.000000e-1
    endloop
  endfacet
  facet normal 0.000000e+0 1.000000e+0 0.000000e+0
    outer loop
      vertex 1.328600e+2 1.555726e+2 0.000000e+0
      vertex 1.242600e+2 1.555726e+2 0.000000e+0
      vertex 1.242600e+2 1.555726e+2 2.000000e-1
    endloop
  endfacet
  facet normal 0.000000e+0 1.000000e+0 0.000000e+0
    outer loop
      vertex 1.328600e+2 1.555726e+2 0.000000e+0
      vertex 1.242600e+2 1.555726e+2 2.000000e-1
      vertex 1.328600e+2 1.555726e+2 2.000000e-1
    endloop
  endfacet
  facet normal 1.000000e+0 0.000000e+0 0.000000e+0
    outer loop
      vertex 1.242600e+2 1.555726e+2 0.000000e+0
      vertex 1.242600e+2 1.581726e+2 0.000000e+0
      vertex 1.242600e+2 1.581726e+2 2.000000e-1
    endloop
  endfacet
  facet normal 1.000000e+0 0.000000e+0 0.000000e+0
    outer loop
      vertex 1.242600e+2 1.555726e+2 0.000000e+0
      vertex 1.242600e+2 1.581726e+2 2.000000e-1
      vertex 1.242600e+2 1.555726e+2 2.000000e-1
    endloop
  endfacet
  facet normal 0.000000e+0 -1.000000e+0 0.000000e+0
    outer loop
      vertex 1.242600e+2 1.581726e+2 0.000000e+0
      vertex 1.328600e+2 1.581726e+2 0.000000e+0
      vertex 1.328600e+2 1.581726e+2 2.000000e-1
    endloop
  endfacet
  facet normal 0.000000e+0 -1.000000e+0 0.000000e+0
    outer loop
      vertex 1.242600e+2 1.581726e+2 0.000000e+0
      vertex 1.328600e+2 1.581726e+2 2.000000e-1
      vertex 1.242600e+2 1.581726e+2 2.000000e-1
    endloop
  endfacet
  facet normal -1.000000e+0 0.000000e+0 0.000000e+0
    outer loop
      vertex 1.328600e+2 1.581726e+2 0.000000e+0
      vertex 1.328600e+2 1.555726e+2 0.000000e+0
      vertex 1.328600e+2 1.555726e+2 2.000000e-1
    endloop
  endfacet
  facet normal -1.000000e+0 0.000000e+0 0.000000e+0
    outer loop
      vertex 1.328600e+2 1.581726e+2 0.000000e+0
      vertex 1.328600e+2 1.555726e+2 2.000000e-1
      vertex 1.328600e+2 1.581726e+2 2.000000e-1
    endloop
  endfacet
  facet normal 0.000000e+0 1.000000e+0 0.000000e+0
    outer loop
      vertex 1.678843e+2 1.451158e+2 0.000000e+0
      vertex 1.923568e+1 1.451158e+2 0.000000e+0
      vertex 1.923568e+1 1.451158e+2 2.000000e-1
    endloop
  endfacet
  facet normal 0.000000e+0 1.000000e+0 0.000000e+0
    outer loop
      vertex 1.678843e+2 1.451158e+2 0.000000e+0
      vertex 1.923568e+1 1.451158e+2 2.000000e-1
      vertex 1.678843e+2 1.451158e+2 2.000000e-1
    endloop
  endfacet
  facet normal 1.000000e+0 0.000000e+0 0.000000e+0
    outer loop
      vertex 1.923568e+1 1.451158e+2 0.000000e+0
      vertex 1.923568e+1 1.551158e+2 0.000000e+0
      vertex 1.923568e+1 1.551158e+2 2.000000e-1
    endloop
  endfacet
  facet normal 1.000000e+0 0.000000e+0 0.000000e+0
    outer loop
      vertex 1.923568e+1 1.451158e+2 0.000000e+0
      vertex 1.923568e+1 1.551158e+2 2.000000e-1
      vertex 1.923568e+1 1.451158e+2 2.000000e-1
    endloop
  endfacet
  facet normal 0.000000e+0 -1.000000e+0 0.000000e+0
    outer loop
      vertex 1.923568e+1 1.551158e+2 0.000000e+0
      vertex 1.678843e+2 1.551158e+2 0.000000e+0
      vertex 1.678843e+2 1.551158e+2 2.000000e-1
    endloop
  endfacet
  facet normal 0.000000e+0 -1.000000e+0 0.000000e+0
    outer loop
      vertex 1.923568e+1 1.551158e+2 0.000000e+0
      vertex 1.678843e+2 1.551158e+2 2.000000e-1
      vertex 1.923568e+1 1.551158e+2 2.000000e-1
    endloop
  endfacet
  facet normal -1.000000e+0 0.000000e+0 0.000000e+0
    outer loop
      vertex 1.678843e+2 1.551158e+2 0.000000e+0
      vertex 1.678843e+2 1.451158e+2 0.000000e+0
      vertex 1.678843e+2 1.451158e+2 2.000000e-1
    endloop
  endfacet
  facet normal -1.000000e+0 0.000000e+0 0.000000e+0
    outer loop
      vertex 1.678843e+2 1.551158e+2 0.000000e+0
      vertex 1.678843e+2 1.451158e+2 2.000000e-1
      vertex 1.678843e+2 1.551158e+2 2.000000e-1
    endloop
  endfacet
  facet normal 0.000000e+0 1.000000e+0 0.000000e+0
    outer loop
      vertex 1.678843e+2 1.316023e+2 0.000000e+0
      vertex 1.923568e+1 1.316023e+2 0.000000e+0
      vertex 1.923568e+1 1.316023e+2 2.000000e-1
    endloop
  endfacet
  facet normal 0.000000e+0 1.000000e+0 0.000000e+0
    outer loop
      vertex 1.678843e+2 1.316023e+2 0.000000e+0
      vertex 1.923568e+1 1.316023e+2 2.000000e-1
      vertex 1.678843e+2 1.316023e+2 2.000000e-1
    endloop
  endfacet
  facet normal 1.000000e+0 0.000000e+0 0.000000e+0
    outer loop
      vertex 1.923568e+1 1.316023e+2 0.000000e+0
      vertex 1.923568e+1 1.416023e+2 0.000000e+0
      vertex 1.923568e+1 1.416023e+2 2.000000e-1
    endloop
  endfacet
  facet normal 1.000000e+0 0.000000e+0 0.000000e+0
    outer loop
      vertex 1.923568e+1 1.316023e+2 0.000000e+0
      vertex 1.923568e+1 1.416023e+2 2.000000e-1
      vertex 1.923568e+1 1.316023e+2 2.000000e-1
    endloop
  endfacet
  facet normal 0.000000e+0 -1.000000e+0 0.000000e+0
    outer loop
      vertex 1.923568e+1 1.416023e+2 0.000000e+0
      vertex 1.678843e+2 1.416023e+2 0.000000e+0
      vertex 1.678843e+2 1.416023e+2 2.000000e-1
    endloop
  endfacet
  facet normal 0.000000e+0 -1.000000e+0 0.000000e+0
    outer loop
      vertex 1.923568e+1 1.416023e+2 0.000000e+0
      vertex 1.678843e+2 1.416023e+2 2.000000e-1
      vertex 1.923568e+1 1.416023e+2 2.000000e-1
    endloop
  endfacet
  facet normal -1.000000e+0 0.000000e+0 0.000000e+0
    outer loop
      vertex 1.678843e+2 1.416023e+2 0.000000e+0
      vertex 1.678843e+2 1.316023e+2 0.000000e+0
      vertex 1.678843e+2 1.316023e+2 2.000000e-1
    endloop
  endfacet
  facet normal -1.000000e+0 0.000000e+0 0.000000e+0
    outer loop
      vertex 1.678843e+2 1.416023e+2 0.000000e+0
      vertex 1.678843e+2 1.316023e+2 2.000000e-1
      vertex 1.678843e+2 1.416023e+2 2.000000e-1
    endloop
  endfacet
  facet normal 0.000000e+0 1.000000e+0 0.000000e+0
    outer loop
      vertex 1.678843e+2 1.180888e+2 0.000000e+0
      vertex 1.923568e+1 1.180888e+2 0.000000e+0
      vertex 1.923568e+1 1.180888e+2 2.000000e-1
    endloop
  endfacet
  facet normal 0.000000e+0 1.000000e+0 0.000000e+0
    outer loop
      vertex 1.678843e+2 1.180888e+2 0.000000e+0
      vertex 1.923568e+1 1.180888e+2 2.000000e-1
      vertex 1.678843e+2 1.180888e+2 2.000000e-1
    endloop
  endfacet
  facet normal 1.000000e+0 0.000000e+0 0.000000e+0
    outer loop
      vertex 1.923568e+1 1.180888e+2 0.000000e+0
      vertex 1.923568e+1 1.280888e+2 0.000000e+0
      vertex 1.923568e+1 1.280888e+2 2.000000e-1
    endloop
  endfacet
  facet normal 1.000000e+0 0.000000e+0 0.000000e+0
    outer loop
      vertex 1.923568e+1 1.180888e+2 0.000000e+0
      vertex 1.923568e+1 1.280888e+2 2.000000e-1
      vertex 1.923568e+1 1.180888e+2 2.000000e-1
    endloop
  endfacet
  facet normal 0.000000e+0 -1.000000e+0 0.000000e+0
    outer loop
      vertex 1.923568e+1 1.280888e+2 0.000000e+0
      vertex 1.678843e+2 1.280888e+2 0.000000e+0
      vertex 1.678843e+2 1.280888e+2 2.000000e-1
    endloop
  endfacet
  facet normal 0.000000e+0 -1.000000e+0 0.000000e+0
    outer loop
      vertex 1.923568e+1 1.280888e+2 0.000000e+0
      vertex 1.678843e+2 1.280888e+2 2.000000e-1
      vertex 1.923568e+1 1.280888e+2 2.000000e-1
    endloop
  endfacet
  facet normal -1.000000e+0 0.000000e+0 0.000000e+0
    outer loop
      vertex 1.678843e+2 1.280888e+2 0.000000e+0
      vertex 1.678843e+2 1.180888e+2 0.000000e+0
      vertex 1.678843e+2 1.180888e+2 2.000000e-1
    endloop
  endfacet
  facet normal -1.000000e+0 0.000000e+0 0.000000e+0
    outer loop
      vertex 1.678843e+2 1.280888e+2 0.000000e+0
      vertex 1.678843e+2 1.180888e+2 2.000000e-1
      vertex 1.678843e+2 1.280888e+2 2.000000e-1
    endloop
  endfacet
  facet normal 0.000000e+0 1.000000e+0 0.000000e+0
    outer loop
      vertex 1.678843e+2 1.045753e+2 0.000000e+0
      vertex 1.923568e+1 1.045753e+2 0.000000e+0
      vertex 1.923568e+1 1.045753e+2 2.000000e-1
    endloop
  endfacet
  facet normal 0.000000e+0 1.000000e+0 0.000000e+0
    outer loop
      vertex 1.678843e+2 1.045753e+2 0.000000e+0
      vertex 1.923568e+1 1.045753e+2 2.000000e-1
      vertex 1.678843e+2 1.045753e+2 2.000000e-1
    endloop
  endfacet
  facet normal 1.000000e+0 0.000000e+0 0.000000e+0
    outer loop
      vertex 1.923568e+1 1.045753e+2 0.000000e+0
      vertex 1.923568e+1 1.145753e+2 0.000000e+0
      vertex 1.923568e+1 1.145753e+2 2.000000e-1
    endloop
  endfacet
  facet normal 1.000000e+0 0.000000e+0 0.000000e+0
    outer loop
      vertex 1.923568e+1 1.045753e+2 0.000000e+0
      vertex 1.923568e+1 1.145753e+2 2.000000e-1
      vertex 1.923568e+1 1.045753e+2 2.000000e-1
    endloop
  endfacet
  facet normal 0.000000e+0 -1.000000e+0 0.000000e+0
    outer loop
      vertex 1.923568e+1 1.145753e+2 0.000000e+0
      vertex 1.678843e+2 1.145753e+2 0.000000e+0
      vertex 1.678843e+2 1.145753e+2 2.000000e-1
    endloop
  endfacet
  facet normal 0.000000e+0 -1.000000e+0 0.000000e+0
    outer loop
      vertex 1.923568e+1 1.145753e+2 0.000000e+0
      vertex 1.678843e+2 1.145753e+2 2.000000e-1
      vertex 1.923568e+1 1.145753e+2 2.000000e-1
    endloop
  endfacet
  facet normal -1.000000e+0 0.000000e+0 0.000000e+0
    outer loop
      vertex 1.678843e+2 1.145753e+2 0.000000e+0
      vertex 1.678843e+2 1.045753e+2 0.000000e+0
      vertex 1.678843e+2 1.045753e+2 2.000000e-1
    endloop
  endfacet
  facet normal -1.000000e+0 0.000000e+0 0.000000e+0
    outer loop
      vertex 1.678843e+2 1.145753e+2 0.000000e+0
      vertex 1.678843e+2 1.045753e+2 2.000000e-1
      vertex 1.678843e+2 1.145753e+2 2.000000e-1
    endloop
  endfacet
  facet normal 0.000000e+0 1.000000e+0 0.000000e+0
    outer loop
      vertex 1.678843e+2 9.106176e+1 0.000000e+0
      vertex 1.923568e+1 9.106176e+1 0.000000e+0
      vertex 1.923568e+1 9.106176e+1 2.000000e-1
    endloop
  endfacet
  facet normal 0.000000e+0 1.000000e+0 0.000000e+0
    outer loop
      vertex 1.678843e+2 9.106176e+1 0.000000e+0
      vertex 1.923568e+1 9.106176e+1 2.000000e-1
      vertex 1.678843e+2 9.106176e+1 2.000000e-1
    endloop
  endfacet
  facet normal 1.000000e+0 0.000000e+0 0.000000e+0
    outer loop
      vertex 1.923568e+1 9.106176e+1 0.000000e+0
      vertex 1.923568e+1 1.010618e+2 0.000000e+0
      vertex 1.923568e+1 1.010618e+2 2.000000e-1
    endloop
  endfacet
  facet normal 1.000000e+0 0.000000e+0 0.000000e+0
    outer loop
      vertex 1.923568e+1 9.106176e+1 0.000000e+0
      vertex 1.923568e+1 1.010618e+2 2.000000e-1
      vertex 1.923568e+1 9.106176e+1 2.000000e-1
    endloop
  endfacet
  facet normal 0.000000e+0 -1.000000e+0 0.000000e+0
    outer loop
      vertex 1.923568e+1 1.010618e+2 0.000000e+0
      vertex 1.678843e+2 1.010618e+2 0.000000e+0
      vertex 1.678843e+2 1.010618e+2 2.000000e-1
    endloop
  endfacet
  facet normal 0.000000e+0 -1.000000e+0 0.000000e+0
    outer loop
      vertex 1.923568e+1 1.010618e+2 0.000000e+0
      vertex 1.678843e+2 1.010618e+2 2.000000e-1
      vertex 1.923568e+1 1.010618e+2 2.000000e-1
    endloop
  endfacet
  facet normal -1.000000e+0 0.000000e+0 0.000000e+0
    outer loop
      vertex 1.678843e+2 1.010618e+2 0.000000e+0
      vertex 1.678843e+2 9.106176e+1 0.000000e+0
      vertex 1.678843e+2 9.106176e+1 2.000000e-1
    endloop
  endfacet
  facet normal -1.000000e+0 0.000000e+0 0.000000e+0
    outer loop
      vertex 1.678843e+2 1.010618e+2 0.000000e+0
      vertex 1.678843e+2 9.106176e+1 2.000000e-1
      vertex 1.678843e+2 1.010618e+2 2.000000e-1
    endloop
  endfacet
  facet normal 0.000000e+0 1.000000e+0 0.000000e+0
    outer loop
      vertex 1.678843e+2 7.754824e+1 0.000000e+0
      vertex 1.923568e+1 7.754824e+1 0.000000e+0
      vertex 1.923568e+1 7.754824e+1 2.000000e-1
    endloop
  endfacet
  facet normal 0.000000e+0 1.000000e+0 0.000000e+0
    outer loop
      vertex 1.678843e+2 7.754824e+1 0.000000e+0
      vertex 1.923568e+1 7.754824e+1 2.000000e-1
      vertex 1.678843e+2 7.754824e+1 2.000000e-1
    endloop
  endfacet
  facet normal 1.000000e+0 0.000000e+0 0.000000e+0
    outer loop
      vertex 1.923568e+1 7.754824e+1 0.000000e+0
      vertex 1.923568e+1 8.754824e+1 0.000000e+0
      vertex 1.923568e+1 8.754824e+1 2.000000e-1
    endloop
  endfacet
  facet normal 1.000000e+0 0.000000e+0 0.000000e+0
    outer loop
      vertex 1.923568e+1 7.754824e+1 0.000000e+0
      vertex 1.923568e+1 8.754824e+1 2.000000e-1
      vertex 1.923568e+1 7.754824e+1 2.000000e-1
    endloop
  endfacet
  facet normal 0.000000e+0 -1.000000e+0 0.000000e+0
    outer loop
      vertex 1.923568e+1 8.754824e+1 0.000000e+0
      vertex 1.678843e+2 8.754824e+1 0.000000e+0
      vertex 1.678843e+2 8.754824e+1 2.000000e-1
    endloop
  endfacet
  facet normal 0.000000e+0 -1.000000e+0 0.000000e+0
    outer loop
      vertex 1.923568e+1 8.754824e+1 0.000000e+0
      vertex 1.678843e+2 8.754824e+1 2.000000e-1
      vertex 1.923568e+1 8.754824e+1 2.000000e-1
    endloop
  endfacet
  facet normal -1.000000e+0 0.000000e+0 0.000000e+0
    outer loop
      vertex 1.678843e+2 8.754824e+1 0.000000e+0
      vertex 1.678843e+2 7.754824e+1 0.000000e+0
      vertex 1.678843e+2 7.754824e+1 2.000000e-1
    endloop
  endfacet
  facet normal -1.000000e+0 0.000000e+0 0.000000e+0
    outer loop
      vertex 1.678843e+2 8.754824e+1 0.000000e+0
      vertex 1.678843e+2 7.754824e+1 2.000000e-1
      vertex 1.678843e+2 8.754824e+1 2.000000e-1
    endloop
  endfacet
  facet normal 0.000000e+0 1.000000e+0 0.000000e+0
    outer loop
      vertex 1.678843e+2 6.403473e+1 0.000000e+0
      vertex 1.923568e+1 6.403473e+1 0.000000e+0
      vertex 1.923568e+1 6.403473e+1 2.000000e-1
    endloop
  endfacet
  facet normal 0.000000e+0 1.000000e+0 0.000000e+0
    outer loop
      vertex 1.678843e+2 6.403473e+1 0.000000e+0
      vertex 1.923568e+1 6.403473e+1 2.000000e-1
      vertex 1.678843e+2 6.403473e+1 2.000000e-1
    endloop
  endfacet
  facet normal 1.000000e+0 0.000000e+0 0.000000e+0
    outer loop
      vertex 1.923568e+1 6.403473e+1 0.000000e+0
      vertex 1.923568e+1 7.403473e+1 0.000000e+0
      vertex 1.923568e+1 7.403473e+1 2.000000e-1
    endloop
  endfacet
  facet normal 1.000000e+0 0.000000e+0 0.000000e+0
    outer loop
      vertex 1.923568e+1 6.403473e+1 0.000000e+0
      vertex 1.923568e+1 7.403473e+1 2.000000e-1
      vertex 1.923568e+1 6.403473e+1 2.000000e-1
    endloop
  endfacet
  facet normal 0.000000e+0 -1.000000e+0 0.000000e+0
    outer loop
      vertex 1.923568e+1 7.403473e+1 0.000000e+0
      vertex 1.678843e+2 7.403473e+1 0.000000e+0
      vertex 1.678843e+2 7.403473e+1 2.000000e-1
    endloop
  endfacet
  facet normal 0.000000e+0 -1.000000e+0 0.000000e+0
    outer loop
      vertex 1.923568e+1 7.403473e+1 0.000000e+0
      vertex 1.678843e+2 7.403473e+1 2.000000e-1
      vertex 1.923568e+1 7.403473e+1 2.000000e-1
    endloop
  endfacet
  facet normal -1.000000e+0 0.000000e+0 0.000000e+0
    outer loop
      vertex 1.678843e+2 7.403473e+1 0.000000e+0
      vertex 1.678843e+2 6.403473e+1 0.000000e+0
      vertex 1.678843e+2 6.403473e+1 2.000000e-1
    endloop
  endfacet
  facet normal -1.000000e+0 0.000000e+0 0.000000e+0
    outer loop
      vertex 1.678843e+2 7.403473e+1 0.000000e+0
      vertex 1.678843e+2 6.403473e+1 2.000000e-1
      vertex 1.678843e+2 7.403473e+1 2.000000e-1
    endloop
  endfacet
  facet normal 0.000000e+0 1.000000e+0 0.000000e+0
    outer loop
      vertex 1.678843e+2 5.052122e+1 0.000000e+0
      vertex 1.923568e+1 5.052122e+1 0.000000e+0
      vertex 1.923568e+1 5.052122e+1 2.000000e-1
    endloop
  endfacet
  facet normal 0.000000e+0 1.000000e+0 0.000000e+0
    outer loop
      vertex 1.678843e+2 5.052122e+1 0.000000e+0
      vertex 1.923568e+1 5.052122e+1 2.000000e-1
      vertex 1.678843e+2 5.052122e+1 2.000000e-1
    endloop
  endfacet
  facet normal 1.000000e+0 0.000000e+0 0.000000e+0
    outer loop
      vertex 1.923568e+1 5.052122e+1 0.000000e+0
      vertex 1.923568e+1 6.052122e+1 0.000000e+0
      vertex 1.923568e+1 6.052122e+1 2.000000e-1
    endloop
  endfacet
  facet normal 1.000000e+0 0.000000e+0 0.000000e+0
    outer loop
      vertex 1.923568e+1 5.052122e+1 0.000000e+0
      vertex 1.923568e+1 6.052122e+1 2.000000e-1
      vertex 1.923568e+1 5.052122e+1 2.000000e-1
    endloop
  endfacet
  facet normal 0.000000e+0 -1.000000e+0 0.000000e+0
    outer loop
      vertex 1.923568e+1 6.052122e+1 0.000000e+0
      vertex 1.678843e+2 6.052122e+1 0.000000e+0
      vertex 1.678843e+2 6.052122e+1 2.000000e-1
    endloop
  endfacet
  facet normal 0.000000e+0 -1.000000e+0 0.000000e+0
    outer loop
      vertex 1.923568e+1 6.052122e+1 0.000000e+0
      vertex 1.678843e+2 6.052122e+1 2.000000e-1
      vertex 1.923568e+1 6.052122e+1 2.000000e-1
    endloop
  endfacet
  facet normal -1.000000e+0 0.000000e+0 0.000000e+0
    outer loop
      vertex 1.678843e+2 6.052122e+1 0.000000e+0
      vertex 1.678843e+2 5.052122e+1 0.000000e+0
      vertex 1.678843e+2 5.052122e+1 2.000000e-1
    endloop
  endfacet
  facet normal -1.000000e+0 0.000000e+0 0.000000e+0
    outer loop
      vertex 1.678843e+2 6.052122e+1 0.000000e+0
      vertex 1.678843e+2 5.052122e+1 2.000000e-1
      vertex 1.678843e+2 6.052122e+1 2.000000e-1
    endloop
  endfacet
  facet normal 0.000000e+0 1.000000e+0 0.000000e+0
    outer loop
      vertex 1.678843e+2 3.700770e+1 0.000000e+0
      vertex 1.923568e+1 3.700770e+1 0.000000e+0
      vertex 1.923568e+1 3.700770e+1 2.000000e-1
    endloop
  endfacet
  facet normal 0.000000e+0 1.000000e+0 0.000000e+0
    outer loop
      vertex 1.678843e+2 3.700770e+1 0.000000e+0
      vertex 1.923568e+1 3.700770e+1 2.000000e-1
      vertex 1.678843e+2 3.700770e+1 2.000000e-1
    endloop
  endfacet
  facet normal 1.000000e+0 0.000000e+0 0.000000e+0
    outer loop
      vertex 1.923568e+1 3.700770e+1 0.000000e+0
      vertex 1.923568e+1 4.700770e+1 0.000000e+0
      vertex 1.923568e+1 4.700770e+1 2.000000e-1
    endloop
  endfacet
  facet normal 1.000000e+0 0.000000e+0 0.000000e+0
    outer loop
      vertex 1.923568e+1 3.700770e+1 0.000000e+0
      vertex 1.923568e+1 4.700770e+1 2.000000e-1
      vertex 1.923568e+1 3.700770e+1 2.000000e-1
    endloop
  endfacet
  facet normal 0.000000e+0 -1.000000e+0 0.000000e+0
    outer loop
      vertex 1.923568e+1 4.700770e+1 0.000000e+0
      vertex 1.678843e+2 4.700770e+1 0.000000e+0
      vertex 1.678843e+2 4.700770e+1 2.000000e-1
    endloop
  endfacet
  facet normal 0.000000e+0 -1.000000e+0 0.000000e+0
    outer loop
      vertex 1.923568e+1 4.700770e+1 0.000000e+0
      vertex 1.678843e+2 4.700770e+1 2.000000e-1
      vertex 1.923568e+1 4.700770e+1 2.000000e-1
    endloop
  endfacet
  facet normal -1.000000e+0 0.000000e+0 0.000000e+0
    outer loop
      vertex 1.678843e+2 4.700770e+1 0.000000e+0
      vertex 1.678843e+2 3.700770e+1 0.000000e+0
      vertex 1.678843e+2 3.700770e+1 2.000000e-1
    endloop
  endfacet
  facet normal -1.000000e+0 0.000000e+0 0.000000e+0
    outer loop
      vertex 1.678843e+2 4.700770e+1 0.000000e+0
      vertex 1.678843e+2 3.700770e+1 2.000000e-1
      vertex 1.678843e+2 4.700770e+1 2.000000e-1
    endloop
  endfacet
  facet normal 0.000000e+0 1.000000e+0 0.000000e+0
    outer loop
      vertex 1.678843e+2 2.349419e+1 0.000000e+0
      vertex 1.923568e+1 2.349419e+1 0.000000e+0
      vertex 1.923568e+1 2.349419e+1 2.000000e-1
    endloop
  endfacet
  facet normal 0.000000e+0 1.000000e+0 0.000000e+0
    outer loop
      vertex 1.678843e+2 2.349419e+1 0.000000e+0
      vertex 1.923568e+1 2.349419e+1 2.000000e-1
      vertex 1.678843e+2 2.349419e+1 2.000000e-1
    endloop
  endfacet
  facet normal 1.000000e+0 0.000000e+0 0.000000e+0
    outer loop
      vertex 1.923568e+1 2.349419e+1 0.000000e+0
      vertex 1.923568e+1 3.349419e+1 0.000000e+0
      vertex 1.923568e+1 3.349419e+1 2.000000e-1
    endloop
  endfacet
  facet normal 1.000000e+0 0.000000e+0 0.000000e+0
    outer loop
      vertex 1.923568e+1 2.349419e+1 0.000000e+0
      vertex 1.923568e+1 3.349419e+1 2.000000e-1
      vertex 1.923568e+1 2.349419e+1 2.000000e-1
    endloop
  endfacet
  facet normal 0.000000e+0 -1.000000e+0 0.000000e+0
    outer loop
      vertex 1.923568e+1 3.349419e+1 0.000000e+0
      vertex 1.678843e+2 3.349419e+1 0.000000e+0
      vertex 1.678843e+2 3.349419e+1 2.000000e-1
    endloop
  endfacet
  facet normal 0.000000e+0 -1.000000e+0 0.000000e+0
    outer loop
      vertex 1.923568e+1 3.349419e+1 0.000000e+0
      vertex 1.678843e+2 3.349419e+1 2.000000e-1
      vertex 1.923568e+1 3.349419e+1 2.000000e-1
    endloop
  endfacet
  facet normal -1.000000e+0 0.000000e+0 0.000000e+0
    outer loop
      vertex 1.678843e+2 3.349419e+1 0.000000e+0
      vertex 1.678843e+2 2.349419e+1 0.000000e+0
      vertex 1.678843e+2 2.349419e+1 2.000000e-1
    endloop
  endfacet
  facet normal -1.000000e+0 0.000000e+0 0.000000e+0
    outer loop
      vertex 1.678843e+2 3.349419e+1 0.000000e+0
      vertex 1.678843e+2 2.349419e+1 2.000000e-1
      vertex 1.678843e+2 3.349419e+1 2.000000e-1
    endloop
  endfacet
  facet normal 0.000000e+0 0.000000e+0 1.000000e+0
    outer loop
      vertex 7.700000e+0 4.300000e+0 3.000000e+0
      vertex 1.794200e+2 4.300000e+0 3.000000e+0
      vertex 1.794200e+2 7.700000e+0 3.000000e+0
    endloop
  endfacet
  facet normal 0.000000e+0 0.000000e+0 -1.000000e+0
    outer loop
      vertex 7.700000e+0 4.300000e+0 2.000000e-1
      vertex 1.794200e+2 7.700000e+0 2.000000e-1
      vertex 1.794200e+2 4.300000e+0 2.000000e-1
    endloop
  endfacet
  facet normal 0.000000e+0 0.000000e+0 1.000000e+0
    outer loop
      vertex 1.828200e+2 4.300000e+0 3.000000e+0
      vertex 4.300000e+0 4.300000e+0 3.000000e+0
      vertex 0.000000e+0 0.000000e+0 3.000000e+0
    endloop
  endfacet
  facet normal 0.000000e+0 0.000000e+0 -1.000000e+0
    outer loop
      vertex 1.828200e+2 4.300000e+0 2.000000e-1
      vertex 0.000000e+0 0.000000e+0 2.000000e-1
      vertex 4.300000e+0 4.300000e+0 2.000000e-1
    endloop
  endfacet
  facet normal 0.000000e+0 0.000000e+0 1.000000e+0
    outer loop
      vertex 0.000000e+0 1.786100e+2 3.000000e+0
      vertex 0.000000e+0 0.000000e+0 3.000000e+0
      vertex 4.300000e+0 1.709100e+2 3.000000e+0
    endloop
  endfacet
  facet normal 0.000000e+0 0.000000e+0 -1.000000e+0
    outer loop
      vertex 0.000000e+0 1.786100e+2 2.000000e-1
      vertex 4.300000e+0 1.709100e+2 2.000000e-1
      vertex 0.000000e+0 0.000000e+0 2.000000e-1
    endloop
  endfacet
  facet normal 0.000000e+0 0.000000e+0 1.000000e+0
    outer loop
      vertex 9.581000e+1 1.721100e+2 3.000000e+0
      vertex 9.131000e+1 1.721100e+2 3.000000e+0
      vertex 7.700000e+0 1.709100e+2 3.000000e+0
    endloop
  endfacet
  facet normal 0.000000e+0 0.000000e+0 -1.000000e+0
    outer loop
      vertex 9.581000e+1 1.721100e+2 2.000000e-1
      vertex 7.700000e+0 1.709100e+2 2.000000e-1
      vertex 9.131000e+1 1.721100e+2 2.000000e-1
    endloop
  endfacet
  facet normal 0.000000e+0 0.000000e+0 1.000000e+0
    outer loop
      vertex 7.700000e+0 1.709100e+2 3.000000e+0
      vertex 4.300000e+0 1.709100e+2 3.000000e+0
      vertex 0.000000e+0 0.000000e+0 3.000000e+0
    endloop
  endfacet
  facet normal 0.000000e+0 0.000000e+0 -1.000000e+0
    outer loop
      vertex 7.700000e+0 1.709100e+2 2.000000e-1
      vertex 0.000000e+0 0.000000e+0 2.000000e-1
      vertex 4.300000e+0 1.709100e+2 2.000000e-1
    endloop
  endfacet
  facet normal 0.000000e+0 0.000000e+0 1.000000e+0
    outer loop
      vertex 0.000000e+0 0.000000e+0 3.000000e+0
      vertex 8.906000e+1 1.631100e+2 3.000000e+0
      vertex 8.906000e+1 1.721100e+2 3.000000e+0
    endloop
  endfacet
  facet normal 0.000000e+0 0.000000e+0 -1.000000e+0
    outer loop
      vertex 0.000000e+0 0.000000e+0 2.000000e-1
      vertex 8.906000e+1 1.721100e+2 2.000000e-1
      vertex 8.906000e+1 1.631100e+2 2.000000e-1
    endloop
  endfacet
  facet normal 0.000000e+0 0.000000e+0 1.000000e+0
    outer loop
      vertex 1.828200e+2 1.709100e+2 3.000000e+0
      vertex 1.794200e+2 1.709100e+2 3.000000e+0
      vertex 9.806000e+1 1.631100e+2 3.000000e+0
    endloop
  endfacet
  facet normal 0.000000e+0 0.000000e+0 -1.000000e+0
    outer loop
      vertex 1.828200e+2 1.709100e+2 2.000000e-1
      vertex 9.806000e+1 1.631100e+2 2.000000e-1
      vertex 1.794200e+2 1.709100e+2 2.000000e-1
    endloop
  endfacet
  facet normal 0.000000e+0 0.000000e+0 1.000000e+0
    outer loop
      vertex 0.000000e+0 0.000000e+0 3.000000e+0
      vertex 4.300000e+0 4.300000e+0 3.000000e+0
      vertex 4.300000e+0 7.700000e+0 3.000000e+0
    endloop
  endfacet
  facet normal 0.000000e+0 0.000000e+0 -1.000000e+0
    outer loop
      vertex 0.000000e+0 0.000000e+0 2.000000e-1
      vertex 4.300000e+0 7.700000e+0 2.000000e-1
      vertex 4.300000e+0 4.300000e+0 2.000000e-1
    endloop
  endfacet
  facet normal 0.000000e+0 0.000000e+0 1.000000e+0
    outer loop
      vertex 4.300000e+0 7.700000e+0 3.000000e+0
      vertex 1.242600e+2 1.555726e+2 3.000000e+0
      vertex 1.242600e+2 1.581726e+2 3.000000e+0
    endloop
  endfacet
  facet normal 0.000000e+0 0.000000e+0 -1.000000e+0
    outer loop
      vertex 4.300000e+0 7.700000e+0 2.000000e-1
      vertex 1.242600e+2 1.581726e+2 2.000000e-1
      vertex 1.242600e+2 1.555726e+2 2.000000e-1
    endloop
  endfacet
  facet normal 0.000000e+0 0.000000e+0 1.000000e+0
    outer loop
      vertex 4.926000e+1 2.303743e+1 3.000000e+0
      vertex 1.731200e+2 2.361000e+1 3.000000e+0
      vertex 1.731200e+2 2.961000e+1 3.000000e+0
    endloop
  endfacet
  facet normal 0.000000e+0 0.000000e+0 -1.000000e+0
    outer loop
      vertex 4.926000e+1 2.303743e+1 2.000000e-1
      vertex 1.731200e+2 2.961000e+1 2.000000e-1
      vertex 1.731200e+2 2.361000e+1 2.000000e-1
    endloop
  endfacet
  facet normal 0.000000e+0 0.000000e+0 1.000000e+0
    outer loop
      vertex 5.786000e+1 2.303743e+1 3.000000e+0
      vertex 5.786000e+1 2.043743e+1 3.000000e+0
      vertex 1.292600e+2 2.043743e+1 3.000000e+0
    endloop
  endfacet
  facet normal 0.000000e+0 0.000000e+0 -1.000000e+0
    outer loop
      vertex 5.786000e+1 2.303743e+1 2.000000e-1
      vertex 1.292600e+2 2.043743e+1 2.000000e-1
      vertex 5.786000e+1 2.043743e+1 2.000000e-1
    endloop
  endfacet
  facet normal 0.000000e+0 0.000000e+0 1.000000e+0
    outer loop
      vertex 7.700000e+0 7.700000e+0 3.000000e+0
      vertex 7.700000e+0 4.300000e+0 3.000000e+0
      vertex 1.794200e+2 7.700000e+0 3.000000e+0
    endloop
  endfacet
  facet normal 0.000000e+0 0.000000e+0 -1.000000e+0
    outer loop
      vertex 7.700000e+0 7.700000e+0 2.000000e-1
      vertex 1.794200e+2 7.700000e+0 2.000000e-1
      vertex 7.700000e+0 4.300000e+0 2.000000e-1
    endloop
  endfacet
  facet normal 0.000000e+0 0.000000e+0 1.000000e+0
    outer loop
      vertex 1.828200e+2 4.300000e+0 3.000000e+0
      vertex 0.000000e+0 0.000000e+0 3.000000e+0
      vertex 1.871200e+2 0.000000e+0 3.000000e+0
    endloop
  endfacet
  facet normal 0.000000e+0 0.000000e+0 -1.000000e+0
    outer loop
      vertex 1.828200e+2 4.300000e+0 2.000000e-1
      vertex 1.871200e+2 0.000000e+0 2.000000e-1
      vertex 0.000000e+0 0.000000e+0 2.000000e-1
    endloop
  endfacet
  facet normal 0.000000e+0 0.000000e+0 1.000000e+0
    outer loop
      vertex 0.000000e+0 1.786100e+2 3.000000e+0
      vertex 4.300000e+0 1.709100e+2 3.000000e+0
      vertex 4.300000e+0 1.743100e+2 3.000000e+0
    endloop
  endfacet
  facet normal 0.000000e+0 0.000000e+0 -1.000000e+0
    outer loop
      vertex 0.000000e+0 1.786100e+2 2.000000e-1
      vertex 4.300000e+0 1.743100e+2 2.000000e-1
      vertex 4.300000e+0 1.709100e+2 2.000000e-1
    endloop
  endfacet
  facet normal 0.000000e+0 0.000000e+0 1.000000e+0
    outer loop
      vertex 9.581000e+1 1.721100e+2 3.000000e+0
      vertex 7.700000e+0 1.709100e+2 3.000000e+0
      vertex 0.000000e+0 0.000000e+0 3.000000e+0
    endloop
  endfacet
  facet normal 0.000000e+0 0.000000e+0 -1.000000e+0
    outer loop
      vertex 9.581000e+1 1.721100e+2 2.000000e-1
      vertex 0.000000e+0 0.000000e+0 2.000000e-1
      vertex 7.700000e+0 1.709100e+2 2.000000e-1
    endloop
  endfacet
  facet normal 0.000000e+0 0.000000e+0 1.000000e+0
    outer loop
      vertex 5.786000e+1 2.303743e+1 3.000000e+0
      vertex 1.292600e+2 2.043743e+1 3.000000e+0
      vertex 1.292600e+2 2.303743e+1 3.000000e+0
    endloop
  endfacet
  facet normal 0.000000e+0 0.000000e+0 -1.000000e+0
    outer loop
      vertex 5.786000e+1 2.303743e+1 2.000000e-1
      vertex 1.292600e+2 2.303743e+1 2.000000e-1
      vertex 1.292600e+2 2.043743e+1 2.000000e-1
    endloop
  endfacet
  facet normal 0.000000e+0 0.000000e+0 1.000000e+0
    outer loop
      vertex 1.828200e+2 7.700000e+0 3.000000e+0
      vertex 1.828200e+2 4.300000e+0 3.000000e+0
      vertex 1.871200e+2 0.000000e+0 3.000000e+0
    endloop
  endfacet
  facet normal 0.000000e+0 0.000000e+0 -1.000000e+0
    outer loop
      vertex 1.828200e+2 7.700000e+0 2.000000e-1
      vertex 1.871200e+2 0.000000e+0 2.000000e-1
      vertex 1.828200e+2 4.300000e+0 2.000000e-1
    endloop
  endfacet
  facet normal 0.000000e+0 0.000000e+0 1.000000e+0
    outer loop
      vertex 0.000000e+0 1.786100e+2 3.000000e+0
      vertex 4.300000e+0 1.743100e+2 3.000000e+0
      vertex 7.700000e+0 1.743100e+2 3.000000e+0
    endloop
  endfacet
  facet normal 0.000000e+0 0.000000e+0 -1.000000e+0
    outer loop
      vertex 0.000000e+0 1.786100e+2 2.000000e-1
      vertex 7.700000e+0 1.743100e+2 2.000000e-1
      vertex 4.300000e+0 1.743100e+2 2.000000e-1
    endloop
  endfacet
  facet normal 0.000000e+0 0.000000e+0 1.000000e+0
    outer loop
      vertex 1.828200e+2 7.700000e+0 3.000000e+0
      vertex 1.871200e+2 0.000000e+0 3.000000e+0
      vertex 1.871200e+2 1.786100e+2 3.000000e+0
    endloop
  endfacet
  facet normal 0.000000e+0 0.000000e+0 -1.000000e+0
    outer loop
      vertex 1.828200e+2 7.700000e+0 2.000000e-1
      vertex 1.871200e+2 1.786100e+2 2.000000e-1
      vertex 1.871200e+2 0.000000e+0 2.000000e-1
    endloop
  endfacet
  facet normal 0.000000e+0 0.000000e+0 1.000000e+0
    outer loop
      vertex 1.794200e+2 7.700000e+0 3.000000e+0
      vertex 1.828200e+2 7.700000e+0 3.000000e+0
      vertex 1.871200e+2 1.786100e+2 3.000000e+0
    endloop
  endfacet
  facet normal 0.000000e+0 0.000000e+0 -1.000000e+0
    outer loop
      vertex 1.794200e+2 7.700000e+0 2.000000e-1
      vertex 1.871200e+2 1.786100e+2 2.000000e-1
      vertex 1.828200e+2 7.700000e+0 2.000000e-1
    endloop
  endfacet
  facet normal 0.000000e+0 0.000000e+0 1.000000e+0
    outer loop
      vertex 4.300000e+0 7.700000e+0 3.000000e+0
      vertex 1.791200e+2 2.361000e+1 3.000000e+0
      vertex 1.731200e+2 2.361000e+1 3.000000e+0
    endloop
  endfacet
  facet normal 0.000000e+0 0.000000e+0 -1.000000e+0
    outer loop
      vertex 4.300000e+0 7.700000e+0 2.000000e-1
      vertex 1.731200e+2 2.361000e+1 2.000000e-1
      vertex 1.791200e+2 2.361000e+1 2.000000e-1
    endloop
  endfacet
  facet normal 0.000000e+0 0.000000e+0 1.000000e+0
    outer loop
      vertex 1.731200e+2 2.361000e+1 3.000000e+0
      vertex 4.926000e+1 2.303743e+1 3.000000e+0
      vertex 1.378600e+2 2.303743e+1 3.000000e+0
    endloop
  endfacet
  facet normal 0.000000e+0 0.000000e+0 -1.000000e+0
    outer loop
      vertex 1.731200e+2 2.361000e+1 2.000000e-1
      vertex 1.378600e+2 2.303743e+1 2.000000e-1
      vertex 4.926000e+1 2.303743e+1 2.000000e-1
    endloop
  endfacet
  facet normal 0.000000e+0 0.000000e+0 1.000000e+0
    outer loop
      vertex 1.378600e+2 2.043743e+1 3.000000e+0
      vertex 4.926000e+1 2.043743e+1 3.000000e+0
      vertex 4.300000e+0 7.700000e+0 3.000000e+0
    endloop
  endfacet
  facet normal 0.000000e+0 0.000000e+0 -1.000000e+0
    outer loop
      vertex 1.378600e+2 2.043743e+1 2.000000e-1
      vertex 4.300000e+0 7.700000e+0 2.000000e-1
      vertex 4.926000e+1 2.043743e+1 2.000000e-1
    endloop
  endfacet
  facet normal 0.000000e+0 0.000000e+0 1.000000e+0
    outer loop
      vertex 1.731200e+2 2.361000e+1 3.000000e+0
      vertex 1.378600e+2 2.303743e+1 3.000000e+0
      vertex 1.378600e+2 2.043743e+1 3.000000e+0
    endloop
  endfacet
  facet normal 0.000000e+0 0.000000e+0 -1.000000e+0
    outer loop
      vertex 1.731200e+2 2.361000e+1 2.000000e-1
      vertex 1.378600e+2 2.043743e+1 2.000000e-1
      vertex 1.378600e+2 2.303743e+1 2.000000e-1
    endloop
  endfacet
  facet normal 0.000000e+0 0.000000e+0 1.000000e+0
    outer loop
      vertex 1.378600e+2 2.043743e+1 3.000000e+0
      vertex 4.300000e+0 7.700000e+0 3.000000e+0
      vertex 1.731200e+2 2.361000e+1 3.000000e+0
    endloop
  endfacet
  facet normal 0.000000e+0 0.000000e+0 -1.000000e+0
    outer loop
      vertex 1.378600e+2 2.043743e+1 2.000000e-1
      vertex 1.731200e+2 2.361000e+1 2.000000e-1
      vertex 4.300000e+0 7.700000e+0 2.000000e-1
    endloop
  endfacet
  facet normal 0.000000e+0 0.000000e+0 1.000000e+0
    outer loop
      vertex 8.906000e+1 1.631100e+2 3.000000e+0
      vertex 0.000000e+0 0.000000e+0 3.000000e+0
      vertex 4.300000e+0 7.700000e+0 3.000000e+0
    endloop
  endfacet
  facet normal 0.000000e+0 0.000000e+0 -1.000000e+0
    outer loop
      vertex 8.906000e+1 1.631100e+2 2.000000e-1
      vertex 4.300000e+0 7.700000e+0 2.000000e-1
      vertex 0.000000e+0 0.000000e+0 2.000000e-1
    endloop
  endfacet
  facet normal 0.000000e+0 0.000000e+0 1.000000e+0
    outer loop
      vertex 1.328600e+2 1.555726e+2 3.000000e+0
      vertex 1.242600e+2 1.555726e+2 3.000000e+0
      vertex 4.300000e+0 7.700000e+0 3.000000e+0
    endloop
  endfacet
  facet normal 0.000000e+0 0.000000e+0 -1.000000e+0
    outer loop
      vertex 1.328600e+2 1.555726e+2 2.000000e-1
      vertex 4.300000e+0 7.700000e+0 2.000000e-1
      vertex 1.242600e+2 1.555726e+2 2.000000e-1
    endloop
  endfacet
  facet normal 0.000000e+0 0.000000e+0 1.000000e+0
    outer loop
      vertex 4.300000e+0 7.700000e+0 3.000000e+0
      vertex 4.926000e+1 2.043743e+1 3.000000e+0
      vertex 4.926000e+1 2.303743e+1 3.000000e+0
    endloop
  endfacet
  facet normal 0.000000e+0 0.000000e+0 -1.000000e+0
    outer loop
      vertex 4.300000e+0 7.700000e+0 2.000000e-1
      vertex 4.926000e+1 2.303743e+1 2.000000e-1
      vertex 4.926000e+1 2.043743e+1 2.000000e-1
    endloop
  endfacet
  facet normal 0.000000e+0 0.000000e+0 1.000000e+0
    outer loop
      vertex 1.791200e+2 2.361000e+1 3.000000e+0
      vertex 4.300000e+0 7.700000e+0 3.000000e+0
      vertex 1.794200e+2 7.700000e+0 3.000000e+0
    endloop
  endfacet
  facet normal 0.000000e+0 0.000000e+0 -1.000000e+0
    outer loop
      vertex 1.791200e+2 2.361000e+1 2.000000e-1
      vertex 1.794200e+2 7.700000e+0 2.000000e-1
      vertex 4.300000e+0 7.700000e+0 2.000000e-1
    endloop
  endfacet
  facet normal 0.000000e+0 0.000000e+0 1.000000e+0
    outer loop
      vertex 9.806000e+1 1.631100e+2 3.000000e+0
      vertex 8.906000e+1 1.631100e+2 3.000000e+0
      vertex 4.300000e+0 7.700000e+0 3.000000e+0
    endloop
  endfacet
  facet normal 0.000000e+0 0.000000e+0 -1.000000e+0
    outer loop
      vertex 9.806000e+1 1.631100e+2 2.000000e-1
      vertex 4.300000e+0 7.700000e+0 2.000000e-1
      vertex 8.906000e+1 1.631100e+2 2.000000e-1
    endloop
  endfacet
  facet normal 0.000000e+0 0.000000e+0 1.000000e+0
    outer loop
      vertex 1.328600e+2 1.555726e+2 3.000000e+0
      vertex 4.300000e+0 7.700000e+0 3.000000e+0
      vertex 4.926000e+1 2.303743e+1 3.000000e+0
    endloop
  endfacet
  facet normal 0.000000e+0 0.000000e+0 -1.000000e+0
    outer loop
      vertex 1.328600e+2 1.555726e+2 2.000000e-1
      vertex 4.926000e+1 2.303743e+1 2.000000e-1
      vertex 4.300000e+0 7.700000e+0 2.000000e-1
    endloop
  endfacet
  facet normal 0.000000e+0 0.000000e+0 1.000000e+0
    outer loop
      vertex 1.791200e+2 2.961000e+1 3.000000e+0
      vertex 1.791200e+2 2.361000e+1 3.000000e+0
      vertex 1.794200e+2 7.700000e+0 3.000000e+0
    endloop
  endfacet
  facet normal 0.000000e+0 0.000000e+0 -1.000000e+0
    outer loop
      vertex 1.791200e+2 2.961000e+1 2.000000e-1
      vertex 1.794200e+2 7.700000e+0 2.000000e-1
      vertex 1.791200e+2 2.361000e+1 2.000000e-1
    endloop
  endfacet
  facet normal 0.000000e+0 0.000000e+0 1.000000e+0
    outer loop
      vertex 9.806000e+1 1.631100e+2 3.000000e+0
      vertex 4.300000e+0 7.700000e+0 3.000000e+0
      vertex 1.242600e+2 1.581726e+2 3.000000e+0
    endloop
  endfacet
  facet normal 0.000000e+0 0.000000e+0 -1.000000e+0
    outer loop
      vertex 9.806000e+1 1.631100e+2 2.000000e-1
      vertex 1.242600e+2 1.581726e+2 2.000000e-1
      vertex 4.300000e+0 7.700000e+0 2.000000e-1
    endloop
  endfacet
  facet normal 0.000000e+0 0.000000e+0 1.000000e+0
    outer loop
      vertex 1.328600e+2 1.555726e+2 3.000000e+0
      vertex 4.926000e+1 2.303743e+1 3.000000e+0
      vertex 1.731200e+2 2.961000e+1 3.000000e+0
    endloop
  endfacet
  facet normal 0.000000e+0 0.000000e+0 -1.000000e+0
    outer loop
      vertex 1.328600e+2 1.555726e+2 2.000000e-1
      vertex 1.731200e+2 2.961000e+1 2.000000e-1
      vertex 4.926000e+1 2.303743e+1 2.000000e-1
    endloop
  endfacet
  facet normal 0.000000e+0 0.000000e+0 1.000000e+0
    outer loop
      vertex 1.791200e+2 2.961000e+1 3.000000e+0
      vertex 1.794200e+2 7.700000e+0 3.000000e+0
      vertex 1.828200e+2 1.709100e+2 3.000000e+0
    endloop
  endfacet
  facet normal 0.000000e+0 0.000000e+0 -1.000000e+0
    outer loop
      vertex 1.791200e+2 2.961000e+1 2.000000e-1
      vertex 1.828200e+2 1.709100e+2 2.000000e-1
      vertex 1.794200e+2 7.700000e+0 2.000000e-1
    endloop
  endfacet
  facet normal 0.000000e+0 0.000000e+0 1.000000e+0
    outer loop
      vertex 1.828200e+2 1.709100e+2 3.000000e+0
      vertex 9.806000e+1 1.631100e+2 3.000000e+0
      vertex 1.242600e+2 1.581726e+2 3.000000e+0
    endloop
  endfacet
  facet normal 0.000000e+0 0.000000e+0 -1.000000e+0
    outer loop
      vertex 1.828200e+2 1.709100e+2 2.000000e-1
      vertex 1.242600e+2 1.581726e+2 2.000000e-1
      vertex 9.806000e+1 1.631100e+2 2.000000e-1
    endloop
  endfacet
  facet normal 0.000000e+0 0.000000e+0 1.000000e+0
    outer loop
      vertex 1.328600e+2 1.581726e+2 3.000000e+0
      vertex 1.328600e+2 1.555726e+2 3.000000e+0
      vertex 1.731200e+2 2.961000e+1 3.000000e+0
    endloop
  endfacet
  facet normal 0.000000e+0 0.000000e+0 -1.000000e+0
    outer loop
      vertex 1.328600e+2 1.581726e+2 2.000000e-1
      vertex 1.731200e+2 2.961000e+1 2.000000e-1
      vertex 1.328600e+2 1.555726e+2 2.000000e-1
    endloop
  endfacet
  facet normal 0.000000e+0 0.000000e+0 1.000000e+0
    outer loop
      vertex 1.731200e+2 2.961000e+1 3.000000e+0
      vertex 1.791200e+2 2.961000e+1 3.000000e+0
      vertex 1.828200e+2 1.709100e+2 3.000000e+0
    endloop
  endfacet
  facet normal 0.000000e+0 0.000000e+0 -1.000000e+0
    outer loop
      vertex 1.731200e+2 2.961000e+1 2.000000e-1
      vertex 1.828200e+2 1.709100e+2 2.000000e-1
      vertex 1.791200e+2 2.961000e+1 2.000000e-1
    endloop
  endfacet
  facet normal 0.000000e+0 0.000000e+0 1.000000e+0
    outer loop
      vertex 1.828200e+2 1.709100e+2 3.000000e+0
      vertex 1.242600e+2 1.581726e+2 3.000000e+0
      vertex 1.328600e+2 1.581726e+2 3.000000e+0
    endloop
  endfacet
  facet normal 0.000000e+0 0.000000e+0 -1.000000e+0
    outer loop
      vertex 1.828200e+2 1.709100e+2 2.000000e-1
      vertex 1.328600e+2 1.581726e+2 2.000000e-1
      vertex 1.242600e+2 1.581726e+2 2.000000e-1
    endloop
  endfacet
  facet normal 0.000000e+0 0.000000e+0 1.000000e+0
    outer loop
      vertex 1.328600e+2 1.581726e+2 3.000000e+0
      vertex 1.731200e+2 2.961000e+1 3.000000e+0
      vertex 1.828200e+2 1.709100e+2 3.000000e+0
    endloop
  endfacet
  facet normal 0.000000e+0 0.000000e+0 -1.000000e+0
    outer loop
      vertex 1.328600e+2 1.581726e+2 2.000000e-1
      vertex 1.828200e+2 1.709100e+2 2.000000e-1
      vertex 1.731200e+2 2.961000e+1 2.000000e-1
    endloop
  endfacet
  facet normal 0.000000e+0 0.000000e+0 1.000000e+0
    outer loop
      vertex 1.828200e+2 1.709100e+2 3.000000e+0
      vertex 1.794200e+2 7.700000e+0 3.000000e+0
      vertex 1.871200e+2 1.786100e+2 3.000000e+0
    endloop
  endfacet
  facet normal 0.000000e+0 0.000000e+0 -1.000000e+0
    outer loop
      vertex 1.828200e+2 1.709100e+2 2.000000e-1
      vertex 1.871200e+2 1.786100e+2 2.000000e-1
      vertex 1.794200e+2 7.700000e+0 2.000000e-1
    endloop
  endfacet
  facet normal 0.000000e+0 0.000000e+0 1.000000e+0
    outer loop
      vertex 9.806000e+1 1.721100e+2 3.000000e+0
      vertex 9.806000e+1 1.631100e+2 3.000000e+0
      vertex 1.794200e+2 1.709100e+2 3.000000e+0
    endloop
  endfacet
  facet normal 0.000000e+0 0.000000e+0 -1.000000e+0
    outer loop
      vertex 9.806000e+1 1.721100e+2 2.000000e-1
      vertex 1.794200e+2 1.709100e+2 2.000000e-1
      vertex 9.806000e+1 1.631100e+2 2.000000e-1
    endloop
  endfacet
  facet normal 0.000000e+0 0.000000e+0 1.000000e+0
    outer loop
      vertex 1.828200e+2 1.743100e+2 3.000000e+0
      vertex 1.828200e+2 1.709100e+2 3.000000e+0
      vertex 1.871200e+2 1.786100e+2 3.000000e+0
    endloop
  endfacet
  facet normal 0.000000e+0 0.000000e+0 -1.000000e+0
    outer loop
      vertex 1.828200e+2 1.743100e+2 2.000000e-1
      vertex 1.871200e+2 1.786100e+2 2.000000e-1
      vertex 1.828200e+2 1.709100e+2 2.000000e-1
    endloop
  endfacet
  facet normal 0.000000e+0 0.000000e+0 1.000000e+0
    outer loop
      vertex 9.806000e+1 1.721100e+2 3.000000e+0
      vertex 1.794200e+2 1.709100e+2 3.000000e+0
      vertex 1.794200e+2 1.743100e+2 3.000000e+0
    endloop
  endfacet
  facet normal 0.000000e+0 0.000000e+0 -1.000000e+0
    outer loop
      vertex 9.806000e+1 1.721100e+2 2.000000e-1
      vertex 1.794200e+2 1.743100e+2 2.000000e-1
      vertex 1.794200e+2 1.709100e+2 2.000000e-1
    endloop
  endfacet
  facet normal 0.000000e+0 0.000000e+0 1.000000e+0
    outer loop
      vertex 1.794200e+2 1.743100e+2 3.000000e+0
      vertex 1.828200e+2 1.743100e+2 3.000000e+0
      vertex 1.871200e+2 1.786100e+2 3.000000e+0
    endloop
  endfacet
  facet normal 0.000000e+0 0.000000e+0 -1.000000e+0
    outer loop
      vertex 1.794200e+2 1.743100e+2 2.000000e-1
      vertex 1.871200e+2 1.786100e+2 2.000000e-1
      vertex 1.828200e+2 1.743100e+2 2.000000e-1
    endloop
  endfacet
  facet normal 0.000000e+0 0.000000e+0 1.000000e+0
    outer loop
      vertex 9.806000e+1 1.721100e+2 3.000000e+0
      vertex 1.794200e+2 1.743100e+2 3.000000e+0
      vertex 1.871200e+2 1.786100e+2 3.000000e+0
    endloop
  endfacet
  facet normal 0.000000e+0 0.000000e+0 -1.000000e+0
    outer loop
      vertex 9.806000e+1 1.721100e+2 2.000000e-1
      vertex 1.871200e+2 1.786100e+2 2.000000e-1
      vertex 1.794200e+2 1.743100e+2 2.000000e-1
    endloop
  endfacet
  facet normal 0.000000e+0 0.000000e+0 1.000000e+0
    outer loop
      vertex 9.581000e+1 1.721100e+2 3.000000e+0
      vertex 0.000000e+0 0.000000e+0 3.000000e+0
      vertex 9.806000e+1 1.721100e+2 3.000000e+0
    endloop
  endfacet
  facet normal 0.000000e+0 0.000000e+0 -1.000000e+0
    outer loop
      vertex 9.581000e+1 1.721100e+2 2.000000e-1
      vertex 9.806000e+1 1.721100e+2 2.000000e-1
      vertex 0.000000e+0 0.000000e+0 2.000000e-1
    endloop
  endfacet
  facet normal 0.000000e+0 0.000000e+0 1.000000e+0
    outer loop
      vertex 9.581000e+1 1.721100e+2 3.000000e+0
      vertex 9.806000e+1 1.721100e+2 3.000000e+0
      vertex 1.871200e+2 1.786100e+2 3.000000e+0
    endloop
  endfacet
  facet normal 0.000000e+0 0.000000e+0 -1.000000e+0
    outer loop
      vertex 9.581000e+1 1.721100e+2 2.000000e-1
      vertex 1.871200e+2 1.786100e+2 2.000000e-1
      vertex 9.806000e+1 1.721100e+2 2.000000e-1
    endloop
  endfacet
  facet normal 0.000000e+0 0.000000e+0 1.000000e+0
    outer loop
      vertex 7.700000e+0 1.743100e+2 3.000000e+0
      vertex 7.700000e+0 1.709100e+2 3.000000e+0
      vertex 9.131000e+1 1.721100e+2 3.000000e+0
    endloop
  endfacet
  facet normal 0.000000e+0 0.000000e+0 -1.000000e+0
    outer loop
      vertex 7.700000e+0 1.743100e+2 2.000000e-1
      vertex 9.131000e+1 1.721100e+2 2.000000e-1
      vertex 7.700000e+0 1.709100e+2 2.000000e-1
    endloop
  endfacet
  facet normal 0.000000e+0 0.000000e+0 1.000000e+0
    outer loop
      vertex 9.581000e+1 1.766100e+2 3.000000e+0
      vertex 9.581000e+1 1.721100e+2 3.000000e+0
      vertex 1.871200e+2 1.786100e+2 3.000000e+0
    endloop
  endfacet
  facet normal 0.000000e+0 0.000000e+0 -1.000000e+0
    outer loop
      vertex 9.581000e+1 1.766100e+2 2.000000e-1
      vertex 1.871200e+2 1.786100e+2 2.000000e-1
      vertex 9.581000e+1 1.721100e+2 2.000000e-1
    endloop
  endfacet
  facet normal 0.000000e+0 0.000000e+0 1.000000e+0
    outer loop
      vertex 0.000000e+0 1.786100e+2 3.000000e+0
      vertex 7.700000e+0 1.743100e+2 3.000000e+0
      vertex 9.131000e+1 1.721100e+2 3.000000e+0
    endloop
  endfacet
  facet normal 0.000000e+0 0.000000e+0 -1.000000e+0
    outer loop
      vertex 0.000000e+0 1.786100e+2 2.000000e-1
      vertex 9.131000e+1 1.721100e+2 2.000000e-1
      vertex 7.700000e+0 1.743100e+2 2.000000e-1
    endloop
  endfacet
  facet normal 0.000000e+0 0.000000e+0 1.000000e+0
    outer loop
      vertex 9.131000e+1 1.766100e+2 3.000000e+0
      vertex 9.581000e+1 1.766100e+2 3.000000e+0
      vertex 1.871200e+2 1.786100e+2 3.000000e+0
    endloop
  endfacet
  facet normal 0.000000e+0 0.000000e+0 -1.000000e+0
    outer loop
      vertex 9.131000e+1 1.766100e+2 2.000000e-1
      vertex 1.871200e+2 1.786100e+2 2.000000e-1
      vertex 9.581000e+1 1.766100e+2 2.000000e-1
    endloop
  endfacet
  facet normal 0.000000e+0 0.000000e+0 1.000000e+0
    outer loop
      vertex 0.000000e+0 1.786100e+2 3.000000e+0
      vertex 9.131000e+1 1.721100e+2 3.000000e+0
      vertex 9.131000e+1 1.766100e+2 3.000000e+0
    endloop
  endfacet
  facet normal 0.000000e+0 0.000000e+0 -1.000000e+0
    outer loop
      vertex 0.000000e+0 1.786100e+2 2.000000e-1
      vertex 9.131000e+1 1.766100e+2 2.000000e-1
      vertex 9.131000e+1 1.721100e+2 2.000000e-1
    endloop
  endfacet
  facet normal 0.000000e+0 0.000000e+0 1.000000e+0
    outer loop
      vertex 9.131000e+1 1.766100e+2 3.000000e+0
      vertex 1.871200e+2 1.786100e+2 3.000000e+0
      vertex 0.000000e+0 1.786100e+2 3.000000e+0
    endloop
  endfacet
  facet normal 0.000000e+0 0.000000e+0 -1.000000e+0
    outer loop
      vertex 9.131000e+1 1.766100e+2 2.000000e-1
      vertex 0.000000e+0 1.786100e+2 2.000000e-1
      vertex 1.871200e+2 1.786100e+2 2.000000e-1
    endloop
  endfacet
  facet normal 0.000000e+0 1.000000e+0 0.000000e+0
    outer loop
      vertex 1.871200e+2 1.786100e+2 2.000000e-1
      vertex 0.000000e+0 1.786100e+2 2.000000e-1
      vertex 0.000000e+0 1.786100e+2 3.000000e+0
    endloop
  endfacet
  facet normal 0.000000e+0 1.000000e+0 0.000000e+0
    outer loop
      vertex 1.871200e+2 1.786100e+2 2.000000e-1
      vertex 0.000000e+0 1.786100e+2 3.000000e+0
      vertex 1.871200e+2 1.786100e+2 3.000000e+0
    endloop
  endfacet
  facet normal -1.000000e+0 0.000000e+0 0.000000e+0
    outer loop
      vertex 0.000000e+0 1.786100e+2 2.000000e-1
      vertex 0.000000e+0 0.000000e+0 2.000000e-1
      vertex 0.000000e+0 0.000000e+0 3.000000e+0
    endloop
  endfacet
  facet normal -1.000000e+0 0.000000e+0 0.000000e+0
    outer loop
      vertex 0.000000e+0 1.786100e+2 2.000000e-1
      vertex 0.000000e+0 0.000000e+0 3.000000e+0
      vertex 0.000000e+0 1.786100e+2 3.000000e+0
    endloop
  endfacet
  facet normal 0.000000e+0 -1.000000e+0 0.000000e+0
    outer loop
      vertex 0.000000e+0 0.000000e+0 2.000000e-1
      vertex 1.871200e+2 0.000000e+0 2.000000e-1
      vertex 1.871200e+2 0.000000e+0 3.000000e+0
    endloop
  endfacet
  facet normal 0.000000e+0 -1.000000e+0 0.000000e+0
    outer loop
      vertex 0.000000e+0 0.000000e+0 2.000000e-1
      vertex 1.871200e+2 0.000000e+0 3.000000e+0
      vertex 0.000000e+0 0.000000e+0 3.000000e+0
    endloop
  endfacet
  facet normal 1.000000e+0 0.000000e+0 0.000000e+0
    outer loop
      vertex 1.871200e+2 0.000000e+0 2.000000e-1
      vertex 1.871200e+2 1.786100e+2 2.000000e-1
      vertex 1.871200e+2 1.786100e+2 3.000000e+0
    endloop
  endfacet
  facet normal 1.000000e+0 0.000000e+0 0.000000e+0
    outer loop
      vertex 1.871200e+2 0.000000e+0 2.000000e-1
      vertex 1.871200e+2 1.786100e+2 3.000000e+0
      vertex 1.871200e+2 0.000000e+0 3.000000e+0
    endloop
  endfacet
  facet normal 0.000000e+0 1.000000e+0 0.000000e+0
    outer loop
      vertex 1.828200e+2 1.709100e+2 2.000000e-1
      vertex 1.794200e+2 1.709100e+2 2.000000e-1
      vertex 1.794200e+2 1.709100e+2 3.000000e+0
    endloop
  endfacet
  facet normal 0.000000e+0 1.000000e+0 0.000000e+0
    outer loop
      vertex 1.828200e+2 1.709100e+2 2.000000e-1
      vertex 1.794200e+2 1.709100e+2 3.000000e+0
      vertex 1.828200e+2 1.709100e+2 3.000000e+0
    endloop
  endfacet
  facet normal 1.000000e+0 0.000000e+0 0.000000e+0
    outer loop
      vertex 1.794200e+2 1.709100e+2 2.000000e-1
      vertex 1.794200e+2 1.743100e+2 2.000000e-1
      vertex 1.794200e+2 1.743100e+2 3.000000e+0
    endloop
  endfacet
  facet normal 1.000000e+0 0.000000e+0 0.000000e+0
    outer loop
      vertex 1.794200e+2 1.709100e+2 2.000000e-1
      vertex 1.794200e+2 1.743100e+2 3.000000e+0
      vertex 1.794200e+2 1.709100e+2 3.000000e+0
    endloop
  endfacet
  facet normal 0.000000e+0 -1.000000e+0 0.000000e+0
    outer loop
      vertex 1.794200e+2 1.743100e+2 2.000000e-1
      vertex 1.828200e+2 1.743100e+2 2.000000e-1
      vertex 1.828200e+2 1.743100e+2 3.000000e+0
    endloop
  endfacet
  facet normal 0.000000e+0 -1.000000e+0 0.000000e+0
    outer loop
      vertex 1.794200e+2 1.743100e+2 2.000000e-1
      vertex 1.828200e+2 1.743100e+2 3.000000e+0
      vertex 1.794200e+2 1.743100e+2 3.000000e+0
    endloop
  endfacet
  facet normal -1.000000e+0 0.000000e+0 0.000000e+0
    outer loop
      vertex 1.828200e+2 1.743100e+2 2.000000e-1
      vertex 1.828200e+2 1.709100e+2 2.000000e-1
      vertex 1.828200e+2 1.709100e+2 3.000000e+0
    endloop
  endfacet
  facet normal -1.000000e+0 0.000000e+0 0.000000e+0
    outer loop
      vertex 1.828200e+2 1.743100e+2 2.000000e-1
      vertex 1.828200e+2 1.709100e+2 3.000000e+0
      vertex 1.828200e+2 1.743100e+2 3.000000e+0
    endloop
  endfacet
  facet normal 0.000000e+0 1.000000e+0 0.000000e+0
    outer loop
      vertex 7.700000e+0 1.709100e+2 2.000000e-1
      vertex 4.300000e+0 1.709100e+2 2.000000e-1
      vertex 4.300000e+0 1.709100e+2 3.000000e+0
    endloop
  endfacet
  facet normal 0.000000e+0 1.000000e+0 0.000000e+0
    outer loop
      vertex 7.700000e+0 1.709100e+2 2.000000e-1
      vertex 4.300000e+0 1.709100e+2 3.000000e+0
      vertex 7.700000e+0 1.709100e+2 3.000000e+0
    endloop
  endfacet
  facet normal 1.000000e+0 0.000000e+0 0.000000e+0
    outer loop
      vertex 4.300000e+0 1.709100e+2 2.000000e-1
      vertex 4.300000e+0 1.743100e+2 2.000000e-1
      vertex 4.300000e+0 1.743100e+2 3.000000e+0
    endloop
  endfacet
  facet normal 1.000000e+0 0.000000e+0 0.000000e+0
    outer loop
      vertex 4.300000e+0 1.709100e+2 2.000000e-1
      vertex 4.300000e+0 1.743100e+2 3.000000e+0
      vertex 4.300000e+0 1.709100e+2 3.000000e+0
    endloop
  endfacet
  facet normal 0.000000e+0 -1.000000e+0 0.000000e+0
    outer loop
      vertex 4.300000e+0 1.743100e+2 2.000000e-1
      vertex 7.700000e+0 1.743100e+2 2.000000e-1
      vertex 7.700000e+0 1.743100e+2 3.000000e+0
    endloop
  endfacet
  facet normal 0.000000e+0 -1.000000e+0 0.000000e+0
    outer loop
      vertex 4.300000e+0 1.743100e+2 2.000000e-1
      vertex 7.700000e+0 1.743100e+2 3.000000e+0
      vertex 4.300000e+0 1.743100e+2 3.000000e+0
    endloop
  endfacet
  facet normal -1.000000e+0 0.000000e+0 0.000000e+0
    outer loop
      vertex 7.700000e+0 1.743100e+2 2.000000e-1
      vertex 7.700000e+0 1.709100e+2 2.000000e-1
      vertex 7.700000e+0 1.709100e+2 3.000000e+0
    endloop
  endfacet
  facet normal -1.000000e+0 0.000000e+0 0.000000e+0
    outer loop
      vertex 7.700000e+0 1.743100e+2 2.000000e-1
      vertex 7.700000e+0 1.709100e+2 3.000000e+0
      vertex 7.700000e+0 1.743100e+2 3.000000e+0
    endloop
  endfacet
  facet normal 0.000000e+0 1.000000e+0 0.000000e+0
    outer loop
      vertex 1.828200e+2 4.300000e+0 2.000000e-1
      vertex 1.794200e+2 4.300000e+0 2.000000e-1
      vertex 1.794200e+2 4.300000e+0 3.000000e+0
    endloop
  endfacet
  facet normal 0.000000e+0 1.000000e+0 0.000000e+0
    outer loop
      vertex 1.828200e+2 4.300000e+0 2.000000e-1
      vertex 1.794200e+2 4.300000e+0 3.000000e+0
      vertex 1.828200e+2 4.300000e+0 3.000000e+0
    endloop
  endfacet
  facet normal 1.000000e+0 0.000000e+0 0.000000e+0
    outer loop
      vertex 1.794200e+2 4.300000e+0 2.000000e-1
      vertex 1.794200e+2 7.700000e+0 2.000000e-1
      vertex 1.794200e+2 7.700000e+0 3.000000e+0
    endloop
  endfacet
  facet normal 1.000000e+0 0.000000e+0 0.000000e+0
    outer loop
      vertex 1.794200e+2 4.300000e+0 2.000000e-1
      vertex 1.794200e+2 7.700000e+0 3.000000e+0
      vertex 1.794200e+2 4.300000e+0 3.000000e+0
    endloop
  endfacet
  facet normal 0.000000e+0 -1.000000e+0 0.000000e+0
    outer loop
      vertex 1.794200e+2 7.700000e+0 2.000000e-1
      vertex 1.828200e+2 7.700000e+0 2.000000e-1
      vertex 1.828200e+2 7.700000e+0 3.000000e+0
    endloop
  endfacet
  facet normal 0.000000e+0 -1.000000e+0 0.000000e+0
    outer loop
      vertex 1.794200e+2 7.700000e+0 2.000000e-1
      vertex 1.828200e+2 7.700000e+0 3.000000e+0
      vertex 1.794200e+2 7.700000e+0 3.000000e+0
    endloop
  endfacet
  facet normal -1.000000e+0 0.000000e+0 0.000000e+0
    outer loop
      vertex 1.828200e+2 7.700000e+0 2.000000e-1
      vertex 1.828200e+2 4.300000e+0 2.000000e-1
      vertex 1.828200e+2 4.300000e+0 3.000000e+0
    endloop
  endfacet
  facet normal -1.000000e+0 0.000000e+0 0.000000e+0
    outer loop
      vertex 1.828200e+2 7.700000e+0 2.000000e-1
      vertex 1.828200e+2 4.300000e+0 3.000000e+0
      vertex 1.828200e+2 7.700000e+0 3.000000e+0
    endloop
  endfacet
  facet normal 0.000000e+0 1.000000e+0 0.000000e+0
    outer loop
      vertex 7.700000e+0 4.300000e+0 2.000000e-1
      vertex 4.300000e+0 4.300000e+0 2.000000e-1
      vertex 4.300000e+0 4.300000e+0 3.000000e+0
    endloop
  endfacet
  facet normal 0.000000e+0 1.000000e+0 0.000000e+0
    outer loop
      vertex 7.700000e+0 4.300000e+0 2.000000e-1
      vertex 4.300000e+0 4.300000e+0 3.000000e+0
      vertex 7.700000e+0 4.300000e+0 3.000000e+0
    endloop
  endfacet
  facet normal 1.000000e+0 0.000000e+0 0.000000e+0
    outer loop
      vertex 4.300000e+0 4.300000e+0 2.000000e-1
      vertex 4.300000e+0 7.700000e+0 2.000000e-1
      vertex 4.300000e+0 7.700000e+0 3.000000e+0
    endloop
  endfacet
  facet normal 1.000000e+0 0.000000e+0 0.000000e+0
    outer loop
      vertex 4.300000e+0 4.300000e+0 2.000000e-1
      vertex 4.300000e+0 7.700000e+0 3.000000e+0
      vertex 4.300000e+0 4.300000e+0 3.000000e+0
    endloop
  endfacet
  facet normal 0.000000e+0 -1.000000e+0 0.000000e+0
    outer loop
      vertex 4.300000e+0 7.700000e+0 2.000000e-1
      vertex 7.700000e+0 7.700000e+0 2.000000e-1
      vertex 7.700000e+0 7.700000e+0 3.000000e+0
    endloop
  endfacet
  facet normal 0.000000e+0 -1.000000e+0 0.000000e+0
    outer loop
      vertex 4.300000e+0 7.700000e+0 2.000000e-1
      vertex 7.700000e+0 7.700000e+0 3.000000e+0
      vertex 4.300000e+0 7.700000e+0 3.000000e+0
    endloop
  endfacet
  facet normal -1.000000e+0 0.000000e+0 0.000000e+0
    outer loop
      vertex 7.700000e+0 7.700000e+0 2.000000e-1
      vertex 7.700000e+0 4.300000e+0 2.000000e-1
      vertex 7.700000e+0 4.300000e+0 3.000000e+0
    endloop
  endfacet
  facet normal -1.000000e+0 0.000000e+0 0.000000e+0
    outer loop
      vertex 7.700000e+0 7.700000e+0 2.000000e-1
      vertex 7.700000e+0 4.300000e+0 3.000000e+0
      vertex 7.700000e+0 7.700000e+0 3.000000e+0
    endloop
  endfacet
  facet normal 0.000000e+0 1.000000e+0 0.000000e+0
    outer loop
      vertex 9.806000e+1 1.631100e+2 2.000000e-1
      vertex 8.906000e+1 1.631100e+2 2.000000e-1
      vertex 8.906000e+1 1.631100e+2 3.000000e+0
    endloop
  endfacet
  facet normal 0.000000e+0 1.000000e+0 0.000000e+0
    outer loop
      vertex 9.806000e+1 1.631100e+2 2.000000e-1
      vertex 8.906000e+1 1.631100e+2 3.000000e+0
      vertex 9.806000e+1 1.631100e+2 3.000000e+0
    endloop
  endfacet
  facet normal 1.000000e+0 0.000000e+0 0.000000e+0
    outer loop
      vertex 8.906000e+1 1.631100e+2 2.000000e-1
      vertex 8.906000e+1 1.721100e+2 2.000000e-1
      vertex 8.906000e+1 1.721100e+2 3.000000e+0
    endloop
  endfacet
  facet normal 1.000000e+0 0.000000e+0 0.000000e+0
    outer loop
      vertex 8.906000e+1 1.631100e+2 2.000000e-1
      vertex 8.906000e+1 1.721100e+2 3.000000e+0
      vertex 8.906000e+1 1.631100e+2 3.000000e+0
    endloop
  endfacet
  facet normal 0.000000e+0 -1.000000e+0 0.000000e+0
    outer loop
      vertex 8.906000e+1 1.721100e+2 2.000000e-1
      vertex 9.806000e+1 1.721100e+2 2.000000e-1
      vertex 9.806000e+1 1.721100e+2 3.000000e+0
    endloop
  endfacet
  facet normal 0.000000e+0 -1.000000e+0 0.000000e+0
    outer loop
      vertex 8.906000e+1 1.721100e+2 2.000000e-1
      vertex 9.806000e+1 1.721100e+2 3.000000e+0
      vertex 8.906000e+1 1.721100e+2 3.000000e+0
    endloop
  endfacet
  facet normal -1.000000e+0 0.000000e+0 0.000000e+0
    outer loop
      vertex 9.806000e+1 1.721100e+2 2.000000e-1
      vertex 9.806000e+1 1.631100e+2 2.000000e-1
      vertex 9.806000e+1 1.631100e+2 3.000000e+0
    endloop
  endfacet
  facet normal -1.000000e+0 0.000000e+0 0.000000e+0
    outer loop
      vertex 9.806000e+1 1.721100e+2 2.000000e-1
      vertex 9.806000e+1 1.631100e+2 3.000000e+0
      vertex 9.806000e+1 1.721100e+2 3.000000e+0
    endloop
  endfacet
  facet normal 0.000000e+0 1.000000e+0 0.000000e+0
    outer loop
      vertex 9.581000e+1 1.721100e+2 2.000000e-1
      vertex 9.131000e+1 1.721100e+2 2.000000e-1
      vertex 9.131000e+1 1.721100e+2 3.000000e+0
    endloop
  endfacet
  facet normal 0.000000e+0 1.000000e+0 0.000000e+0
    outer loop
      vertex 9.581000e+1 1.721100e+2 2.000000e-1
      vertex 9.131000e+1 1.721100e+2 3.000000e+0
      vertex 9.581000e+1 1.721100e+2 3.000000e+0
    endloop
  endfacet
  facet normal 1.000000e+0 0.000000e+0 0.000000e+0
    outer loop
      vertex 9.131000e+1 1.721100e+2 2.000000e-1
      vertex 9.131000e+1 1.766100e+2 2.000000e-1
      vertex 9.131000e+1 1.766100e+2 3.000000e+0
    endloop
  endfacet
  facet normal 1.000000e+0 0.000000e+0 0.000000e+0
    outer loop
      vertex 9.131000e+1 1.721100e+2 2.000000e-1
      vertex 9.131000e+1 1.766100e+2 3.000000e+0
      vertex 9.131000e+1 1.721100e+2 3.000000e+0
    endloop
  endfacet
  facet normal 0.000000e+0 -1.000000e+0 0.000000e+0
    outer loop
      vertex 9.131000e+1 1.766100e+2 2.000000e-1
      vertex 9.581000e+1 1.766100e+2 2.000000e-1
      vertex 9.581000e+1 1.766100e+2 3.000000e+0
    endloop
  endfacet
  facet normal 0.000000e+0 -1.000000e+0 0.000000e+0
    outer loop
      vertex 9.131000e+1 1.766100e+2 2.000000e-1
      vertex 9.581000e+1 1.766100e+2 3.000000e+0
      vertex 9.131000e+1 1.766100e+2 3.000000e+0
    endloop
  endfacet
  facet normal -1.000000e+0 0.000000e+0 0.000000e+0
    outer loop
      vertex 9.581000e+1 1.766100e+2 2.000000e-1
      vertex 9.581000e+1 1.721100e+2 2.000000e-1
      vertex 9.581000e+1 1.721100e+2 3.000000e+0
    endloop
  endfacet
  facet normal -1.000000e+0 0.000000e+0 0.000000e+0
    outer loop
      vertex 9.581000e+1 1.766100e+2 2.000000e-1
      vertex 9.581000e+1 1.721100e+2 3.000000e+0
      vertex 9.581000e+1 1.766100e+2 3.000000e+0
    endloop
  endfacet
  facet normal 0.000000e+0 1.000000e+0 0.000000e+0
    outer loop
      vertex 1.791200e+2 2.361000e+1 2.000000e-1
      vertex 1.731200e+2 2.361000e+1 2.000000e-1
      vertex 1.731200e+2 2.361000e+1 3.000000e+0
    endloop
  endfacet
  facet normal 0.000000e+0 1.000000e+0 0.000000e+0
    outer loop
      vertex 1.791200e+2 2.361000e+1 2.000000e-1
      vertex 1.731200e+2 2.361000e+1 3.000000e+0
      vertex 1.791200e+2 2.361000e+1 3.000000e+0
    endloop
  endfacet
  facet normal 1.000000e+0 0.000000e+0 0.000000e+0
    outer loop
      vertex 1.731200e+2 2.361000e+1 2.000000e-1
      vertex 1.731200e+2 2.961000e+1 2.000000e-1
      vertex 1.731200e+2 2.961000e+1 3.000000e+0
    endloop
  endfacet
  facet normal 1.000000e+0 0.000000e+0 0.000000e+0
    outer loop
      vertex 1.731200e+2 2.361000e+1 2.000000e-1
      vertex 1.731200e+2 2.961000e+1 3.000000e+0
      vertex 1.731200e+2 2.361000e+1 3.000000e+0
    endloop
  endfacet
  facet normal 0.000000e+0 -1.000000e+0 0.000000e+0
    outer loop
      vertex 1.731200e+2 2.961000e+1 2.000000e-1
      vertex 1.791200e+2 2.961000e+1 2.000000e-1
      vertex 1.791200e+2 2.961000e+1 3.000000e+0
    endloop
  endfacet
  facet normal 0.000000e+0 -1.000000e+0 0.000000e+0
    outer loop
      vertex 1.731200e+2 2.961000e+1 2.000000e-1
      vertex 1.791200e+2 2.961000e+1 3.000000e+0
      vertex 1.731200e+2 2.961000e+1 3.000000e+0
    endloop
  endfacet
  facet normal -1.000000e+0 0.000000e+0 0.000000e+0
    outer loop
      vertex 1.791200e+2 2.961000e+1 2.000000e-1
      vertex 1.791200e+2 2.361000e+1 2.000000e-1
      vertex 1.791200e+2 2.361000e+1 3.000000e+0
    endloop
  endfacet
  facet normal -1.000000e+0 0.000000e+0 0.000000e+0
    outer loop
      vertex 1.791200e+2 2.961000e+1 2.000000e-1
      vertex 1.791200e+2 2.361000e+1 3.000000e+0
      vertex 1.791200e+2 2.961000e+1 3.000000e+0
    endloop
  endfacet
  facet normal 0.000000e+0 1.000000e+0 0.000000e+0
    outer loop
      vertex 1.378600e+2 2.043743e+1 2.000000e-1
      vertex 1.292600e+2 2.043743e+1 2.000000e-1
      vertex 1.292600e+2 2.043743e+1 3.000000e+0
    endloop
  endfacet
  facet normal 0.000000e+0 1.000000e+0 0.000000e+0
    outer loop
      vertex 1.378600e+2 2.043743e+1 2.000000e-1
      vertex 1.292600e+2 2.043743e+1 3.000000e+0
      vertex 1.378600e+2 2.043743e+1 3.000000e+0
    endloop
  endfacet
  facet normal 1.000000e+0 0.000000e+0 0.000000e+0
    outer loop
      vertex 1.292600e+2 2.043743e+1 2.000000e-1
      vertex 1.292600e+2 2.303743e+1 2.000000e-1
      vertex 1.292600e+2 2.303743e+1 3.000000e+0
    endloop
  endfacet
  facet normal 1.000000e+0 0.000000e+0 0.000000e+0
    outer loop
      vertex 1.292600e+2 2.043743e+1 2.000000e-1
      vertex 1.292600e+2 2.303743e+1 3.000000e+0
      vertex 1.292600e+2 2.043743e+1 3.000000e+0
    endloop
  endfacet
  facet normal 0.000000e+0 -1.000000e+0 0.000000e+0
    outer loop
      vertex 1.292600e+2 2.303743e+1 2.000000e-1
      vertex 1.378600e+2 2.303743e+1 2.000000e-1
      vertex 1.378600e+2 2.303743e+1 3.000000e+0
    endloop
  endfacet
  facet normal 0.000000e+0 -1.000000e+0 0.000000e+0
    outer loop
      vertex 1.292600e+2 2.303743e+1 2.000000e-1
      vertex 1.378600e+2 2.303743e+1 3.000000e+0
      vertex 1.292600e+2 2.303743e+1 3.000000e+0
    endloop
  endfacet
  facet normal -1.000000e+0 0.000000e+0 0.000000e+0
    outer loop
      vertex 1.378600e+2 2.303743e+1 2.000000e-1
      vertex 1.378600e+2 2.043743e+1 2.000000e-1
      vertex 1.378600e+2 2.043743e+1 3.000000e+0
    endloop
  endfacet
  facet normal -1.000000e+0 0.000000e+0 0.000000e+0
    outer loop
      vertex 1.378600e+2 2.303743e+1 2.000000e-1
      vertex 1.378600e+2 2.043743e+1 3.000000e+0
      vertex 1.378600e+2 2.303743e+1 3.000000e+0
    endloop
  endfacet
  facet normal 0.000000e+0 1.000000e+0 0.000000e+0
    outer loop
      vertex 5.786000e+1 2.043743e+1 2.000000e-1
      vertex 4.926000e+1 2.043743e+1 2.000000e-1
      vertex 4.926000e+1 2.043743e+1 3.000000e+0
    endloop
  endfacet
  facet normal 0.000000e+0 1.000000e+0 0.000000e+0
    outer loop
      vertex 5.786000e+1 2.043743e+1 2.000000e-1
      vertex 4.926000e+1 2.043743e+1 3.000000e+0
      vertex 5.786000e+1 2.043743e+1 3.000000e+0
    endloop
  endfacet
  facet normal 1.000000e+0 0.000000e+0 0.000000e+0
    outer loop
      vertex 4.926000e+1 2.043743e+1 2.000000e-1
      vertex 4.926000e+1 2.303743e+1 2.000000e-1
      vertex 4.926000e+1 2.303743e+1 3.000000e+0
    endloop
  endfacet
  facet normal 1.000000e+0 0.000000e+0 0.000000e+0
    outer loop
      vertex 4.926000e+1 2.043743e+1 2.000000e-1
      vertex 4.926000e+1 2.303743e+1 3.000000e+0
      vertex 4.926000e+1 2.043743e+1 3.000000e+0
    endloop
  endfacet
  facet normal 0.000000e+0 -1.000000e+0 0.000000e+0
    outer loop
      vertex 4.926000e+1 2.303743e+1 2.000000e-1
      vertex 5.786000e+1 2.303743e+1 2.000000e-1
      vertex 5.786000e+1 2.303743e+1 3.000000e+0
    endloop
  endfacet
  facet normal 0.000000e+0 -1.000000e+0 0.000000e+0
    outer loop
      vertex 4.926000e+1 2.303743e+1 2.000000e-1
      vertex 5.786000e+1 2.303743e+1 3.000000e+0
      vertex 4.926000e+1 2.303743e+1 3.000000e+0
    endloop
  endfacet
  facet normal -1.000000e+0 0.000000e+0 0.000000e+0
    outer loop
      vertex 5.786000e+1 2.303743e+1 2.000000e-1
      vertex 5.786000e+1 2.043743e+1 2.000000e-1
      vertex 5.786000e+1 2.043743e+1 3.000000e+0
    endloop
  endfacet
  facet normal -1.000000e+0 0.000000e+0 0.000000e+0
    outer loop
      vertex 5.786000e+1 2.303743e+1 2.000000e-1
      vertex 5.786000e+1 2.043743e+1 3.000000e+0
      vertex 5.786000e+1 2.303743e+1 3.000000e+0
    endloop
  endfacet
  facet normal 0.000000e+0 1.000000e+0 0.000000e+0
    outer loop
      vertex 1.328600e+2 1.555726e+2 2.000000e-1
      vertex 1.242600e+2 1.555726e+2 2.000000e-1
      vertex 1.242600e+2 1.555726e+2 3.000000e+0
    endloop
  endfacet
  facet normal 0.000000e+0 1.000000e+0 0.000000e+0
    outer loop
      vertex 1.328600e+2 1.555726e+2 2.000000e-1
      vertex 1.242600e+2 1.555726e+2 3.000000e+0
      vertex 1.328600e+2 1.555726e+2 3.000000e+0
    endloop
  endfacet
  facet normal 1.000000e+0 0.000000e+0 0.000000e+0
    outer loop
      vertex 1.242600e+2 1.555726e+2 2.000000e-1
      vertex 1.242600e+2 1.581726e+2 2.000000e-1
      vertex 1.242600e+2 1.581726e+2 3.000000e+0
    endloop
  endfacet
  facet normal 1.000000e+0 0.000000e+0 0.000000e+0
    outer loop
      vertex 1.242600e+2 1.555726e+2 2.000000e-1
      vertex 1.242600e+2 1.581726e+2 3.000000e+0
      vertex 1.242600e+2 1.555726e+2 3.000000e+0
    endloop
  endfacet
  facet normal 0.000000e+0 -1.000000e+0 0.000000e+0
    outer loop
      vertex 1.242600e+2 1.581726e+2 2.000000e-1
      vertex 1.328600e+2 1.581726e+2 2.000000e-1
      vertex 1.328600e+2 1.581726e+2 3.000000e+0
    endloop
  endfacet
  facet normal 0.000000e+0 -1.000000e+0 0.000000e+0
    outer loop
      vertex 1.242600e+2 1.581726e+2 2.000000e-1
      vertex 1.328600e+2 1.581726e+2 3.000000e+0
      vertex 1.242600e+2 1.581726e+2 3.000000e+0
    endloop
  endfacet
  facet normal -1.000000e+0 0.000000e+0 0.000000e+0
    outer loop
      vertex 1.328600e+2 1.581726e+2 2.000000e-1
      vertex 1.328600e+2 1.555726e+2 2.000000e-1
      vertex 1.328600e+2 1.555726e+2 3.000000e+0
    endloop
  endfacet
  facet normal -1.000000e+0 0.000000e+0 0.000000e+0
    outer loop
      vertex 1.328600e+2 1.581726e+2 2.000000e-1
      vertex 1.328600e+2 1.555726e+2 3.000000e+0
      vertex 1.328600e+2 1.581726e+2 3.000000e+0
    endloop
  endfacet
  facet normal 0.000000e+0 0.000000e+0 -1.000000e+0
    outer loop
      vertex 1.085600e+2 1.550000e+2 3.000000e+0
      vertex 1.110600e+2 1.550000e+2 3.000000e+0
      vertex 1.110600e+2 1.000000e+2 3.000000e+0
    endloop
  endfacet
  facet normal 0.000000e+0 0.000000e+0 -1.000000e+0
    outer loop
      vertex 1.085600e+2 1.550000e+2 3.000000e+0
      vertex 1.110600e+2 1.000000e+2 3.000000e+0
      vertex 1.085600e+2 1.000000e+2 3.000000e+0
    endloop
  endfacet
  facet normal 0.000000e+0 0.000000e+0 1.000000e+0
    outer loop
      vertex 1.085600e+2 1.000000e+2 8.000000e+0
      vertex 1.110600e+2 1.000000e+2 8.000000e+0
      vertex 1.110600e+2 1.550000e+2 8.000000e+0
    endloop
  endfacet
  facet normal 0.000000e+0 0.000000e+0 1.000000e+0
    outer loop
      vertex 1.085600e+2 1.000000e+2 8.000000e+0
      vertex 1.110600e+2 1.550000e+2 8.000000e+0
      vertex 1.085600e+2 1.550000e+2 8.000000e+0
    endloop
  endfacet
  facet normal 0.000000e+0 -1.000000e+0 0.000000e+0
    outer loop
      vertex 1.085600e+2 1.000000e+2 3.000000e+0
      vertex 1.110600e+2 1.000000e+2 3.000000e+0
      vertex 1.110600e+2 1.000000e+2 8.000000e+0
    endloop
  endfacet
  facet normal 0.000000e+0 -1.000000e+0 0.000000e+0
    outer loop
      vertex 1.085600e+2 1.000000e+2 3.000000e+0
      vertex 1.110600e+2 1.000000e+2 8.000000e+0
      vertex 1.085600e+2 1.000000e+2 8.000000e+0
    endloop
  endfacet
  facet normal 0.000000e+0 1.000000e+0 0.000000e+0
    outer loop
      vertex 1.110600e+2 1.550000e+2 3.000000e+0
      vertex 1.085600e+2 1.550000e+2 3.000000e+0
      vertex 1.085600e+2 1.550000e+2 8.000000e+0
    endloop
  endfacet
  facet normal 0.000000e+0 1.000000e+0 0.000000e+0
    outer loop
      vertex 1.110600e+2 1.550000e+2 3.000000e+0
      vertex 1.085600e+2 1.550000e+2 8.000000e+0
      vertex 1.110600e+2 1.550000e+2 8.000000e+0
    endloop
  endfacet
  facet normal -1.000000e+0 0.000000e+0 0.000000e+0
    outer loop
      vertex 1.085600e+2 1.550000e+2 3.000000e+0
      vertex 1.085600e+2 1.000000e+2 3.000000e+0
      vertex 1.085600e+2 1.000000e+2 8.000000e+0
    endloop
  endfacet
  facet normal -1.000000e+0 0.000000e+0 0.000000e+0
    outer loop
      vertex 1.085600e+2 1.550000e+2 3.000000e+0
      vertex 1.085600e+2 1.000000e+2 8.000000e+0
      vertex 1.085600e+2 1.550000e+2 8.000000e+0
    endloop
  endfacet
  facet normal 1.000000e+0 0.000000e+0 0.000000e+0
    outer loop
      vertex 1.110600e+2 1.000000e+2 3.000000e+0
      vertex 1.110600e+2 1.550000e+2 3.000000e+0
      vertex 1.110600e+2 1.550000e+2 8.000000e+0
    endloop
  endfacet
  facet normal 1.000000e+0 0.000000e+0 0.000000e+0
    outer loop
      vertex 1.110600e+2 1.000000e+2 3.000000e+0
      vertex 1.110600e+2 1.550000e+2 8.000000e+0
      vertex 1.110600e+2 1.000000e+2 8.000000e+0
    endloop
  endfacet
  facet normal 0.000000e+0 0.000000e+0 -1.000000e+0
    outer loop
      vertex 7.606000e+1 1.550000e+2 3.000000e+0
      vertex 7.856000e+1 1.550000e+2 3.000000e+0
      vertex 7.856000e+1 1.000000e+2 3.000000e+0
    endloop
  endfacet
  facet normal 0.000000e+0 0.000000e+0 -1.000000e+0
    outer loop
      vertex 7.606000e+1 1.550000e+2 3.000000e+0
      vertex 7.856000e+1 1.000000e+2 3.000000e+0
      vertex 7.606000e+1 1.000000e+2 3.000000e+0
    endloop
  endfacet
  facet normal 0.000000e+0 0.000000e+0 1.000000e+0
    outer loop
      vertex 7.606000e+1 1.000000e+2 8.000000e+0
      vertex 7.856000e+1 1.000000e+2 8.000000e+0
      vertex 7.856000e+1 1.550000e+2 8.000000e+0
    endloop
  endfacet
  facet normal 0.000000e+0 0.000000e+0 1.000000e+0
    outer loop
      vertex 7.606000e+1 1.000000e+2 8.000000e+0
      vertex 7.856000e+1 1.550000e+2 8.000000e+0
      vertex 7.606000e+1 1.550000e+2 8.000000e+0
    endloop
  endfacet
  facet normal 0.000000e+0 -1.000000e+0 0.000000e+0
    outer loop
      vertex 7.606000e+1 1.000000e+2 3.000000e+0
      vertex 7.856000e+1 1.000000e+2 3.000000e+0
      vertex 7.856000e+1 1.000000e+2 8.000000e+0
    endloop
  endfacet
  facet normal 0.000000e+0 -1.000000e+0 0.000000e+0
    outer loop
      vertex 7.606000e+1 1.000000e+2 3.000000e+0
      vertex 7.856000e+1 1.000000e+2 8.000000e+0
      vertex 7.606000e+1 1.000000e+2 8.000000e+0
    endloop
  endfacet
  facet normal 0.000000e+0 1.000000e+0 0.000000e+0
    outer loop
      vertex 7.856000e+1 1.550000e+2 3.000000e+0
      vertex 7.606000e+1 1.550000e+2 3.000000e+0
      vertex 7.606000e+1 1.550000e+2 8.000000e+0
    endloop
  endfacet
  facet normal 0.000000e+0 1.000000e+0 0.000000e+0
    outer loop
      vertex 7.856000e+1 1.550000e+2 3.000000e+0
      vertex 7.606000e+1 1.550000e+2 8.000000e+0
      vertex 7.856000e+1 1.550000e+2 8.000000e+0
    endloop
  endfacet
  facet normal -1.000000e+0 0.000000e+0 0.000000e+0
    outer loop
      vertex 7.606000e+1 1.550000e+2 3.000000e+0
      vertex 7.606000e+1 1.000000e+2 3.000000e+0
      vertex 7.606000e+1 1.000000e+2 8.000000e+0
    endloop
  endfacet
  facet normal -1.000000e+0 0.000000e+0 0.000000e+0
    outer loop
      vertex 7.606000e+1 1.550000e+2 3.000000e+0
      vertex 7.606000e+1 1.000000e+2 8.000000e+0
      vertex 7.606000e+1 1.550000e+2 8.000000e+0
    endloop
  endfacet
  facet normal 1.000000e+0 0.000000e+0 0.000000e+0
    outer loop
      vertex 7.856000e+1 1.000000e+2 3.000000e+0
      vertex 7.856000e+1 1.550000e+2 3.000000e+0
      vertex 7.856000e+1 1.550000e+2 8.000000e+0
    endloop
  endfacet
  facet normal 1.000000e+0 0.000000e+0 0.000000e+0
    outer loop
      vertex 7.856000e+1 1.000000e+2 3.000000e+0
      vertex 7.856000e+1 1.550000e+2 8.000000e+0
      vertex 7.856000e+1 1.000000e+2 8.000000e+0
    endloop
  endfacet
  facet normal 0.000000e+0 0.000000e+0 -1.000000e+0
    outer loop
      vertex 7.606000e+1 1.000000e+2 3.000000e+0
      vertex 1.110600e+2 1.000000e+2 3.000000e+0
      vertex 1.110600e+2 9.750000e+1 3.000000e+0
    endloop
  endfacet
  facet normal 0.000000e+0 0.000000e+0 -1.000000e+0
    outer loop
      vertex 7.606000e+1 1.000000e+2 3.000000e+0
      vertex 1.110600e+2 9.750000e+1 3.000000e+0
      vertex 7.606000e+1 9.750000e+1 3.000000e+0
    endloop
  endfacet
  facet normal 0.000000e+0 0.000000e+0 1.000000e+0
    outer loop
      vertex 7.606000e+1 9.750000e+1 8.000000e+0
      vertex 1.110600e+2 9.750000e+1 8.000000e+0
      vertex 1.110600e+2 1.000000e+2 8.000000e+0
    endloop
  endfacet
  facet normal 0.000000e+0 0.000000e+0 1.000000e+0
    outer loop
      vertex 7.606000e+1 9.750000e+1 8.000000e+0
      vertex 1.110600e+2 1.000000e+2 8.000000e+0
      vertex 7.606000e+1 1.000000e+2 8.000000e+0
    endloop
  endfacet
  facet normal 0.000000e+0 -1.000000e+0 0.000000e+0
    outer loop
      vertex 7.606000e+1 9.750000e+1 3.000000e+0
      vertex 1.110600e+2 9.750000e+1 3.000000e+0
      vertex 1.110600e+2 9.750000e+1 8.000000e+0
    endloop
  endfacet
  facet normal 0.000000e+0 -1.000000e+0 0.000000e+0
    outer loop
      vertex 7.606000e+1 9.750000e+1 3.000000e+0
      vertex 1.110600e+2 9.750000e+1 8.000000e+0
      vertex 7.606000e+1 9.750000e+1 8.000000e+0
    endloop
  endfacet
  facet normal 0.000000e+0 1.000000e+0 0.000000e+0
    outer loop
      vertex 1.110600e+2 1.000000e+2 3.000000e+0
      vertex 7.606000e+1 1.000000e+2 3.000000e+0
      vertex 7.606000e+1 1.000000e+2 8.000000e+0
    endloop
  endfacet
  facet normal 0.000000e+0 1.000000e+0 0.000000e+0
    outer loop
      vertex 1.110600e+2 1.000000e+2 3.000000e+0
      vertex 7.606000e+1 1.000000e+2 8.000000e+0
      vertex 1.110600e+2 1.000000e+2 8.000000e+0
    endloop
  endfacet
  facet normal -1.000000e+0 0.000000e+0 0.000000e+0
    outer loop
      vertex 7.606000e+1 1.000000e+2 3.000000e+0
      vertex 7.606000e+1 9.750000e+1 3.000000e+0
      vertex 7.606000e+1 9.750000e+1 8.000000e+0
    endloop
  endfacet
  facet normal -1.000000e+0 0.000000e+0 0.000000e+0
    outer loop
      vertex 7.606000e+1 1.000000e+2 3.000000e+0
      vertex 7.606000e+1 9.750000e+1 8.000000e+0
      vertex 7.606000e+1 1.000000e+2 8.000000e+0
    endloop
  endfacet
  facet normal 1.000000e+0 0.000000e+0 0.000000e+0
    outer loop
      vertex 1.110600e+2 9.750000e+1 3.000000e+0
      vertex 1.110600e+2 1.000000e+2 3.000000e+0
      vertex 1.110600e+2 1.000000e+2 8.000000e+0
    endloop
  endfacet
  facet normal 1.000000e+0 0.000000e+0 0.000000e+0
    outer loop
      vertex 1.110600e+2 9.750000e+1 3.000000e+0
      vertex 1.110600e+2 1.000000e+2 8.000000e+0
      vertex 1.110600e+2 9.750000e+1 8.000000e+0
    endloop
  endfacet
  facet normal 0.000000e+0 0.000000e+0 -1.000000e+0
    outer loop
      vertex 9.756000e+1 1.766100e+2 3.000000e+0
      vertex 1.000600e+2 1.766100e+2 3.000000e+0
      vertex 1.000600e+2 1.580000e+2 3.000000e+0
    endloop
  endfacet
  facet normal 0.000000e+0 0.000000e+0 -1.000000e+0
    outer loop
      vertex 9.756000e+1 1.766100e+2 3.000000e+0
      vertex 1.000600e+2 1.580000e+2 3.000000e+0
      vertex 9.756000e+1 1.580000e+2 3.000000e+0
    endloop
  endfacet
  facet normal 0.000000e+0 0.000000e+0 1.000000e+0
    outer loop
      vertex 9.756000e+1 1.580000e+2 7.000000e+0
      vertex 1.000600e+2 1.580000e+2 7.000000e+0
      vertex 1.000600e+2 1.766100e+2 7.000000e+0
    endloop
  endfacet
  facet normal 0.000000e+0 0.000000e+0 1.000000e+0
    outer loop
      vertex 9.756000e+1 1.580000e+2 7.000000e+0
      vertex 1.000600e+2 1.766100e+2 7.000000e+0
      vertex 9.756000e+1 1.766100e+2 7.000000e+0
    endloop
  endfacet
  facet normal 0.000000e+0 -1.000000e+0 0.000000e+0
    outer loop
      vertex 9.756000e+1 1.580000e+2 3.000000e+0
      vertex 1.000600e+2 1.580000e+2 3.000000e+0
      vertex 1.000600e+2 1.580000e+2 7.000000e+0
    endloop
  endfacet
  facet normal 0.000000e+0 -1.000000e+0 0.000000e+0
    outer loop
      vertex 9.756000e+1 1.580000e+2 3.000000e+0
      vertex 1.000600e+2 1.580000e+2 7.000000e+0
      vertex 9.756000e+1 1.580000e+2 7.000000e+0
    endloop
  endfacet
  facet normal 0.000000e+0 1.000000e+0 0.000000e+0
    outer loop
      vertex 1.000600e+2 1.766100e+2 3.000000e+0
      vertex 9.756000e+1 1.766100e+2 3.000000e+0
      vertex 9.756000e+1 1.766100e+2 7.000000e+0
    endloop
  endfacet
  facet normal 0.000000e+0 1.000000e+0 0.000000e+0
    outer loop
      vertex 1.000600e+2 1.766100e+2 3.000000e+0
      vertex 9.756000e+1 1.766100e+2 7.000000e+0
      vertex 1.000600e+2 1.766100e+2 7.000000e+0
    endloop
  endfacet
  facet normal -1.000000e+0 0.000000e+0 0.000000e+0
    outer loop
      vertex 9.756000e+1 1.766100e+2 3.000000e+0
      vertex 9.756000e+1 1.580000e+2 3.000000e+0
      vertex 9.756000e+1 1.580000e+2 7.000000e+0
    endloop
  endfacet
  facet normal -1.000000e+0 0.000000e+0 0.000000e+0
    outer loop
      vertex 9.756000e+1 1.766100e+2 3.000000e+0
      vertex 9.756000e+1 1.580000e+2 7.000000e+0
      vertex 9.756000e+1 1.766100e+2 7.000000e+0
    endloop
  endfacet
  facet normal 1.000000e+0 0.000000e+0 0.000000e+0
    outer loop
      vertex 1.000600e+2 1.580000e+2 3.000000e+0
      vertex 1.000600e+2 1.766100e+2 3.000000e+0
      vertex 1.000600e+2 1.766100e+2 7.000000e+0
    endloop
  endfacet
  facet normal 1.000000e+0 0.000000e+0 0.000000e+0
    outer loop
      vertex 1.000600e+2 1.580000e+2 3.000000e+0
      vertex 1.000600e+2 1.766100e+2 7.000000e+0
      vertex 1.000600e+2 1.580000e+2 7.000000e+0
    endloop
  endfacet
  facet normal 0.000000e+0 0.000000e+0 -1.000000e+0
    outer loop
      vertex 8.706000e+1 1.766100e+2 3.000000e+0
      vertex 8.956000e+1 1.766100e+2 3.000000e+0
      vertex 8.956000e+1 1.580000e+2 3.000000e+0
    endloop
  endfacet
  facet normal 0.000000e+0 0.000000e+0 -1.000000e+0
    outer loop
      vertex 8.706000e+1 1.766100e+2 3.000000e+0
      vertex 8.956000e+1 1.580000e+2 3.000000e+0
      vertex 8.706000e+1 1.580000e+2 3.000000e+0
    endloop
  endfacet
  facet normal 0.000000e+0 0.000000e+0 1.000000e+0
    outer loop
      vertex 8.706000e+1 1.580000e+2 7.000000e+0
      vertex 8.956000e+1 1.580000e+2 7.000000e+0
      vertex 8.956000e+1 1.766100e+2 7.000000e+0
    endloop
  endfacet
  facet normal 0.000000e+0 0.000000e+0 1.000000e+0
    outer loop
      vertex 8.706000e+1 1.580000e+2 7.000000e+0
      vertex 8.956000e+1 1.766100e+2 7.000000e+0
      vertex 8.706000e+1 1.766100e+2 7.000000e+0
    endloop
  endfacet
  facet normal 0.000000e+0 -1.000000e+0 0.000000e+0
    outer loop
      vertex 8.706000e+1 1.580000e+2 3.000000e+0
      vertex 8.956000e+1 1.580000e+2 3.000000e+0
      vertex 8.956000e+1 1.580000e+2 7.000000e+0
    endloop
  endfacet
  facet normal 0.000000e+0 -1.000000e+0 0.000000e+0
    outer loop
      vertex 8.706000e+1 1.580000e+2 3.000000e+0
      vertex 8.956000e+1 1.580000e+2 7.000000e+0
      vertex 8.706000e+1 1.580000e+2 7.000000e+0
    endloop
  endfacet
  facet normal 0.000000e+0 1.000000e+0 0.000000e+0
    outer loop
      vertex 8.956000e+1 1.766100e+2 3.000000e+0
      vertex 8.706000e+1 1.766100e+2 3.000000e+0
      vertex 8.706000e+1 1.766100e+2 7.000000e+0
    endloop
  endfacet
  facet normal 0.000000e+0 1.000000e+0 0.000000e+0
    outer loop
      vertex 8.956000e+1 1.766100e+2 3.000000e+0
      vertex 8.706000e+1 1.766100e+2 7.000000e+0
      vertex 8.956000e+1 1.766100e+2 7.000000e+0
    endloop
  endfacet
  facet normal -1.000000e+0 0.000000e+0 0.000000e+0
    outer loop
      vertex 8.706000e+1 1.766100e+2 3.000000e+0
      vertex 8.706000e+1 1.580000e+2 3.000000e+0
      vertex 8.706000e+1 1.580000e+2 7.000000e+0
    endloop
  endfacet
  facet normal -1.000000e+0 0.000000e+0 0.000000e+0
    outer loop
      vertex 8.706000e+1 1.766100e+2 3.000000e+0
      vertex 8.706000e+1 1.580000e+2 7.000000e+0
      vertex 8.706000e+1 1.766100e+2 7.000000e+0
    endloop
  endfacet
  facet normal 1.000000e+0 0.000000e+0 0.000000e+0
    outer loop
      vertex 8.956000e+1 1.580000e+2 3.000000e+0
      vertex 8.956000e+1 1.766100e+2 3.000000e+0
      vertex 8.956000e+1 1.766100e+2 7.000000e+0
    endloop
  endfacet
  facet normal 1.000000e+0 0.000000e+0 0.000000e+0
    outer loop
      vertex 8.956000e+1 1.580000e+2 3.000000e+0
      vertex 8.956000e+1 1.766100e+2 7.000000e+0
      vertex 8.956000e+1 1.580000e+2 7.000000e+0
    endloop
  endfacet
  facet normal 0.000000e+0 0.000000e+0 -1.000000e+0
    outer loop
      vertex 1.661200e+2 2.100000e+1 3.000000e+0
      vertex 1.761200e+2 2.100000e+1 3.000000e+0
      vertex 1.761200e+2 1.100000e+1 3.000000e+0
    endloop
  endfacet
  facet normal 0.000000e+0 0.000000e+0 -1.000000e+0
    outer loop
      vertex 1.661200e+2 2.100000e+1 3.000000e+0
      vertex 1.761200e+2 1.100000e+1 3.000000e+0
      vertex 1.661200e+2 1.100000e+1 3.000000e+0
    endloop
  endfacet
  facet normal 0.000000e+0 0.000000e+0 1.000000e+0
    outer loop
      vertex 1.661200e+2 1.100000e+1 9.000000e+0
      vertex 1.761200e+2 1.100000e+1 9.000000e+0
      vertex 1.761200e+2 2.100000e+1 9.000000e+0
    endloop
  endfacet
  facet normal 0.000000e+0 0.000000e+0 1.000000e+0
    outer loop
      vertex 1.661200e+2 1.100000e+1 9.000000e+0
      vertex 1.761200e+2 2.100000e+1 9.000000e+0
      vertex 1.661200e+2 2.100000e+1 9.000000e+0
    endloop
  endfacet
  facet normal 0.000000e+0 -1.000000e+0 0.000000e+0
    outer loop
      vertex 1.661200e+2 1.100000e+1 3.000000e+0
      vertex 1.761200e+2 1.100000e+1 3.000000e+0
      vertex 1.761200e+2 1.100000e+1 9.000000e+0
    endloop
  endfacet
  facet normal 0.000000e+0 -1.000000e+0 0.000000e+0
    outer loop
      vertex 1.661200e+2 1.100000e+1 3.000000e+0
      vertex 1.761200e+2 1.100000e+1 9.000000e+0
      vertex 1.661200e+2 1.100000e+1 9.000000e+0
    endloop
  endfacet
  facet normal 0.000000e+0 1.000000e+0 0.000000e+0
    outer loop
      vertex 1.761200e+2 2.100000e+1 3.000000e+0
      vertex 1.661200e+2 2.100000e+1 3.000000e+0
      vertex 1.661200e+2 2.100000e+1 9.000000e+0
    endloop
  endfacet
  facet normal 0.000000e+0 1.000000e+0 0.000000e+0
    outer loop
      vertex 1.761200e+2 2.100000e+1 3.000000e+0
      vertex 1.661200e+2 2.100000e+1 9.000000e+0
      vertex 1.761200e+2 2.100000e+1 9.000000e+0
    endloop
  endfacet
  facet normal -1.000000e+0 0.000000e+0 0.000000e+0
    outer loop
      vertex 1.661200e+2 2.100000e+1 3.000000e+0
      vertex 1.661200e+2 1.100000e+1 3.000000e+0
      vertex 1.661200e+2 1.100000e+1 9.000000e+0
    endloop
  endfacet
  facet normal -1.000000e+0 0.000000e+0 0.000000e+0
    outer loop
      vertex 1.661200e+2 2.100000e+1 3.000000e+0
      vertex 1.661200e+2 1.100000e+1 9.000000e+0
      vertex 1.661200e+2 2.100000e+1 9.000000e+0
    endloop
  endfacet
  facet normal 1.000000e+0 0.000000e+0 0.000000e+0
    outer loop
      vertex 1.761200e+2 1.100000e+1 3.000000e+0
      vertex 1.761200e+2 2.100000e+1 3.000000e+0
      vertex 1.761200e+2 2.100000e+1 9.000000e+0
    endloop
  endfacet
  facet normal 1.000000e+0 0.000000e+0 0.000000e+0
    outer loop
      vertex 1.761200e+2 1.100000e+1 3.000000e+0
      vertex 1.761200e+2 2.100000e+1 9.000000e+0
      vertex 1.761200e+2 1.100000e+1 9.000000e+0
    endloop
  endfacet
  facet normal 0.000000e+0 0.000000e+0 -1.000000e+0
    outer loop
      vertex 1.100000e+1 2.100000e+1 3.000000e+0
      vertex 2.100000e+1 2.100000e+1 3.000000e+0
      vertex 2.100000e+1 1.100000e+1 3.000000e+0
    endloop
  endfacet
  facet normal 0.000000e+0 0.000000e+0 -1.000000e+0
    outer loop
      vertex 1.100000e+1 2.100000e+1 3.000000e+0
      vertex 2.100000e+1 1.100000e+1 3.000000e+0
      vertex 1.100000e+1 1.100000e+1 3.000000e+0
    endloop
  endfacet
  facet normal 0.000000e+0 0.000000e+0 1.000000e+0
    outer loop
      vertex 1.100000e+1 1.100000e+1 9.000000e+0
      vertex 2.100000e+1 1.100000e+1 9.000000e+0
      vertex 2.100000e+1 2.100000e+1 9.000000e+0
    endloop
  endfacet
  facet normal 0.000000e+0 0.000000e+0 1.000000e+0
    outer loop
      vertex 1.100000e+1 1.100000e+1 9.000000e+0
      vertex 2.100000e+1 2.100000e+1 9.000000e+0
      vertex 1.100000e+1 2.100000e+1 9.000000e+0
    endloop
  endfacet
  facet normal 0.000000e+0 -1.000000e+0 0.000000e+0
    outer loop
      vertex 1.100000e+1 1.100000e+1 3.000000e+0
      vertex 2.100000e+1 1.100000e+1 3.000000e+0
      vertex 2.100000e+1 1.100000e+1 9.000000e+0
    endloop
  endfacet
  facet normal 0.000000e+0 -1.000000e+0 0.000000e+0
    outer loop
      vertex 1.100000e+1 1.100000e+1 3.000000e+0
      vertex 2.100000e+1 1.100000e+1 9.000000e+0
      vertex 1.100000e+1 1.100000e+1 9.000000e+0
    endloop
  endfacet
  facet normal 0.000000e+0 1.000000e+0 0.000000e+0
    outer loop
      vertex 2.100000e+1 2.100000e+1 3.000000e+0
      vertex 1.100000e+1 2.100000e+1 3.000000e+0
      vertex 1.100000e+1 2.100000e+1 9.000000e+0
    endloop
  endfacet
  facet normal 0.000000e+0 1.000000e+0 0.000000e+0
    outer loop
      vertex 2.100000e+1 2.100000e+1 3.000000e+0
      vertex 1.100000e+1 2.100000e+1 9.000000e+0
      vertex 2.100000e+1 2.100000e+1 9.000000e+0
    endloop
  endfacet
  facet normal -1.000000e+0 0.000000e+0 0.000000e+0
    outer loop
      vertex 1.100000e+1 2.100000e+1 3.000000e+0
      vertex 1.100000e+1 1.100000e+1 3.000000e+0
      vertex 1.100000e+1 1.100000e+1 9.000000e+0
    endloop
  endfacet
  facet normal -1.000000e+0 0.000000e+0 0.000000e+0
    outer loop
      vertex 1.100000e+1 2.100000e+1 3.000000e+0
      vertex 1.100000e+1 1.100000e+1 9.000000e+0
      vertex 1.100000e+1 2.100000e+1 9.000000e+0
    endloop
  endfacet
  facet normal 1.000000e+0 0.000000e+0 0.000000e+0
    outer loop
      vertex 2.100000e+1 1.100000e+1 3.000000e+0
      vertex 2.100000e+1 2.100000e+1 3.000000e+0
      vertex 2.100000e+1 2.100000e+1 9.000000e+0
    endloop
  endfacet
  facet normal 1.000000e+0 0.000000e+0 0.000000e+0
    outer loop
      vertex 2.100000e+1 1.100000e+1 3.000000e+0
      vertex 2.100000e+1 2.100000e+1 9.000000e+0
      vertex 2.100000e+1 1.100000e+1 9.000000e+0
    endloop
  endfacet
  facet normal 0.000000e+0 0.000000e+0 -1.000000e+0
    outer loop
      vertex 1.661200e+2 1.676100e+2 3.000000e+0
      vertex 1.761200e+2 1.676100e+2 3.000000e+0
      vertex 1.761200e+2 1.576100e+2 3.000000e+0
    endloop
  endfacet
  facet normal 0.000000e+0 0.000000e+0 -1.000000e+0
    outer loop
      vertex 1.661200e+2 1.676100e+2 3.000000e+0
      vertex 1.761200e+2 1.576100e+2 3.000000e+0
      vertex 1.661200e+2 1.576100e+2 3.000000e+0
    endloop
  endfacet
  facet normal 0.000000e+0 0.000000e+0 1.000000e+0
    outer loop
      vertex 1.661200e+2 1.576100e+2 9.000000e+0
      vertex 1.761200e+2 1.576100e+2 9.000000e+0
      vertex 1.761200e+2 1.676100e+2 9.000000e+0
    endloop
  endfacet
  facet normal 0.000000e+0 0.000000e+0 1.000000e+0
    outer loop
      vertex 1.661200e+2 1.576100e+2 9.000000e+0
      vertex 1.761200e+2 1.676100e+2 9.000000e+0
      vertex 1.661200e+2 1.676100e+2 9.000000e+0
    endloop
  endfacet
  facet normal 0.000000e+0 -1.000000e+0 0.000000e+0
    outer loop
      vertex 1.661200e+2 1.576100e+2 3.000000e+0
      vertex 1.761200e+2 1.576100e+2 3.000000e+0
      vertex 1.761200e+2 1.576100e+2 9.000000e+0
    endloop
  endfacet
  facet normal 0.000000e+0 -1.000000e+0 0.000000e+0
    outer loop
      vertex 1.661200e+2 1.576100e+2 3.000000e+0
      vertex 1.761200e+2 1.576100e+2 9.000000e+0
      vertex 1.661200e+2 1.576100e+2 9.000000e+0
    endloop
  endfacet
  facet normal 0.000000e+0 1.000000e+0 0.000000e+0
    outer loop
      vertex 1.761200e+2 1.676100e+2 3.000000e+0
      vertex 1.661200e+2 1.676100e+2 3.000000e+0
      vertex 1.661200e+2 1.676100e+2 9.000000e+0
    endloop
  endfacet
  facet normal 0.000000e+0 1.000000e+0 0.000000e+0
    outer loop
      vertex 1.761200e+2 1.676100e+2 3.000000e+0
      vertex 1.661200e+2 1.676100e+2 9.000000e+0
      vertex 1.761200e+2 1.676100e+2 9.000000e+0
    endloop
  endfacet
  facet normal -1.000000e+0 0.000000e+0 0.000000e+0
    outer loop
      vertex 1.661200e+2 1.676100e+2 3.000000e+0
      vertex 1.661200e+2 1.576100e+2 3.000000e+0
      vertex 1.661200e+2 1.576100e+2 9.000000e+0
    endloop
  endfacet
  facet normal -1.000000e+0 0.000000e+0 0.000000e+0
    outer loop
      vertex 1.661200e+2 1.676100e+2 3.000000e+0
      vertex 1.661200e+2 1.576100e+2 9.000000e+0
      vertex 1.661200e+2 1.676100e+2 9.000000e+0
    endloop
  endfacet
  facet normal 1.000000e+0 0.000000e+0 0.000000e+0
    outer loop
      vertex 1.761200e+2 1.576100e+2 3.000000e+0
      vertex 1.761200e+2 1.676100e+2 3.000000e+0
      vertex 1.761200e+2 1.676100e+2 9.000000e+0
    endloop
  endfacet
  facet normal 1.000000e+0 0.000000e+0 0.000000e+0
    outer loop
      vertex 1.761200e+2 1.576100e+2 3.000000e+0
      vertex 1.761200e+2 1.676100e+2 9.000000e+0
      vertex 1.761200e+2 1.576100e+2 9.000000e+0
    endloop
  endfacet
  facet normal 0.000000e+0 0.000000e+0 -1.000000e+0
    outer loop
      vertex 1.100000e+1 1.676100e+2 3.000000e+0
      vertex 2.100000e+1 1.676100e+2 3.000000e+0
      vertex 2.100000e+1 1.576100e+2 3.000000e+0
    endloop
  endfacet
  facet normal 0.000000e+0 0.000000e+0 -1.000000e+0
    outer loop
      vertex 1.100000e+1 1.676100e+2 3.000000e+0
      vertex 2.100000e+1 1.576100e+2 3.000000e+0
      vertex 1.100000e+1 1.576100e+2 3.000000e+0
    endloop
  endfacet
  facet normal 0.000000e+0 0.000000e+0 1.000000e+0
    outer loop
      vertex 1.100000e+1 1.576100e+2 9.000000e+0
      vertex 2.100000e+1 1.576100e+2 9.000000e+0
      vertex 2.100000e+1 1.676100e+2 9.000000e+0
    endloop
  endfacet
  facet normal 0.000000e+0 0.000000e+0 1.000000e+0
    outer loop
      vertex 1.100000e+1 1.576100e+2 9.000000e+0
      vertex 2.100000e+1 1.676100e+2 9.000000e+0
      vertex 1.100000e+1 1.676100e+2 9.000000e+0
    endloop
  endfacet
  facet normal 0.000000e+0 -1.000000e+0 0.000000e+0
    outer loop
      vertex 1.100000e+1 1.576100e+2 3.000000e+0
      vertex 2.100000e+1 1.576100e+2 3.000000e+0
      vertex 2.100000e+1 1.576100e+2 9.000000e+0
    endloop
  endfacet
  facet normal 0.000000e+0 -1.000000e+0 0.000000e+0
    outer loop
      vertex 1.100000e+1 1.576100e+2 3.000000e+0
      vertex 2.100000e+1 1.576100e+2 9.000000e+0
      vertex 1.100000e+1 1.576100e+2 9.000000e+0
    endloop
  endfacet
  facet normal 0.000000e+0 1.000000e+0 0.000000e+0
    outer loop
      vertex 2.100000e+1 1.676100e+2 3.000000e+0
      vertex 1.100000e+1 1.676100e+2 3.000000e+0
      vertex 1.100000e+1 1.676100e+2 9.000000e+0
    endloop
  endfacet
  facet normal 0.000000e+0 1.000000e+0 0.000000e+0
    outer loop
      vertex 2.100000e+1 1.676100e+2 3.000000e+0
      vertex 1.100000e+1 1.676100e+2 9.000000e+0
      vertex 2.100000e+1 1.676100e+2 9.000000e+0
    endloop
  endfacet
  facet normal -1.000000e+0 0.000000e+0 0.000000e+0
    outer loop
      vertex 1.100000e+1 1.676100e+2 3.000000e+0
      vertex 1.100000e+1 1.576100e+2 3.000000e+0
      vertex 1.100000e+1 1.576100e+2 9.000000e+0
    endloop
  endfacet
  facet normal -1.000000e+0 0.000000e+0 0.000000e+0
    outer loop
      vertex 1.100000e+1 1.676100e+2 3.000000e+0
      vertex 1.100000e+1 1.576100e+2 9.000000e+0
      vertex 1.100000e+1 1.676100e+2 9.000000e+0
    endloop
  endfacet
  facet normal 1.000000e+0 0.000000e+0 0.000000e+0
    outer loop
      vertex 2.100000e+1 1.576100e+2 3.000000e+0
      vertex 2.100000e+1 1.676100e+2 3.000000e+0
      vertex 2.100000e+1 1.676100e+2 9.000000e+0
    endloop
  endfacet
  facet normal 1.000000e+0 0.000000e+0 0.000000e+0
    outer loop
      vertex 2.100000e+1 1.576100e+2 3.000000e+0
      vertex 2.100000e+1 1.676100e+2 9.000000e+0
      vertex 2.100000e+1 1.576100e+2 9.000000e+0
    endloop
  endfacet
endsolid backplate_sv
