solid frontplate_0_0
  facet normal 0.000000e+0 0.000000e+0 -1.000000e+0
    outer loop
      vertex 0.000000e+0 2.000000e+0 0.000000e+0
      vertex 2.005000e+2 2.000000e+0 0.000000e+0
      vertex 2.005000e+2 0.000000e+0 0.000000e+0
    endloop
  endfacet
  facet normal 0.000000e+0 0.000000e+0 -1.000000e+0
    outer loop
      vertex 0.000000e+0 2.000000e+0 0.000000e+0
      vertex 2.005000e+2 0.000000e+0 0.000000e+0
      vertex 0.000000e+0 0.000000e+0 0.000000e+0
    endloop
  endfacet
  facet normal 0.000000e+0 0.000000e+0 1.000000e+0
    outer loop
      vertex 0.000000e+0 0.000000e+0 3.000000e+0
      vertex 2.005000e+2 0.000000e+0 3.000000e+0
      vertex 2.005000e+2 2.000000e+0 3.000000e+0
    endloop
  endfacet
  facet normal 0.000000e+0 0.000000e+0 1.000000e+0
    outer loop
      vertex 0.000000e+0 0.000000e+0 3.000000e+0
      vertex 2.005000e+2 2.000000e+0 3.000000e+0
      vertex 0.000000e+0 2.000000e+0 3.000000e+0
    endloop
  endfacet
  facet normal 0.000000e+0 -1.000000e+0 0.000000e+0
    outer loop
      vertex 0.000000e+0 0.000000e+0 0.000000e+0
      vertex 2.005000e+2 0.000000e+0 0.000000e+0
      vertex 2.005000e+2 0.000000e+0 3.000000e+0
    endloop
  endfacet
  facet normal 0.000000e+0 -1.000000e+0 0.000000e+0
    outer loop
      vertex 0.000000e+0 0.000000e+0 0.000000e+0
      vertex 2.005000e+2 0.000000e+0 3.000000e+0
      vertex 0.000000e+0 0.000000e+0 3.000000e+0
    endloop
  endfacet
  facet normal 0.000000e+0 1.000000e+0 0.000000e+0
    outer loop
      vertex 2.005000e+2 2.000000e+0 0.000000e+0
      vertex 0.000000e+0 2.000000e+0 0.000000e+0
      vertex 0.000000e+0 2.000000e+0 3.000000e+0
    endloop
  endfacet
  facet normal 0.000000e+0 1.000000e+0 0.000000e+0
    outer loop
      vertex 2.005000e+2 2.000000e+0 0.000000e+0
      vertex 0.000000e+0 2.000000e+0 3.000000e+0
      vertex 2.005000e+2 2.000000e+0 3.000000e+0
    endloop
  endfacet
  facet normal -1.000000e+0 0.000000e+0 0.000000e+0
    outer loop
      vertex 0.000000e+0 2.000000e+0 0.000000e+0
      vertex 0.000000e+0 0.000000e+0 0.000000e+0
      vertex 0.000000e+0 0.000000e+0 3.000000e+0
    endloop
  endfacet
  facet normal -1.000000e+0 0.000000e+0 0.000000e+0
    outer loop
      vertex 0.000000e+0 2.000000e+0 0.000000e+0
      vertex 0.000000e+0 0.000000e+0 3.000000e+0
      vertex 0.000000e+0 2.000000e+0 3.000000e+0
    endloop
  endfacet
  facet normal 1.000000e+0 0.000000e+0 0.000000e+0
    outer loop
      vertex 2.005000e+2 0.000000e+0 0.000000e+0
      vertex 2.005000e+2 2.000000e+0 0.000000e+0
      vertex 2.005000e+2 2.000000e+0 3.000000e+0
    endloop
  endfacet
  facet normal 1.000000e+0 0.000000e+0 0.000000e+0
    outer loop
      vertex 2.005000e+2 0.000000e+0 0.000000e+0
      vertex 2.005000e+2 2.000000e+0 3.000000e+0
      vertex 2.005000e+2 0.000000e+0 3.000000e+0
    endloop
  endfacet
  facet normal 0.000000e+0 0.000000e+0 -1.000000e+0
    outer loop
      vertex 0.000000e+0 3.400000e+1 0.000000e+0
      vertex 2.005000e+2 3.400000e+1 0.000000e+0
      vertex 2.005000e+2 3.000000e+1 0.000000e+0
    endloop
  endfacet
  facet normal 0.000000e+0 0.000000e+0 -1.000000e+0
    outer loop
      vertex 0.000000e+0 3.400000e+1 0.000000e+0
      vertex 2.005000e+2 3.000000e+1 0.000000e+0
      vertex 0.000000e+0 3.000000e+1 0.000000e+0
    endloop
  endfacet
  facet normal 0.000000e+0 0.000000e+0 1.000000e+0
    outer loop
      vertex 0.000000e+0 3.000000e+1 3.000000e+0
      vertex 2.005000e+2 3.000000e+1 3.000000e+0
      vertex 2.005000e+2 3.400000e+1 3.000000e+0
    endloop
  endfacet
  facet normal 0.000000e+0 0.000000e+0 1.000000e+0
    outer loop
      vertex 0.000000e+0 3.000000e+1 3.000000e+0
      vertex 2.005000e+2 3.400000e+1 3.000000e+0
      vertex 0.000000e+0 3.400000e+1 3.000000e+0
    endloop
  endfacet
  facet normal 0.000000e+0 -1.000000e+0 0.000000e+0
    outer loop
      vertex 0.000000e+0 3.000000e+1 0.000000e+0
      vertex 2.005000e+2 3.000000e+1 0.000000e+0
      vertex 2.005000e+2 3.000000e+1 3.000000e+0
    endloop
  endfacet
  facet normal 0.000000e+0 -1.000000e+0 0.000000e+0
    outer loop
      vertex 0.000000e+0 3.000000e+1 0.000000e+0
      vertex 2.005000e+2 3.000000e+1 3.000000e+0
      vertex 0.000000e+0 3.000000e+1 3.000000e+0
    endloop
  endfacet
  facet normal 0.000000e+0 1.000000e+0 0.000000e+0
    outer loop
      vertex 2.005000e+2 3.400000e+1 0.000000e+0
      vertex 0.000000e+0 3.400000e+1 0.000000e+0
      vertex 0.000000e+0 3.400000e+1 3.000000e+0
    endloop
  endfacet
  facet normal 0.000000e+0 1.000000e+0 0.000000e+0
    outer loop
      vertex 2.005000e+2 3.400000e+1 0.000000e+0
      vertex 0.000000e+0 3.400000e+1 3.000000e+0
      vertex 2.005000e+2 3.400000e+1 3.000000e+0
    endloop
  endfacet
  facet normal -1.000000e+0 0.000000e+0 0.000000e+0
    outer loop
      vertex 0.000000e+0 3.400000e+1 0.000000e+0
      vertex 0.000000e+0 3.000000e+1 0.000000e+0
      vertex 0.000000e+0 3.000000e+1 3.000000e+0
    endloop
  endfacet
  facet normal -1.000000e+0 0.000000e+0 0.000000e+0
    outer loop
      vertex 0.000000e+0 3.400000e+1 0.000000e+0
      vertex 0.000000e+0 3.000000e+1 3.000000e+0
      vertex 0.000000e+0 3.400000e+1 3.000000e+0
    endloop
  endfacet
  facet normal 1.000000e+0 0.000000e+0 0.000000e+0
    outer loop
      vertex 2.005000e+2 3.000000e+1 0.000000e+0
      vertex 2.005000e+2 3.400000e+1 0.000000e+0
      vertex 2.005000e+2 3.400000e+1 3.000000e+0
    endloop
  endfacet
  facet normal 1.000000e+0 0.000000e+0 0.000000e+0
    outer loop
      vertex 2.005000e+2 3.000000e+1 0.000000e+0
      vertex 2.005000e+2 3.400000e+1 3.000000e+0
      vertex 2.005000e+2 3.000000e+1 3.000000e+0
    endloop
  endfacet
  facet normal 0.000000e+0 0.000000e+0 -1.000000e+0
    outer loop
      vertex 0.000000e+0 5.200000e+1 0.000000e+0
      vertex 2.005000e+2 5.200000e+1 0.000000e+0
      vertex 2.005000e+2 4.800000e+1 0.000000e+0
    endloop
  endfacet
  facet normal 0.000000e+0 0.000000e+0 -1.000000e+0
    outer loop
      vertex 0.000000e+0 5.200000e+1 0.000000e+0
      vertex 2.005000e+2 4.800000e+1 0.000000e+0
      vertex 0.000000e+0 4.800000e+1 0.000000e+0
    endloop
  endfacet
  facet normal 0.000000e+0 0.000000e+0 1.000000e+0
    outer loop
      vertex 0.000000e+0 4.800000e+1 3.000000e+0
      vertex 2.005000e+2 4.800000e+1 3.000000e+0
      vertex 2.005000e+2 5.200000e+1 3.000000e+0
    endloop
  endfacet
  facet normal 0.000000e+0 0.000000e+0 1.000000e+0
    outer loop
      vertex 0.000000e+0 4.800000e+1 3.000000e+0
      vertex 2.005000e+2 5.200000e+1 3.000000e+0
      vertex 0.000000e+0 5.200000e+1 3.000000e+0
    endloop
  endfacet
  facet normal 0.000000e+0 -1.000000e+0 0.000000e+0
    outer loop
      vertex 0.000000e+0 4.800000e+1 0.000000e+0
      vertex 2.005000e+2 4.800000e+1 0.000000e+0
      vertex 2.005000e+2 4.800000e+1 3.000000e+0
    endloop
  endfacet
  facet normal 0.000000e+0 -1.000000e+0 0.000000e+0
    outer loop
      vertex 0.000000e+0 4.800000e+1 0.000000e+0
      vertex 2.005000e+2 4.800000e+1 3.000000e+0
      vertex 0.000000e+0 4.800000e+1 3.000000e+0
    endloop
  endfacet
  facet normal 0.000000e+0 1.000000e+0 0.000000e+0
    outer loop
      vertex 2.005000e+2 5.200000e+1 0.000000e+0
      vertex 0.000000e+0 5.200000e+1 0.000000e+0
      vertex 0.000000e+0 5.200000e+1 3.000000e+0
    endloop
  endfacet
  facet normal 0.000000e+0 1.000000e+0 0.000000e+0
    outer loop
      vertex 2.005000e+2 5.200000e+1 0.000000e+0
      vertex 0.000000e+0 5.200000e+1 3.000000e+0
      vertex 2.005000e+2 5.200000e+1 3.000000e+0
    endloop
  endfacet
  facet normal -1.000000e+0 0.000000e+0 0.000000e+0
    outer loop
      vertex 0.000000e+0 5.200000e+1 0.000000e+0
      vertex 0.000000e+0 4.800000e+1 0.000000e+0
      vertex 0.000000e+0 4.800000e+1 3.000000e+0
    endloop
  endfacet
  facet normal -1.000000e+0 0.000000e+0 0.000000e+0
    outer loop
      vertex 0.000000e+0 5.200000e+1 0.000000e+0
      vertex 0.000000e+0 4.800000e+1 3.000000e+0
      vertex 0.000000e+0 5.200000e+1 3.000000e+0
    endloop
  endfacet
  facet normal 1.000000e+0 0.000000e+0 0.000000e+0
    outer loop
      vertex 2.005000e+2 4.800000e+1 0.000000e+0
      vertex 2.005000e+2 5.200000e+1 0.000000e+0
      vertex 2.005000e+2 5.200000e+1 3.000000e+0
    endloop
  endfacet
  facet normal 1.000000e+0 0.000000e+0 0.000000e+0
    outer loop
      vertex 2.005000e+2 4.800000e+1 0.000000e+0
      vertex 2.005000e+2 5.200000e+1 3.000000e+0
      vertex 2.005000e+2 4.800000e+1 3.000000e+0
    endloop
  endfacet
  facet normal 0.000000e+0 0.000000e+0 -1.000000e+0
    outer loop
      vertex 0.000000e+0 7.000000e+1 0.000000e+0
      vertex 2.005000e+2 7.000000e+1 0.000000e+0
      vertex 2.005000e+2 6.600000e+1 0.000000e+0
    endloop
  endfacet
  facet normal 0.000000e+0 0.000000e+0 -1.000000e+0
    outer loop
      vertex 0.000000e+0 7.000000e+1 0.000000e+0
      vertex 2.005000e+2 6.600000e+1 0.000000e+0
      vertex 0.000000e+0 6.600000e+1 0.000000e+0
    endloop
  endfacet
  facet normal 0.000000e+0 0.000000e+0 1.000000e+0
    outer loop
      vertex 0.000000e+0 6.600000e+1 3.000000e+0
      vertex 2.005000e+2 6.600000e+1 3.000000e+0
      vertex 2.005000e+2 7.000000e+1 3.000000e+0
    endloop
  endfacet
  facet normal 0.000000e+0 0.000000e+0 1.000000e+0
    outer loop
      vertex 0.000000e+0 6.600000e+1 3.000000e+0
      vertex 2.005000e+2 7.000000e+1 3.000000e+0
      vertex 0.000000e+0 7.000000e+1 3.000000e+0
    endloop
  endfacet
  facet normal 0.000000e+0 -1.000000e+0 0.000000e+0
    outer loop
      vertex 0.000000e+0 6.600000e+1 0.000000e+0
      vertex 2.005000e+2 6.600000e+1 0.000000e+0
      vertex 2.005000e+2 6.600000e+1 3.000000e+0
    endloop
  endfacet
  facet normal 0.000000e+0 -1.000000e+0 0.000000e+0
    outer loop
      vertex 0.000000e+0 6.600000e+1 0.000000e+0
      vertex 2.005000e+2 6.600000e+1 3.000000e+0
      vertex 0.000000e+0 6.600000e+1 3.000000e+0
    endloop
  endfacet
  facet normal 0.000000e+0 1.000000e+0 0.000000e+0
    outer loop
      vertex 2.005000e+2 7.000000e+1 0.000000e+0
      vertex 0.000000e+0 7.000000e+1 0.000000e+0
      vertex 0.000000e+0 7.000000e+1 3.000000e+0
    endloop
  endfacet
  facet normal 0.000000e+0 1.000000e+0 0.000000e+0
    outer loop
      vertex 2.005000e+2 7.000000e+1 0.000000e+0
      vertex 0.000000e+0 7.000000e+1 3.000000e+0
      vertex 2.005000e+2 7.000000e+1 3.000000e+0
    endloop
  endfacet
  facet normal -1.000000e+0 0.000000e+0 0.000000e+0
    outer loop
      vertex 0.000000e+0 7.000000e+1 0.000000e+0
      vertex 0.000000e+0 6.600000e+1 0.000000e+0
      vertex 0.000000e+0 6.600000e+1 3.000000e+0
    endloop
  endfacet
  facet normal -1.000000e+0 0.000000e+0 0.000000e+0
    outer loop
      vertex 0.000000e+0 7.000000e+1 0.000000e+0
      vertex 0.000000e+0 6.600000e+1 3.000000e+0
      vertex 0.000000e+0 7.000000e+1 3.000000e+0
    endloop
  endfacet
  facet normal 1.000000e+0 0.000000e+0 0.000000e+0
    outer loop
      vertex 2.005000e+2 6.600000e+1 0.000000e+0
      vertex 2.005000e+2 7.000000e+1 0.000000e+0
      vertex 2.005000e+2 7.000000e+1 3.000000e+0
    endloop
  endfacet
  facet normal 1.000000e+0 0.000000e+0 0.000000e+0
    outer loop
      vertex 2.005000e+2 6.600000e+1 0.000000e+0
      vertex 2.005000e+2 7.000000e+1 3.000000e+0
      vertex 2.005000e+2 6.600000e+1 3.000000e+0
    endloop
  endfacet
  facet normal 0.000000e+0 0.000000e+0 -1.000000e+0
    outer loop
      vertex 0.000000e+0 8.800000e+1 0.000000e+0
      vertex 2.005000e+2 8.800000e+1 0.000000e+0
      vertex 2.005000e+2 8.400000e+1 0.000000e+0
    endloop
  endfacet
  facet normal 0.000000e+0 0.000000e+0 -1.000000e+0
    outer loop
      vertex 0.000000e+0 8.800000e+1 0.000000e+0
      vertex 2.005000e+2 8.400000e+1 0.000000e+0
      vertex 0.000000e+0 8.400000e+1 0.000000e+0
    endloop
  endfacet
  facet normal 0.000000e+0 0.000000e+0 1.000000e+0
    outer loop
      vertex 0.000000e+0 8.400000e+1 3.000000e+0
      vertex 2.005000e+2 8.400000e+1 3.000000e+0
      vertex 2.005000e+2 8.800000e+1 3.000000e+0
    endloop
  endfacet
  facet normal 0.000000e+0 0.000000e+0 1.000000e+0
    outer loop
      vertex 0.000000e+0 8.400000e+1 3.000000e+0
      vertex 2.005000e+2 8.800000e+1 3.000000e+0
      vertex 0.000000e+0 8.800000e+1 3.000000e+0
    endloop
  endfacet
  facet normal 0.000000e+0 -1.000000e+0 0.000000e+0
    outer loop
      vertex 0.000000e+0 8.400000e+1 0.000000e+0
      vertex 2.005000e+2 8.400000e+1 0.000000e+0
      vertex 2.005000e+2 8.400000e+1 3.000000e+0
    endloop
  endfacet
  facet normal 0.000000e+0 -1.000000e+0 0.000000e+0
    outer loop
      vertex 0.000000e+0 8.400000e+1 0.000000e+0
      vertex 2.005000e+2 8.400000e+1 3.000000e+0
      vertex 0.000000e+0 8.400000e+1 3.000000e+0
    endloop
  endfacet
  facet normal 0.000000e+0 1.000000e+0 0.000000e+0
    outer loop
      vertex 2.005000e+2 8.800000e+1 0.000000e+0
      vertex 0.000000e+0 8.800000e+1 0.000000e+0
      vertex 0.000000e+0 8.800000e+1 3.000000e+0
    endloop
  endfacet
  facet normal 0.000000e+0 1.000000e+0 0.000000e+0
    outer loop
      vertex 2.005000e+2 8.800000e+1 0.000000e+0
      vertex 0.000000e+0 8.800000e+1 3.000000e+0
      vertex 2.005000e+2 8.800000e+1 3.000000e+0
    endloop
  endfacet
  facet normal -1.000000e+0 0.000000e+0 0.000000e+0
    outer loop
      vertex 0.000000e+0 8.800000e+1 0.000000e+0
      vertex 0.000000e+0 8.400000e+1 0.000000e+0
      vertex 0.000000e+0 8.400000e+1 3.000000e+0
    endloop
  endfacet
  facet normal -1.000000e+0 0.000000e+0 0.000000e+0
    outer loop
      vertex 0.000000e+0 8.800000e+1 0.000000e+0
      vertex 0.000000e+0 8.400000e+1 3.000000e+0
      vertex 0.000000e+0 8.800000e+1 3.000000e+0
    endloop
  endfacet
  facet normal 1.000000e+0 0.000000e+0 0.000000e+0
    outer loop
      vertex 2.005000e+2 8.400000e+1 0.000000e+0
      vertex 2.005000e+2 8.800000e+1 0.000000e+0
      vertex 2.005000e+2 8.800000e+1 3.000000e+0
    endloop
  endfacet
  facet normal 1.000000e+0 0.000000e+0 0.000000e+0
    outer loop
      vertex 2.005000e+2 8.400000e+1 0.000000e+0
      vertex 2.005000e+2 8.800000e+1 3.000000e+0
      vertex 2.005000e+2 8.400000e+1 3.000000e+0
    endloop
  endfacet
  facet normal 0.000000e+0 0.000000e+0 -1.000000e+0
    outer loop
      vertex 0.000000e+0 1.060000e+2 0.000000e+0
      vertex 2.005000e+2 1.060000e+2 0.000000e+0
      vertex 2.005000e+2 1.020000e+2 0.000000e+0
    endloop
  endfacet
  facet normal 0.000000e+0 0.000000e+0 -1.000000e+0
    outer loop
      vertex 0.000000e+0 1.060000e+2 0.000000e+0
      vertex 2.005000e+2 1.020000e+2 0.000000e+0
      vertex 0.000000e+0 1.020000e+2 0.000000e+0
    endloop
  endfacet
  facet normal 0.000000e+0 0.000000e+0 1.000000e+0
    outer loop
      vertex 0.000000e+0 1.020000e+2 3.000000e+0
      vertex 2.005000e+2 1.020000e+2 3.000000e+0
      vertex 2.005000e+2 1.060000e+2 3.000000e+0
    endloop
  endfacet
  facet normal 0.000000e+0 0.000000e+0 1.000000e+0
    outer loop
      vertex 0.000000e+0 1.020000e+2 3.000000e+0
      vertex 2.005000e+2 1.060000e+2 3.000000e+0
      vertex 0.000000e+0 1.060000e+2 3.000000e+0
    endloop
  endfacet
  facet normal 0.000000e+0 -1.000000e+0 0.000000e+0
    outer loop
      vertex 0.000000e+0 1.020000e+2 0.000000e+0
      vertex 2.005000e+2 1.020000e+2 0.000000e+0
      vertex 2.005000e+2 1.020000e+2 3.000000e+0
    endloop
  endfacet
  facet normal 0.000000e+0 -1.000000e+0 0.000000e+0
    outer loop
      vertex 0.000000e+0 1.020000e+2 0.000000e+0
      vertex 2.005000e+2 1.020000e+2 3.000000e+0
      vertex 0.000000e+0 1.020000e+2 3.000000e+0
    endloop
  endfacet
  facet normal 0.000000e+0 1.000000e+0 0.000000e+0
    outer loop
      vertex 2.005000e+2 1.060000e+2 0.000000e+0
      vertex 0.000000e+0 1.060000e+2 0.000000e+0
      vertex 0.000000e+0 1.060000e+2 3.000000e+0
    endloop
  endfacet
  facet normal 0.000000e+0 1.000000e+0 0.000000e+0
    outer loop
      vertex 2.005000e+2 1.060000e+2 0.000000e+0
      vertex 0.000000e+0 1.060000e+2 3.000000e+0
      vertex 2.005000e+2 1.060000e+2 3.000000e+0
    endloop
  endfacet
  facet normal -1.000000e+0 0.000000e+0 0.000000e+0
    outer loop
      vertex 0.000000e+0 1.060000e+2 0.000000e+0
      vertex 0.000000e+0 1.020000e+2 0.000000e+0
      vertex 0.000000e+0 1.020000e+2 3.000000e+0
    endloop
  endfacet
  facet normal -1.000000e+0 0.000000e+0 0.000000e+0
    outer loop
      vertex 0.000000e+0 1.060000e+2 0.000000e+0
      vertex 0.000000e+0 1.020000e+2 3.000000e+0
      vertex 0.000000e+0 1.060000e+2 3.000000e+0
    endloop
  endfacet
  facet normal 1.000000e+0 0.000000e+0 0.000000e+0
    outer loop
      vertex 2.005000e+2 1.020000e+2 0.000000e+0
      vertex 2.005000e+2 1.060000e+2 0.000000e+0
      vertex 2.005000e+2 1.060000e+2 3.000000e+0
    endloop
  endfacet
  facet normal 1.000000e+0 0.000000e+0 0.000000e+0
    outer loop
      vertex 2.005000e+2 1.020000e+2 0.000000e+0
      vertex 2.005000e+2 1.060000e+2 3.000000e+0
      vertex 2.005000e+2 1.020000e+2 3.000000e+0
    endloop
  endfacet
  facet normal 0.000000e+0 0.000000e+0 -1.000000e+0
    outer loop
      vertex 0.000000e+0 1.240000e+2 0.000000e+0
      vertex 2.005000e+2 1.240000e+2 0.000000e+0
      vertex 2.005000e+2 1.200000e+2 0.000000e+0
    endloop
  endfacet
  facet normal 0.000000e+0 0.000000e+0 -1.000000e+0
    outer loop
      vertex 0.000000e+0 1.240000e+2 0.000000e+0
      vertex 2.005000e+2 1.200000e+2 0.000000e+0
      vertex 0.000000e+0 1.200000e+2 0.000000e+0
    endloop
  endfacet
  facet normal 0.000000e+0 0.000000e+0 1.000000e+0
    outer loop
      vertex 0.000000e+0 1.200000e+2 3.000000e+0
      vertex 2.005000e+2 1.200000e+2 3.000000e+0
      vertex 2.005000e+2 1.240000e+2 3.000000e+0
    endloop
  endfacet
  facet normal 0.000000e+0 0.000000e+0 1.000000e+0
    outer loop
      vertex 0.000000e+0 1.200000e+2 3.000000e+0
      vertex 2.005000e+2 1.240000e+2 3.000000e+0
      vertex 0.000000e+0 1.240000e+2 3.000000e+0
    endloop
  endfacet
  facet normal 0.000000e+0 -1.000000e+0 0.000000e+0
    outer loop
      vertex 0.000000e+0 1.200000e+2 0.000000e+0
      vertex 2.005000e+2 1.200000e+2 0.000000e+0
      vertex 2.005000e+2 1.200000e+2 3.000000e+0
    endloop
  endfacet
  facet normal 0.000000e+0 -1.000000e+0 0.000000e+0
    outer loop
      vertex 0.000000e+0 1.200000e+2 0.000000e+0
      vertex 2.005000e+2 1.200000e+2 3.000000e+0
      vertex 0.000000e+0 1.200000e+2 3.000000e+0
    endloop
  endfacet
  facet normal 0.000000e+0 1.000000e+0 0.000000e+0
    outer loop
      vertex 2.005000e+2 1.240000e+2 0.000000e+0
      vertex 0.000000e+0 1.240000e+2 0.000000e+0
      vertex 0.000000e+0 1.240000e+2 3.000000e+0
    endloop
  endfacet
  facet normal 0.000000e+0 1.000000e+0 0.000000e+0
    outer loop
      vertex 2.005000e+2 1.240000e+2 0.000000e+0
      vertex 0.000000e+0 1.240000e+2 3.000000e+0
      vertex 2.005000e+2 1.240000e+2 3.000000e+0
    endloop
  endfacet
  facet normal -1.000000e+0 0.000000e+0 0.000000e+0
    outer loop
      vertex 0.000000e+0 1.240000e+2 0.000000e+0
      vertex 0.000000e+0 1.200000e+2 0.000000e+0
      vertex 0.000000e+0 1.200000e+2 3.000000e+0
    endloop
  endfacet
  facet normal -1.000000e+0 0.000000e+0 0.000000e+0
    outer loop
      vertex 0.000000e+0 1.240000e+2 0.000000e+0
      vertex 0.000000e+0 1.200000e+2 3.000000e+0
      vertex 0.000000e+0 1.240000e+2 3.000000e+0
    endloop
  endfacet
  facet normal 1.000000e+0 0.000000e+0 0.000000e+0
    outer loop
      vertex 2.005000e+2 1.200000e+2 0.000000e+0
      vertex 2.005000e+2 1.240000e+2 0.000000e+0
      vertex 2.005000e+2 1.240000e+2 3.000000e+0
    endloop
  endfacet
  facet normal 1.000000e+0 0.000000e+0 0.000000e+0
    outer loop
      vertex 2.005000e+2 1.200000e+2 0.000000e+0
      vertex 2.005000e+2 1.240000e+2 3.000000e+0
      vertex 2.005000e+2 1.200000e+2 3.000000e+0
    endloop
  endfacet
  facet normal 0.000000e+0 0.000000e+0 -1.000000e+0
    outer loop
      vertex 0.000000e+0 1.420000e+2 0.000000e+0
      vertex 2.005000e+2 1.420000e+2 0.000000e+0
      vertex 2.005000e+2 1.380000e+2 0.000000e+0
    endloop
  endfacet
  facet normal 0.000000e+0 0.000000e+0 -1.000000e+0
    outer loop
      vertex 0.000000e+0 1.420000e+2 0.000000e+0
      vertex 2.005000e+2 1.380000e+2 0.000000e+0
      vertex 0.000000e+0 1.380000e+2 0.000000e+0
    endloop
  endfacet
  facet normal 0.000000e+0 0.000000e+0 1.000000e+0
    outer loop
      vertex 0.000000e+0 1.380000e+2 3.000000e+0
      vertex 2.005000e+2 1.380000e+2 3.000000e+0
      vertex 2.005000e+2 1.420000e+2 3.000000e+0
    endloop
  endfacet
  facet normal 0.000000e+0 0.000000e+0 1.000000e+0
    outer loop
      vertex 0.000000e+0 1.380000e+2 3.000000e+0
      vertex 2.005000e+2 1.420000e+2 3.000000e+0
      vertex 0.000000e+0 1.420000e+2 3.000000e+0
    endloop
  endfacet
  facet normal 0.000000e+0 -1.000000e+0 0.000000e+0
    outer loop
      vertex 0.000000e+0 1.380000e+2 0.000000e+0
      vertex 2.005000e+2 1.380000e+2 0.000000e+0
      vertex 2.005000e+2 1.380000e+2 3.000000e+0
    endloop
  endfacet
  facet normal 0.000000e+0 -1.000000e+0 0.000000e+0
    outer loop
      vertex 0.000000e+0 1.380000e+2 0.000000e+0
      vertex 2.005000e+2 1.380000e+2 3.000000e+0
      vertex 0.000000e+0 1.380000e+2 3.000000e+0
    endloop
  endfacet
  facet normal 0.000000e+0 1.000000e+0 0.000000e+0
    outer loop
      vertex 2.005000e+2 1.420000e+2 0.000000e+0
      vertex 0.000000e+0 1.420000e+2 0.000000e+0
      vertex 0.000000e+0 1.420000e+2 3.000000e+0
    endloop
  endfacet
  facet normal 0.000000e+0 1.000000e+0 0.000000e+0
    outer loop
      vertex 2.005000e+2 1.420000e+2 0.000000e+0
      vertex 0.000000e+0 1.420000e+2 3.000000e+0
      vertex 2.005000e+2 1.420000e+2 3.000000e+0
    endloop
  endfacet
  facet normal -1.000000e+0 0.000000e+0 0.000000e+0
    outer loop
      vertex 0.000000e+0 1.420000e+2 0.000000e+0
      vertex 0.000000e+0 1.380000e+2 0.000000e+0
      vertex 0.000000e+0 1.380000e+2 3.000000e+0
    endloop
  endfacet
  facet normal -1.000000e+0 0.000000e+0 0.000000e+0
    outer loop
      vertex 0.000000e+0 1.420000e+2 0.000000e+0
      vertex 0.000000e+0 1.380000e+2 3.000000e+0
      vertex 0.000000e+0 1.420000e+2 3.000000e+0
    endloop
  endfacet
  facet normal 1.000000e+0 0.000000e+0 0.000000e+0
    outer loop
      vertex 2.005000e+2 1.380000e+2 0.000000e+0
      vertex 2.005000e+2 1.420000e+2 0.000000e+0
      vertex 2.005000e+2 1.420000e+2 3.000000e+0
    endloop
  endfacet
  facet normal 1.000000e+0 0.000000e+0 0.000000e+0
    outer loop
      vertex 2.005000e+2 1.380000e+2 0.000000e+0
      vertex 2.005000e+2 1.420000e+2 3.000000e+0
      vertex 2.005000e+2 1.380000e+2 3.000000e+0
    endloop
  endfacet
  facet normal 0.000000e+0 0.000000e+0 -1.000000e+0
    outer loop
      vertex 0.000000e+0 1.600000e+2 0.000000e+0
      vertex 2.005000e+2 1.600000e+2 0.000000e+0
      vertex 2.005000e+2 1.560000e+2 0.000000e+0
    endloop
  endfacet
  facet normal 0.000000e+0 0.000000e+0 -1.000000e+0
    outer loop
      vertex 0.000000e+0 1.600000e+2 0.000000e+0
      vertex 2.005000e+2 1.560000e+2 0.000000e+0
      vertex 0.000000e+0 1.560000e+2 0.000000e+0
    endloop
  endfacet
  facet normal 0.000000e+0 0.000000e+0 1.000000e+0
    outer loop
      vertex 0.000000e+0 1.560000e+2 3.000000e+0
      vertex 2.005000e+2 1.560000e+2 3.000000e+0
      vertex 2.005000e+2 1.600000e+2 3.000000e+0
    endloop
  endfacet
  facet normal 0.000000e+0 0.000000e+0 1.000000e+0
    outer loop
      vertex 0.000000e+0 1.560000e+2 3.000000e+0
      vertex 2.005000e+2 1.600000e+2 3.000000e+0
      vertex 0.000000e+0 1.600000e+2 3.000000e+0
    endloop
  endfacet
  facet normal 0.000000e+0 -1.000000e+0 0.000000e+0
    outer loop
      vertex 0.000000e+0 1.560000e+2 0.000000e+0
      vertex 2.005000e+2 1.560000e+2 0.000000e+0
      vertex 2.005000e+2 1.560000e+2 3.000000e+0
    endloop
  endfacet
  facet normal 0.000000e+0 -1.000000e+0 0.000000e+0
    outer loop
      vertex 0.000000e+0 1.560000e+2 0.000000e+0
      vertex 2.005000e+2 1.560000e+2 3.000000e+0
      vertex 0.000000e+0 1.560000e+2 3.000000e+0
    endloop
  endfacet
  facet normal 0.000000e+0 1.000000e+0 0.000000e+0
    outer loop
      vertex 2.005000e+2 1.600000e+2 0.000000e+0
      vertex 0.000000e+0 1.600000e+2 0.000000e+0
      vertex 0.000000e+0 1.600000e+2 3.000000e+0
    endloop
  endfacet
  facet normal 0.000000e+0 1.000000e+0 0.000000e+0
    outer loop
      vertex 2.005000e+2 1.600000e+2 0.000000e+0
      vertex 0.000000e+0 1.600000e+2 3.000000e+0
      vertex 2.005000e+2 1.600000e+2 3.000000e+0
    endloop
  endfacet
  facet normal -1.000000e+0 0.000000e+0 0.000000e+0
    outer loop
      vertex 0.000000e+0 1.600000e+2 0.000000e+0
      vertex 0.000000e+0 1.560000e+2 0.000000e+0
      vertex 0.000000e+0 1.560000e+2 3.000000e+0
    endloop
  endfacet
  facet normal -1.000000e+0 0.000000e+0 0.000000e+0
    outer loop
      vertex 0.000000e+0 1.600000e+2 0.000000e+0
      vertex 0.000000e+0 1.560000e+2 3.000000e+0
      vertex 0.000000e+0 1.600000e+2 3.000000e+0
    endloop
  endfacet
  facet normal 1.000000e+0 0.000000e+0 0.000000e+0
    outer loop
      vertex 2.005000e+2 1.560000e+2 0.000000e+0
      vertex 2.005000e+2 1.600000e+2 0.000000e+0
      vertex 2.005000e+2 1.600000e+2 3.000000e+0
    endloop
  endfacet
  facet normal 1.000000e+0 0.000000e+0 0.000000e+0
    outer loop
      vertex 2.005000e+2 1.560000e+2 0.000000e+0
      vertex 2.005000e+2 1.600000e+2 3.000000e+0
      vertex 2.005000e+2 1.560000e+2 3.000000e+0
    endloop
  endfacet
  facet normal 0.000000e+0 0.000000e+0 -1.000000e+0
    outer loop
      vertex 0.000000e+0 1.780000e+2 0.000000e+0
      vertex 2.005000e+2 1.780000e+2 0.000000e+0
      vertex 2.005000e+2 1.740000e+2 0.000000e+0
    endloop
  endfacet
  facet normal 0.000000e+0 0.000000e+0 -1.000000e+0
    outer loop
      vertex 0.000000e+0 1.780000e+2 0.000000e+0
      vertex 2.005000e+2 1.740000e+2 0.000000e+0
      vertex 0.000000e+0 1.740000e+2 0.000000e+0
    endloop
  endfacet
  facet normal 0.000000e+0 0.000000e+0 1.000000e+0
    outer loop
      vertex 0.000000e+0 1.740000e+2 3.000000e+0
      vertex 2.005000e+2 1.740000e+2 3.000000e+0
      vertex 2.005000e+2 1.780000e+2 3.000000e+0
    endloop
  endfacet
  facet normal 0.000000e+0 0.000000e+0 1.000000e+0
    outer loop
      vertex 0.000000e+0 1.740000e+2 3.000000e+0
      vertex 2.005000e+2 1.780000e+2 3.000000e+0
      vertex 0.000000e+0 1.780000e+2 3.000000e+0
    endloop
  endfacet
  facet normal 0.000000e+0 -1.000000e+0 0.000000e+0
    outer loop
      vertex 0.000000e+0 1.740000e+2 0.000000e+0
      vertex 2.005000e+2 1.740000e+2 0.000000e+0
      vertex 2.005000e+2 1.740000e+2 3.000000e+0
    endloop
  endfacet
  facet normal 0.000000e+0 -1.000000e+0 0.000000e+0
    outer loop
      vertex 0.000000e+0 1.740000e+2 0.000000e+0
      vertex 2.005000e+2 1.740000e+2 3.000000e+0
      vertex 0.000000e+0 1.740000e+2 3.000000e+0
    endloop
  endfacet
  facet normal 0.000000e+0 1.000000e+0 0.000000e+0
    outer loop
      vertex 2.005000e+2 1.780000e+2 0.000000e+0
      vertex 0.000000e+0 1.780000e+2 0.000000e+0
      vertex 0.000000e+0 1.780000e+2 3.000000e+0
    endloop
  endfacet
  facet normal 0.000000e+0 1.000000e+0 0.000000e+0
    outer loop
      vertex 2.005000e+2 1.780000e+2 0.000000e+0
      vertex 0.000000e+0 1.780000e+2 3.000000e+0
      vertex 2.005000e+2 1.780000e+2 3.000000e+0
    endloop
  endfacet
  facet normal -1.000000e+0 0.000000e+0 0.000000e+0
    outer loop
      vertex 0.000000e+0 1.780000e+2 0.000000e+0
      vertex 0.000000e+0 1.740000e+2 0.000000e+0
      vertex 0.000000e+0 1.740000e+2 3.000000e+0
    endloop
  endfacet
  facet normal -1.000000e+0 0.000000e+0 0.000000e+0
    outer loop
      vertex 0.000000e+0 1.780000e+2 0.000000e+0
      vertex 0.000000e+0 1.740000e+2 3.000000e+0
      vertex 0.000000e+0 1.780000e+2 3.000000e+0
    endloop
  endfacet
  facet normal 1.000000e+0 0.000000e+0 0.000000e+0
    outer loop
      vertex 2.005000e+2 1.740000e+2 0.000000e+0
      vertex 2.005000e+2 1.780000e+2 0.000000e+0
      vertex 2.005000e+2 1.780000e+2 3.000000e+0
    endloop
  endfacet
  facet normal 1.000000e+0 0.000000e+0 0.000000e+0
    outer loop
      vertex 2.005000e+2 1.740000e+2 0.000000e+0
      vertex 2.005000e+2 1.780000e+2 3.000000e+0
      vertex 2.005000e+2 1.740000e+2 3.000000e+0
    endloop
  endfacet
  facet normal 0.000000e+0 0.000000e+0 -1.000000e+0
    outer loop
      vertex 0.000000e+0 1.600000e+1 0.000000e+0
      vertex 2.000000e+0 1.600000e+1 0.000000e+0
      vertex 2.000000e+0 2.000000e+0 0.000000e+0
    endloop
  endfacet
  facet normal 0.000000e+0 0.000000e+0 -1.000000e+0
    outer loop
      vertex 0.000000e+0 1.600000e+1 0.000000e+0
      vertex 2.000000e+0 2.000000e+0 0.000000e+0
      vertex 0.000000e+0 2.000000e+0 0.000000e+0
    endloop
  endfacet
  facet normal 0.000000e+0 0.000000e+0 1.000000e+0
    outer loop
      vertex 0.000000e+0 2.000000e+0 3.000000e+0
      vertex 2.000000e+0 2.000000e+0 3.000000e+0
      vertex 2.000000e+0 1.600000e+1 3.000000e+0
    endloop
  endfacet
  facet normal 0.000000e+0 0.000000e+0 1.000000e+0
    outer loop
      vertex 0.000000e+0 2.000000e+0 3.000000e+0
      vertex 2.000000e+0 1.600000e+1 3.000000e+0
      vertex 0.000000e+0 1.600000e+1 3.000000e+0
    endloop
  endfacet
  facet normal 0.000000e+0 -1.000000e+0 0.000000e+0
    outer loop
      vertex 0.000000e+0 2.000000e+0 0.000000e+0
      vertex 2.000000e+0 2.000000e+0 0.000000e+0
      vertex 2.000000e+0 2.000000e+0 3.000000e+0
    endloop
  endfacet
  facet normal 0.000000e+0 -1.000000e+0 0.000000e+0
    outer loop
      vertex 0.000000e+0 2.000000e+0 0.000000e+0
      vertex 2.000000e+0 2.000000e+0 3.000000e+0
      vertex 0.000000e+0 2.000000e+0 3.000000e+0
    endloop
  endfacet
  facet normal 0.000000e+0 1.000000e+0 0.000000e+0
    outer loop
      vertex 2.000000e+0 1.600000e+1 0.000000e+0
      vertex 0.000000e+0 1.600000e+1 0.000000e+0
      vertex 0.000000e+0 1.600000e+1 3.000000e+0
    endloop
  endfacet
  facet normal 0.000000e+0 1.000000e+0 0.000000e+0
    outer loop
      vertex 2.000000e+0 1.600000e+1 0.000000e+0
      vertex 0.000000e+0 1.600000e+1 3.000000e+0
      vertex 2.000000e+0 1.600000e+1 3.000000e+0
    endloop
  endfacet
  facet normal -1.000000e+0 0.000000e+0 0.000000e+0
    outer loop
      vertex 0.000000e+0 1.600000e+1 0.000000e+0
      vertex 0.000000e+0 2.000000e+0 0.000000e+0
      vertex 0.000000e+0 2.000000e+0 3.000000e+0
    endloop
  endfacet
  facet normal -1.000000e+0 0.000000e+0 0.000000e+0
    outer loop
      vertex 0.000000e+0 1.600000e+1 0.000000e+0
      vertex 0.000000e+0 2.000000e+0 3.000000e+0
      vertex 0.000000e+0 1.600000e+1 3.000000e+0
    endloop
  endfacet
  facet normal 1.000000e+0 0.000000e+0 0.000000e+0
    outer loop
      vertex 2.000000e+0 2.000000e+0 0.000000e+0
      vertex 2.000000e+0 1.600000e+1 0.000000e+0
      vertex 2.000000e+0 1.600000e+1 3.000000e+0
    endloop
  endfacet
  facet normal 1.000000e+0 0.000000e+0 0.000000e+0
    outer loop
      vertex 2.000000e+0 2.000000e+0 0.000000e+0
      vertex 2.000000e+0 1.600000e+1 3.000000e+0
      vertex 2.000000e+0 2.000000e+0 3.000000e+0
    endloop
  endfacet
  facet normal 0.000000e+0 0.000000e+0 -1.000000e+0
    outer loop
      vertex 3.000000e+1 1.600000e+1 0.000000e+0
      vertex 3.400000e+1 1.600000e+1 0.000000e+0
      vertex 3.400000e+1 2.000000e+0 0.000000e+0
    endloop
  endfacet
  facet normal 0.000000e+0 0.000000e+0 -1.000000e+0
    outer loop
      vertex 3.000000e+1 1.600000e+1 0.000000e+0
      vertex 3.400000e+1 2.000000e+0 0.000000e+0
      vertex 3.000000e+1 2.000000e+0 0.000000e+0
    endloop
  endfacet
  facet normal 0.000000e+0 0.000000e+0 1.000000e+0
    outer loop
      vertex 3.000000e+1 2.000000e+0 3.000000e+0
      vertex 3.400000e+1 2.000000e+0 3.000000e+0
      vertex 3.400000e+1 1.600000e+1 3.000000e+0
    endloop
  endfacet
  facet normal 0.000000e+0 0.000000e+0 1.000000e+0
    outer loop
      vertex 3.000000e+1 2.000000e+0 3.000000e+0
      vertex 3.400000e+1 1.600000e+1 3.000000e+0
      vertex 3.000000e+1 1.600000e+1 3.000000e+0
    endloop
  endfacet
  facet normal 0.000000e+0 -1.000000e+0 0.000000e+0
    outer loop
      vertex 3.000000e+1 2.000000e+0 0.000000e+0
      vertex 3.400000e+1 2.000000e+0 0.000000e+0
      vertex 3.400000e+1 2.000000e+0 3.000000e+0
    endloop
  endfacet
  facet normal 0.000000e+0 -1.000000e+0 0.000000e+0
    outer loop
      vertex 3.000000e+1 2.000000e+0 0.000000e+0
      vertex 3.400000e+1 2.000000e+0 3.000000e+0
      vertex 3.000000e+1 2.000000e+0 3.000000e+0
    endloop
  endfacet
  facet normal 0.000000e+0 1.000000e+0 0.000000e+0
    outer loop
      vertex 3.400000e+1 1.600000e+1 0.000000e+0
      vertex 3.000000e+1 1.600000e+1 0.000000e+0
      vertex 3.000000e+1 1.600000e+1 3.000000e+0
    endloop
  endfacet
  facet normal 0.000000e+0 1.000000e+0 0.000000e+0
    outer loop
      vertex 3.400000e+1 1.600000e+1 0.000000e+0
      vertex 3.000000e+1 1.600000e+1 3.000000e+0
      vertex 3.400000e+1 1.600000e+1 3.000000e+0
    endloop
  endfacet
  facet normal -1.000000e+0 0.000000e+0 0.000000e+0
    outer loop
      vertex 3.000000e+1 1.600000e+1 0.000000e+0
      vertex 3.000000e+1 2.000000e+0 0.000000e+0
      vertex 3.000000e+1 2.000000e+0 3.000000e+0
    endloop
  endfacet
  facet normal -1.000000e+0 0.000000e+0 0.000000e+0
    outer loop
      vertex 3.000000e+1 1.600000e+1 0.000000e+0
      vertex 3.000000e+1 2.000000e+0 3.000000e+0
      vertex 3.000000e+1 1.600000e+1 3.000000e+0
    endloop
  endfacet
  facet normal 1.000000e+0 0.000000e+0 0.000000e+0
    outer loop
      vertex 3.400000e+1 2.000000e+0 0.000000e+0
      vertex 3.400000e+1 1.600000e+1 0.000000e+0
      vertex 3.400000e+1 1.600000e+1 3.000000e+0
    endloop
  endfacet
  facet normal 1.000000e+0 0.000000e+0 0.000000e+0
    outer loop
      vertex 3.400000e+1 2.000000e+0 0.000000e+0
      vertex 3.400000e+1 1.600000e+1 3.000000e+0
      vertex 3.400000e+1 2.000000e+0 3.000000e+0
    endloop
  endfacet
  facet normal 0.000000e+0 0.000000e+0 -1.000000e+0
    outer loop
      vertex 4.800000e+1 1.600000e+1 0.000000e+0
      vertex 5.200000e+1 1.600000e+1 0.000000e+0
      vertex 5.200000e+1 2.000000e+0 0.000000e+0
    endloop
  endfacet
  facet normal 0.000000e+0 0.000000e+0 -1.000000e+0
    outer loop
      vertex 4.800000e+1 1.600000e+1 0.000000e+0
      vertex 5.200000e+1 2.000000e+0 0.000000e+0
      vertex 4.800000e+1 2.000000e+0 0.000000e+0
    endloop
  endfacet
  facet normal 0.000000e+0 0.000000e+0 1.000000e+0
    outer loop
      vertex 4.800000e+1 2.000000e+0 3.000000e+0
      vertex 5.200000e+1 2.000000e+0 3.000000e+0
      vertex 5.200000e+1 1.600000e+1 3.000000e+0
    endloop
  endfacet
  facet normal 0.000000e+0 0.000000e+0 1.000000e+0
    outer loop
      vertex 4.800000e+1 2.000000e+0 3.000000e+0
      vertex 5.200000e+1 1.600000e+1 3.000000e+0
      vertex 4.800000e+1 1.600000e+1 3.000000e+0
    endloop
  endfacet
  facet normal 0.000000e+0 -1.000000e+0 0.000000e+0
    outer loop
      vertex 4.800000e+1 2.000000e+0 0.000000e+0
      vertex 5.200000e+1 2.000000e+0 0.000000e+0
      vertex 5.200000e+1 2.000000e+0 3.000000e+0
    endloop
  endfacet
  facet normal 0.000000e+0 -1.000000e+0 0.000000e+0
    outer loop
      vertex 4.800000e+1 2.000000e+0 0.000000e+0
      vertex 5.200000e+1 2.000000e+0 3.000000e+0
      vertex 4.800000e+1 2.000000e+0 3.000000e+0
    endloop
  endfacet
  facet normal 0.000000e+0 1.000000e+0 0.000000e+0
    outer loop
      vertex 5.200000e+1 1.600000e+1 0.000000e+0
      vertex 4.800000e+1 1.600000e+1 0.000000e+0
      vertex 4.800000e+1 1.600000e+1 3.000000e+0
    endloop
  endfacet
  facet normal 0.000000e+0 1.000000e+0 0.000000e+0
    outer loop
      vertex 5.200000e+1 1.600000e+1 0.000000e+0
      vertex 4.800000e+1 1.600000e+1 3.000000e+0
      vertex 5.200000e+1 1.600000e+1 3.000000e+0
    endloop
  endfacet
  facet normal -1.000000e+0 0.000000e+0 0.000000e+0
    outer loop
      vertex 4.800000e+1 1.600000e+1 0.000000e+0
      vertex 4.800000e+1 2.000000e+0 0.000000e+0
      vertex 4.800000e+1 2.000000e+0 3.000000e+0
    endloop
  endfacet
  facet normal -1.000000e+0 0.000000e+0 0.000000e+0
    outer loop
      vertex 4.800000e+1 1.600000e+1 0.000000e+0
      vertex 4.800000e+1 2.000000e+0 3.000000e+0
      vertex 4.800000e+1 1.600000e+1 3.000000e+0
    endloop
  endfacet
  facet normal 1.000000e+0 0.000000e+0 0.000000e+0
    outer loop
      vertex 5.200000e+1 2.000000e+0 0.000000e+0
      vertex 5.200000e+1 1.600000e+1 0.000000e+0
      vertex 5.200000e+1 1.600000e+1 3.000000e+0
    endloop
  endfacet
  facet normal 1.000000e+0 0.000000e+0 0.000000e+0
    outer loop
      vertex 5.200000e+1 2.000000e+0 0.000000e+0
      vertex 5.200000e+1 1.600000e+1 3.000000e+0
      vertex 5.200000e+1 2.000000e+0 3.000000e+0
    endloop
  endfacet
  facet normal 0.000000e+0 0.000000e+0 -1.000000e+0
    outer loop
      vertex 6.600000e+1 1.600000e+1 0.000000e+0
      vertex 7.000000e+1 1.600000e+1 0.000000e+0
      vertex 7.000000e+1 2.000000e+0 0.000000e+0
    endloop
  endfacet
  facet normal 0.000000e+0 0.000000e+0 -1.000000e+0
    outer loop
      vertex 6.600000e+1 1.600000e+1 0.000000e+0
      vertex 7.000000e+1 2.000000e+0 0.000000e+0
      vertex 6.600000e+1 2.000000e+0 0.000000e+0
    endloop
  endfacet
  facet normal 0.000000e+0 0.000000e+0 1.000000e+0
    outer loop
      vertex 6.600000e+1 2.000000e+0 3.000000e+0
      vertex 7.000000e+1 2.000000e+0 3.000000e+0
      vertex 7.000000e+1 1.600000e+1 3.000000e+0
    endloop
  endfacet
  facet normal 0.000000e+0 0.000000e+0 1.000000e+0
    outer loop
      vertex 6.600000e+1 2.000000e+0 3.000000e+0
      vertex 7.000000e+1 1.600000e+1 3.000000e+0
      vertex 6.600000e+1 1.600000e+1 3.000000e+0
    endloop
  endfacet
  facet normal 0.000000e+0 -1.000000e+0 0.000000e+0
    outer loop
      vertex 6.600000e+1 2.000000e+0 0.000000e+0
      vertex 7.000000e+1 2.000000e+0 0.000000e+0
      vertex 7.000000e+1 2.000000e+0 3.000000e+0
    endloop
  endfacet
  facet normal 0.000000e+0 -1.000000e+0 0.000000e+0
    outer loop
      vertex 6.600000e+1 2.000000e+0 0.000000e+0
      vertex 7.000000e+1 2.000000e+0 3.000000e+0
      vertex 6.600000e+1 2.000000e+0 3.000000e+0
    endloop
  endfacet
  facet normal 0.000000e+0 1.000000e+0 0.000000e+0
    outer loop
      vertex 7.000000e+1 1.600000e+1 0.000000e+0
      vertex 6.600000e+1 1.600000e+1 0.000000e+0
      vertex 6.600000e+1 1.600000e+1 3.000000e+0
    endloop
  endfacet
  facet normal 0.000000e+0 1.000000e+0 0.000000e+0
    outer loop
      vertex 7.000000e+1 1.600000e+1 0.000000e+0
      vertex 6.600000e+1 1.600000e+1 3.000000e+0
      vertex 7.000000e+1 1.600000e+1 3.000000e+0
    endloop
  endfacet
  facet normal -1.000000e+0 0.000000e+0 0.000000e+0
    outer loop
      vertex 6.600000e+1 1.600000e+1 0.000000e+0
      vertex 6.600000e+1 2.000000e+0 0.000000e+0
      vertex 6.600000e+1 2.000000e+0 3.000000e+0
    endloop
  endfacet
  facet normal -1.000000e+0 0.000000e+0 0.000000e+0
    outer loop
      vertex 6.600000e+1 1.600000e+1 0.000000e+0
      vertex 6.600000e+1 2.000000e+0 3.000000e+0
      vertex 6.600000e+1 1.600000e+1 3.000000e+0
    endloop
  endfacet
  facet normal 1.000000e+0 0.000000e+0 0.000000e+0
    outer loop
      vertex 7.000000e+1 2.000000e+0 0.000000e+0
      vertex 7.000000e+1 1.600000e+1 0.000000e+0
      vertex 7.000000e+1 1.600000e+1 3.000000e+0
    endloop
  endfacet
  facet normal 1.000000e+0 0.000000e+0 0.000000e+0
    outer loop
      vertex 7.000000e+1 2.000000e+0 0.000000e+0
      vertex 7.000000e+1 1.600000e+1 3.000000e+0
      vertex 7.000000e+1 2.000000e+0 3.000000e+0
    endloop
  endfacet
  facet normal 0.000000e+0 0.000000e+0 -1.000000e+0
    outer loop
      vertex 8.400000e+1 1.600000e+1 0.000000e+0
      vertex 8.800000e+1 1.600000e+1 0.000000e+0
      vertex 8.800000e+1 2.000000e+0 0.000000e+0
    endloop
  endfacet
  facet normal 0.000000e+0 0.000000e+0 -1.000000e+0
    outer loop
      vertex 8.400000e+1 1.600000e+1 0.000000e+0
      vertex 8.800000e+1 2.000000e+0 0.000000e+0
      vertex 8.400000e+1 2.000000e+0 0.000000e+0
    endloop
  endfacet
  facet normal 0.000000e+0 0.000000e+0 1.000000e+0
    outer loop
      vertex 8.400000e+1 2.000000e+0 3.000000e+0
      vertex 8.800000e+1 2.000000e+0 3.000000e+0
      vertex 8.800000e+1 1.600000e+1 3.000000e+0
    endloop
  endfacet
  facet normal 0.000000e+0 0.000000e+0 1.000000e+0
    outer loop
      vertex 8.400000e+1 2.000000e+0 3.000000e+0
      vertex 8.800000e+1 1.600000e+1 3.000000e+0
      vertex 8.400000e+1 1.600000e+1 3.000000e+0
    endloop
  endfacet
  facet normal 0.000000e+0 -1.000000e+0 0.000000e+0
    outer loop
      vertex 8.400000e+1 2.000000e+0 0.000000e+0
      vertex 8.800000e+1 2.000000e+0 0.000000e+0
      vertex 8.800000e+1 2.000000e+0 3.000000e+0
    endloop
  endfacet
  facet normal 0.000000e+0 -1.000000e+0 0.000000e+0
    outer loop
      vertex 8.400000e+1 2.000000e+0 0.000000e+0
      vertex 8.800000e+1 2.000000e+0 3.000000e+0
      vertex 8.400000e+1 2.000000e+0 3.000000e+0
    endloop
  endfacet
  facet normal 0.000000e+0 1.000000e+0 0.000000e+0
    outer loop
      vertex 8.800000e+1 1.600000e+1 0.000000e+0
      vertex 8.400000e+1 1.600000e+1 0.000000e+0
      vertex 8.400000e+1 1.600000e+1 3.000000e+0
    endloop
  endfacet
  facet normal 0.000000e+0 1.000000e+0 0.000000e+0
    outer loop
      vertex 8.800000e+1 1.600000e+1 0.000000e+0
      vertex 8.400000e+1 1.600000e+1 3.000000e+0
      vertex 8.800000e+1 1.600000e+1 3.000000e+0
    endloop
  endfacet
  facet normal -1.000000e+0 0.000000e+0 0.000000e+0
    outer loop
      vertex 8.400000e+1 1.600000e+1 0.000000e+0
      vertex 8.400000e+1 2.000000e+0 0.000000e+0
      vertex 8.400000e+1 2.000000e+0 3.000000e+0
    endloop
  endfacet
  facet normal -1.000000e+0 0.000000e+0 0.000000e+0
    outer loop
      vertex 8.400000e+1 1.600000e+1 0.000000e+0
      vertex 8.400000e+1 2.000000e+0 3.000000e+0
      vertex 8.400000e+1 1.600000e+1 3.000000e+0
    endloop
  endfacet
  facet normal 1.000000e+0 0.000000e+0 0.000000e+0
    outer loop
      vertex 8.800000e+1 2.000000e+0 0.000000e+0
      vertex 8.800000e+1 1.600000e+1 0.000000e+0
      vertex 8.800000e+1 1.600000e+1 3.000000e+0
    endloop
  endfacet
  facet normal 1.000000e+0 0.000000e+0 0.000000e+0
    outer loop
      vertex 8.800000e+1 2.000000e+0 0.000000e+0
      vertex 8.800000e+1 1.600000e+1 3.000000e+0
      vertex 8.800000e+1 2.000000e+0 3.000000e+0
    endloop
  endfacet
  facet normal 0.000000e+0 0.000000e+0 -1.000000e+0
    outer loop
      vertex 1.020000e+2 1.600000e+1 0.000000e+0
      vertex 1.060000e+2 1.600000e+1 0.000000e+0
      vertex 1.060000e+2 2.000000e+0 0.000000e+0
    endloop
  endfacet
  facet normal 0.000000e+0 0.000000e+0 -1.000000e+0
    outer loop
      vertex 1.020000e+2 1.600000e+1 0.000000e+0
      vertex 1.060000e+2 2.000000e+0 0.000000e+0
      vertex 1.020000e+2 2.000000e+0 0.000000e+0
    endloop
  endfacet
  facet normal 0.000000e+0 0.000000e+0 1.000000e+0
    outer loop
      vertex 1.020000e+2 2.000000e+0 3.000000e+0
      vertex 1.060000e+2 2.000000e+0 3.000000e+0
      vertex 1.060000e+2 1.600000e+1 3.000000e+0
    endloop
  endfacet
  facet normal 0.000000e+0 0.000000e+0 1.000000e+0
    outer loop
      vertex 1.020000e+2 2.000000e+0 3.000000e+0
      vertex 1.060000e+2 1.600000e+1 3.000000e+0
      vertex 1.020000e+2 1.600000e+1 3.000000e+0
    endloop
  endfacet
  facet normal 0.000000e+0 -1.000000e+0 0.000000e+0
    outer loop
      vertex 1.020000e+2 2.000000e+0 0.000000e+0
      vertex 1.060000e+2 2.000000e+0 0.000000e+0
      vertex 1.060000e+2 2.000000e+0 3.000000e+0
    endloop
  endfacet
  facet normal 0.000000e+0 -1.000000e+0 0.000000e+0
    outer loop
      vertex 1.020000e+2 2.000000e+0 0.000000e+0
      vertex 1.060000e+2 2.000000e+0 3.000000e+0
      vertex 1.020000e+2 2.000000e+0 3.000000e+0
    endloop
  endfacet
  facet normal 0.000000e+0 1.000000e+0 0.000000e+0
    outer loop
      vertex 1.060000e+2 1.600000e+1 0.000000e+0
      vertex 1.020000e+2 1.600000e+1 0.000000e+0
      vertex 1.020000e+2 1.600000e+1 3.000000e+0
    endloop
  endfacet
  facet normal 0.000000e+0 1.000000e+0 0.000000e+0
    outer loop
      vertex 1.060000e+2 1.600000e+1 0.000000e+0
      vertex 1.020000e+2 1.600000e+1 3.000000e+0
      vertex 1.060000e+2 1.600000e+1 3.000000e+0
    endloop
  endfacet
  facet normal -1.000000e+0 0.000000e+0 0.000000e+0
    outer loop
      vertex 1.020000e+2 1.600000e+1 0.000000e+0
      vertex 1.020000e+2 2.000000e+0 0.000000e+0
      vertex 1.020000e+2 2.000000e+0 3.000000e+0
    endloop
  endfacet
  facet normal -1.000000e+0 0.000000e+0 0.000000e+0
    outer loop
      vertex 1.020000e+2 1.600000e+1 0.000000e+0
      vertex 1.020000e+2 2.000000e+0 3.000000e+0
      vertex 1.020000e+2 1.600000e+1 3.000000e+0
    endloop
  endfacet
  facet normal 1.000000e+0 0.000000e+0 0.000000e+0
    outer loop
      vertex 1.060000e+2 2.000000e+0 0.000000e+0
      vertex 1.060000e+2 1.600000e+1 0.000000e+0
      vertex 1.060000e+2 1.600000e+1 3.000000e+0
    endloop
  endfacet
  facet normal 1.000000e+0 0.000000e+0 0.000000e+0
    outer loop
      vertex 1.060000e+2 2.000000e+0 0.000000e+0
      vertex 1.060000e+2 1.600000e+1 3.000000e+0
      vertex 1.060000e+2 2.000000e+0 3.000000e+0
    endloop
  endfacet
  facet normal 0.000000e+0 0.000000e+0 -1.000000e+0
    outer loop
      vertex 1.200000e+2 1.600000e+1 0.000000e+0
      vertex 1.240000e+2 1.600000e+1 0.000000e+0
      vertex 1.240000e+2 2.000000e+0 0.000000e+0
    endloop
  endfacet
  facet normal 0.000000e+0 0.000000e+0 -1.000000e+0
    outer loop
      vertex 1.200000e+2 1.600000e+1 0.000000e+0
      vertex 1.240000e+2 2.000000e+0 0.000000e+0
      vertex 1.200000e+2 2.000000e+0 0.000000e+0
    endloop
  endfacet
  facet normal 0.000000e+0 0.000000e+0 1.000000e+0
    outer loop
      vertex 1.200000e+2 2.000000e+0 3.000000e+0
      vertex 1.240000e+2 2.000000e+0 3.000000e+0
      vertex 1.240000e+2 1.600000e+1 3.000000e+0
    endloop
  endfacet
  facet normal 0.000000e+0 0.000000e+0 1.000000e+0
    outer loop
      vertex 1.200000e+2 2.000000e+0 3.000000e+0
      vertex 1.240000e+2 1.600000e+1 3.000000e+0
      vertex 1.200000e+2 1.600000e+1 3.000000e+0
    endloop
  endfacet
  facet normal 0.000000e+0 -1.000000e+0 0.000000e+0
    outer loop
      vertex 1.200000e+2 2.000000e+0 0.000000e+0
      vertex 1.240000e+2 2.000000e+0 0.000000e+0
      vertex 1.240000e+2 2.000000e+0 3.000000e+0
    endloop
  endfacet
  facet normal 0.000000e+0 -1.000000e+0 0.000000e+0
    outer loop
      vertex 1.200000e+2 2.000000e+0 0.000000e+0
      vertex 1.240000e+2 2.000000e+0 3.000000e+0
      vertex 1.200000e+2 2.000000e+0 3.000000e+0
    endloop
  endfacet
  facet normal 0.000000e+0 1.000000e+0 0.000000e+0
    outer loop
      vertex 1.240000e+2 1.600000e+1 0.000000e+0
      vertex 1.200000e+2 1.600000e+1 0.000000e+0
      vertex 1.200000e+2 1.600000e+1 3.000000e+0
    endloop
  endfacet
  facet normal 0.000000e+0 1.000000e+0 0.000000e+0
    outer loop
      vertex 1.240000e+2 1.600000e+1 0.000000e+0
      vertex 1.200000e+2 1.600000e+1 3.000000e+0
      vertex 1.240000e+2 1.600000e+1 3.000000e+0
    endloop
  endfacet
  facet normal -1.000000e+0 0.000000e+0 0.000000e+0
    outer loop
      vertex 1.200000e+2 1.600000e+1 0.000000e+0
      vertex 1.200000e+2 2.000000e+0 0.000000e+0
      vertex 1.200000e+2 2.000000e+0 3.000000e+0
    endloop
  endfacet
  facet normal -1.000000e+0 0.000000e+0 0.000000e+0
    outer loop
      vertex 1.200000e+2 1.600000e+1 0.000000e+0
      vertex 1.200000e+2 2.000000e+0 3.000000e+0
      vertex 1.200000e+2 1.600000e+1 3.000000e+0
    endloop
  endfacet
  facet normal 1.000000e+0 0.000000e+0 0.000000e+0
    outer loop
      vertex 1.240000e+2 2.000000e+0 0.000000e+0
      vertex 1.240000e+2 1.600000e+1 0.000000e+0
      vertex 1.240000e+2 1.600000e+1 3.000000e+0
    endloop
  endfacet
  facet normal 1.000000e+0 0.000000e+0 0.000000e+0
    outer loop
      vertex 1.240000e+2 2.000000e+0 0.000000e+0
      vertex 1.240000e+2 1.600000e+1 3.000000e+0
      vertex 1.240000e+2 2.000000e+0 3.000000e+0
    endloop
  endfacet
  facet normal 0.000000e+0 0.000000e+0 -1.000000e+0
    outer loop
      vertex 1.380000e+2 1.600000e+1 0.000000e+0
      vertex 1.420000e+2 1.600000e+1 0.000000e+0
      vertex 1.420000e+2 2.000000e+0 0.000000e+0
    endloop
  endfacet
  facet normal 0.000000e+0 0.000000e+0 -1.000000e+0
    outer loop
      vertex 1.380000e+2 1.600000e+1 0.000000e+0
      vertex 1.420000e+2 2.000000e+0 0.000000e+0
      vertex 1.380000e+2 2.000000e+0 0.000000e+0
    endloop
  endfacet
  facet normal 0.000000e+0 0.000000e+0 1.000000e+0
    outer loop
      vertex 1.380000e+2 2.000000e+0 3.000000e+0
      vertex 1.420000e+2 2.000000e+0 3.000000e+0
      vertex 1.420000e+2 1.600000e+1 3.000000e+0
    endloop
  endfacet
  facet normal 0.000000e+0 0.000000e+0 1.000000e+0
    outer loop
      vertex 1.380000e+2 2.000000e+0 3.000000e+0
      vertex 1.420000e+2 1.600000e+1 3.000000e+0
      vertex 1.380000e+2 1.600000e+1 3.000000e+0
    endloop
  endfacet
  facet normal 0.000000e+0 -1.000000e+0 0.000000e+0
    outer loop
      vertex 1.380000e+2 2.000000e+0 0.000000e+0
      vertex 1.420000e+2 2.000000e+0 0.000000e+0
      vertex 1.420000e+2 2.000000e+0 3.000000e+0
    endloop
  endfacet
  facet normal 0.000000e+0 -1.000000e+0 0.000000e+0
    outer loop
      vertex 1.380000e+2 2.000000e+0 0.000000e+0
      vertex 1.420000e+2 2.000000e+0 3.000000e+0
      vertex 1.380000e+2 2.000000e+0 3.000000e+0
    endloop
  endfacet
  facet normal 0.000000e+0 1.000000e+0 0.000000e+0
    outer loop
      vertex 1.420000e+2 1.600000e+1 0.000000e+0
      vertex 1.380000e+2 1.600000e+1 0.000000e+0
      vertex 1.380000e+2 1.600000e+1 3.000000e+0
    endloop
  endfacet
  facet normal 0.000000e+0 1.000000e+0 0.000000e+0
    outer loop
      vertex 1.420000e+2 1.600000e+1 0.000000e+0
      vertex 1.380000e+2 1.600000e+1 3.000000e+0
      vertex 1.420000e+2 1.600000e+1 3.000000e+0
    endloop
  endfacet
  facet normal -1.000000e+0 0.000000e+0 0.000000e+0
    outer loop
      vertex 1.380000e+2 1.600000e+1 0.000000e+0
      vertex 1.380000e+2 2.000000e+0 0.000000e+0
      vertex 1.380000e+2 2.000000e+0 3.000000e+0
    endloop
  endfacet
  facet normal -1.000000e+0 0.000000e+0 0.000000e+0
    outer loop
      vertex 1.380000e+2 1.600000e+1 0.000000e+0
      vertex 1.380000e+2 2.000000e+0 3.000000e+0
      vertex 1.380000e+2 1.600000e+1 3.000000e+0
    endloop
  endfacet
  facet normal 1.000000e+0 0.000000e+0 0.000000e+0
    outer loop
      vertex 1.420000e+2 2.000000e+0 0.000000e+0
      vertex 1.420000e+2 1.600000e+1 0.000000e+0
      vertex 1.420000e+2 1.600000e+1 3.000000e+0
    endloop
  endfacet
  facet normal 1.000000e+0 0.000000e+0 0.000000e+0
    outer loop
      vertex 1.420000e+2 2.000000e+0 0.000000e+0
      vertex 1.420000e+2 1.600000e+1 3.000000e+0
      vertex 1.420000e+2 2.000000e+0 3.000000e+0
    endloop
  endfacet
  facet normal 0.000000e+0 0.000000e+0 -1.000000e+0
    outer loop
      vertex 1.560000e+2 1.600000e+1 0.000000e+0
      vertex 1.600000e+2 1.600000e+1 0.000000e+0
      vertex 1.600000e+2 2.000000e+0 0.000000e+0
    endloop
  endfacet
  facet normal 0.000000e+0 0.000000e+0 -1.000000e+0
    outer loop
      vertex 1.560000e+2 1.600000e+1 0.000000e+0
      vertex 1.600000e+2 2.000000e+0 0.000000e+0
      vertex 1.560000e+2 2.000000e+0 0.000000e+0
    endloop
  endfacet
  facet normal 0.000000e+0 0.000000e+0 1.000000e+0
    outer loop
      vertex 1.560000e+2 2.000000e+0 3.000000e+0
      vertex 1.600000e+2 2.000000e+0 3.000000e+0
      vertex 1.600000e+2 1.600000e+1 3.000000e+0
    endloop
  endfacet
  facet normal 0.000000e+0 0.000000e+0 1.000000e+0
    outer loop
      vertex 1.560000e+2 2.000000e+0 3.000000e+0
      vertex 1.600000e+2 1.600000e+1 3.000000e+0
      vertex 1.560000e+2 1.600000e+1 3.000000e+0
    endloop
  endfacet
  facet normal 0.000000e+0 -1.000000e+0 0.000000e+0
    outer loop
      vertex 1.560000e+2 2.000000e+0 0.000000e+0
      vertex 1.600000e+2 2.000000e+0 0.000000e+0
      vertex 1.600000e+2 2.000000e+0 3.000000e+0
    endloop
  endfacet
  facet normal 0.000000e+0 -1.000000e+0 0.000000e+0
    outer loop
      vertex 1.560000e+2 2.000000e+0 0.000000e+0
      vertex 1.600000e+2 2.000000e+0 3.000000e+0
      vertex 1.560000e+2 2.000000e+0 3.000000e+0
    endloop
  endfacet
  facet normal 0.000000e+0 1.000000e+0 0.000000e+0
    outer loop
      vertex 1.600000e+2 1.600000e+1 0.000000e+0
      vertex 1.560000e+2 1.600000e+1 0.000000e+0
      vertex 1.560000e+2 1.600000e+1 3.000000e+0
    endloop
  endfacet
  facet normal 0.000000e+0 1.000000e+0 0.000000e+0
    outer loop
      vertex 1.600000e+2 1.600000e+1 0.000000e+0
      vertex 1.560000e+2 1.600000e+1 3.000000e+0
      vertex 1.600000e+2 1.600000e+1 3.000000e+0
    endloop
  endfacet
  facet normal -1.000000e+0 0.000000e+0 0.000000e+0
    outer loop
      vertex 1.560000e+2 1.600000e+1 0.000000e+0
      vertex 1.560000e+2 2.000000e+0 0.000000e+0
      vertex 1.560000e+2 2.000000e+0 3.000000e+0
    endloop
  endfacet
  facet normal -1.000000e+0 0.000000e+0 0.000000e+0
    outer loop
      vertex 1.560000e+2 1.600000e+1 0.000000e+0
      vertex 1.560000e+2 2.000000e+0 3.000000e+0
      vertex 1.560000e+2 1.600000e+1 3.000000e+0
    endloop
  endfacet
  facet normal 1.000000e+0 0.000000e+0 0.000000e+0
    outer loop
      vertex 1.600000e+2 2.000000e+0 0.000000e+0
      vertex 1.600000e+2 1.600000e+1 0.000000e+0
      vertex 1.600000e+2 1.600000e+1 3.000000e+0
    endloop
  endfacet
  facet normal 1.000000e+0 0.000000e+0 0.000000e+0
    outer loop
      vertex 1.600000e+2 2.000000e+0 0.000000e+0
      vertex 1.600000e+2 1.600000e+1 3.000000e+0
      vertex 1.600000e+2 2.000000e+0 3.000000e+0
    endloop
  endfacet
  facet normal 0.000000e+0 0.000000e+0 -1.000000e+0
    outer loop
      vertex 1.740000e+2 1.600000e+1 0.000000e+0
      vertex 1.780000e+2 1.600000e+1 0.000000e+0
      vertex 1.780000e+2 2.000000e+0 0.000000e+0
    endloop
  endfacet
  facet normal 0.000000e+0 0.000000e+0 -1.000000e+0
    outer loop
      vertex 1.740000e+2 1.600000e+1 0.000000e+0
      vertex 1.780000e+2 2.000000e+0 0.000000e+0
      vertex 1.740000e+2 2.000000e+0 0.000000e+0
    endloop
  endfacet
  facet normal 0.000000e+0 0.000000e+0 1.000000e+0
    outer loop
      vertex 1.740000e+2 2.000000e+0 3.000000e+0
      vertex 1.780000e+2 2.000000e+0 3.000000e+0
      vertex 1.780000e+2 1.600000e+1 3.000000e+0
    endloop
  endfacet
  facet normal 0.000000e+0 0.000000e+0 1.000000e+0
    outer loop
      vertex 1.740000e+2 2.000000e+0 3.000000e+0
      vertex 1.780000e+2 1.600000e+1 3.000000e+0
      vertex 1.740000e+2 1.600000e+1 3.000000e+0
    endloop
  endfacet
  facet normal 0.000000e+0 -1.000000e+0 0.000000e+0
    outer loop
      vertex 1.740000e+2 2.000000e+0 0.000000e+0
      vertex 1.780000e+2 2.000000e+0 0.000000e+0
      vertex 1.780000e+2 2.000000e+0 3.000000e+0
    endloop
  endfacet
  facet normal 0.000000e+0 -1.000000e+0 0.000000e+0
    outer loop
      vertex 1.740000e+2 2.000000e+0 0.000000e+0
      vertex 1.780000e+2 2.000000e+0 3.000000e+0
      vertex 1.740000e+2 2.000000e+0 3.000000e+0
    endloop
  endfacet
  facet normal 0.000000e+0 1.000000e+0 0.000000e+0
    outer loop
      vertex 1.780000e+2 1.600000e+1 0.000000e+0
      vertex 1.740000e+2 1.600000e+1 0.000000e+0
      vertex 1.740000e+2 1.600000e+1 3.000000e+0
    endloop
  endfacet
  facet normal 0.000000e+0 1.000000e+0 0.000000e+0
    outer loop
      vertex 1.780000e+2 1.600000e+1 0.000000e+0
      vertex 1.740000e+2 1.600000e+1 3.000000e+0
      vertex 1.780000e+2 1.600000e+1 3.000000e+0
    endloop
  endfacet
  facet normal -1.000000e+0 0.000000e+0 0.000000e+0
    outer loop
      vertex 1.740000e+2 1.600000e+1 0.000000e+0
      vertex 1.740000e+2 2.000000e+0 0.000000e+0
      vertex 1.740000e+2 2.000000e+0 3.000000e+0
    endloop
  endfacet
  facet normal -1.000000e+0 0.000000e+0 0.000000e+0
    outer loop
      vertex 1.740000e+2 1.600000e+1 0.000000e+0
      vertex 1.740000e+2 2.000000e+0 3.000000e+0
      vertex 1.740000e+2 1.600000e+1 3.000000e+0
    endloop
  endfacet
  facet normal 1.000000e+0 0.000000e+0 0.000000e+0
    outer loop
      vertex 1.780000e+2 2.000000e+0 0.000000e+0
      vertex 1.780000e+2 1.600000e+1 0.000000e+0
      vertex 1.780000e+2 1.600000e+1 3.000000e+0
    endloop
  endfacet
  facet normal 1.000000e+0 0.000000e+0 0.000000e+0
    outer loop
      vertex 1.780000e+2 2.000000e+0 0.000000e+0
      vertex 1.780000e+2 1.600000e+1 3.000000e+0
      vertex 1.780000e+2 2.000000e+0 3.000000e+0
    endloop
  endfacet
  facet normal 0.000000e+0 0.000000e+0 -1.000000e+0
    outer loop
      vertex 1.920000e+2 1.600000e+1 0.000000e+0
      vertex 1.960000e+2 1.600000e+1 0.000000e+0
      vertex 1.960000e+2 2.000000e+0 0.000000e+0
    endloop
  endfacet
  facet normal 0.000000e+0 0.000000e+0 -1.000000e+0
    outer loop
      vertex 1.920000e+2 1.600000e+1 0.000000e+0
      vertex 1.960000e+2 2.000000e+0 0.000000e+0
      vertex 1.920000e+2 2.000000e+0 0.000000e+0
    endloop
  endfacet
  facet normal 0.000000e+0 0.000000e+0 1.000000e+0
    outer loop
      vertex 1.920000e+2 2.000000e+0 3.000000e+0
      vertex 1.960000e+2 2.000000e+0 3.000000e+0
      vertex 1.960000e+2 1.600000e+1 3.000000e+0
    endloop
  endfacet
  facet normal 0.000000e+0 0.000000e+0 1.000000e+0
    outer loop
      vertex 1.920000e+2 2.000000e+0 3.000000e+0
      vertex 1.960000e+2 1.600000e+1 3.000000e+0
      vertex 1.920000e+2 1.600000e+1 3.000000e+0
    endloop
  endfacet
  facet normal 0.000000e+0 -1.000000e+0 0.000000e+0
    outer loop
      vertex 1.920000e+2 2.000000e+0 0.000000e+0
      vertex 1.960000e+2 2.000000e+0 0.000000e+0
      vertex 1.960000e+2 2.000000e+0 3.000000e+0
    endloop
  endfacet
  facet normal 0.000000e+0 -1.000000e+0 0.000000e+0
    outer loop
      vertex 1.920000e+2 2.000000e+0 0.000000e+0
      vertex 1.960000e+2 2.000000e+0 3.000000e+0
      vertex 1.920000e+2 2.000000e+0 3.000000e+0
    endloop
  endfacet
  facet normal 0.000000e+0 1.000000e+0 0.000000e+0
    outer loop
      vertex 1.960000e+2 1.600000e+1 0.000000e+0
      vertex 1.920000e+2 1.600000e+1 0.000000e+0
      vertex 1.920000e+2 1.600000e+1 3.000000e+0
    endloop
  endfacet
  facet normal 0.000000e+0 1.000000e+0 0.000000e+0
    outer loop
      vertex 1.960000e+2 1.600000e+1 0.000000e+0
      vertex 1.920000e+2 1.600000e+1 3.000000e+0
      vertex 1.960000e+2 1.600000e+1 3.000000e+0
    endloop
  endfacet
  facet normal -1.000000e+0 0.000000e+0 0.000000e+0
    outer loop
      vertex 1.920000e+2 1.600000e+1 0.000000e+0
      vertex 1.920000e+2 2.000000e+0 0.000000e+0
      vertex 1.920000e+2 2.000000e+0 3.000000e+0
    endloop
  endfacet
  facet normal -1.000000e+0 0.000000e+0 0.000000e+0
    outer loop
      vertex 1.920000e+2 1.600000e+1 0.000000e+0
      vertex 1.920000e+2 2.000000e+0 3.000000e+0
      vertex 1.920000e+2 1.600000e+1 3.000000e+0
    endloop
  endfacet
  facet normal 1.000000e+0 0.000000e+0 0.000000e+0
    outer loop
      vertex 1.960000e+2 2.000000e+0 0.000000e+0
      vertex 1.960000e+2 1.600000e+1 0.000000e+0
      vertex 1.960000e+2 1.600000e+1 3.000000e+0
    endloop
  endfacet
  facet normal 1.000000e+0 0.000000e+0 0.000000e+0
    outer loop
      vertex 1.960000e+2 2.000000e+0 0.000000e+0
      vertex 1.960000e+2 1.600000e+1 3.000000e+0
      vertex 1.960000e+2 2.000000e+0 3.000000e+0
    endloop
  endfacet
  facet normal 0.000000e+0 0.000000e+0 -1.000000e+0
    outer loop
      vertex 0.000000e+0 3.400000e+1 0.000000e+0
      vertex 2.000000e+0 3.400000e+1 0.000000e+0
      vertex 2.000000e+0 2.000000e+1 0.000000e+0
    endloop
  endfacet
  facet normal 0.000000e+0 0.000000e+0 -1.000000e+0
    outer loop
      vertex 0.000000e+0 3.400000e+1 0.000000e+0
      vertex 2.000000e+0 2.000000e+1 0.000000e+0
      vertex 0.000000e+0 2.000000e+1 0.000000e+0
    endloop
  endfacet
  facet normal 0.000000e+0 0.000000e+0 1.000000e+0
    outer loop
      vertex 0.000000e+0 2.000000e+1 3.000000e+0
      vertex 2.000000e+0 2.000000e+1 3.000000e+0
      vertex 2.000000e+0 3.400000e+1 3.000000e+0
    endloop
  endfacet
  facet normal 0.000000e+0 0.000000e+0 1.000000e+0
    outer loop
      vertex 0.000000e+0 2.000000e+1 3.000000e+0
      vertex 2.000000e+0 3.400000e+1 3.000000e+0
      vertex 0.000000e+0 3.400000e+1 3.000000e+0
    endloop
  endfacet
  facet normal 0.000000e+0 -1.000000e+0 0.000000e+0
    outer loop
      vertex 0.000000e+0 2.000000e+1 0.000000e+0
      vertex 2.000000e+0 2.000000e+1 0.000000e+0
      vertex 2.000000e+0 2.000000e+1 3.000000e+0
    endloop
  endfacet
  facet normal 0.000000e+0 -1.000000e+0 0.000000e+0
    outer loop
      vertex 0.000000e+0 2.000000e+1 0.000000e+0
      vertex 2.000000e+0 2.000000e+1 3.000000e+0
      vertex 0.000000e+0 2.000000e+1 3.000000e+0
    endloop
  endfacet
  facet normal 0.000000e+0 1.000000e+0 0.000000e+0
    outer loop
      vertex 2.000000e+0 3.400000e+1 0.000000e+0
      vertex 0.000000e+0 3.400000e+1 0.000000e+0
      vertex 0.000000e+0 3.400000e+1 3.000000e+0
    endloop
  endfacet
  facet normal 0.000000e+0 1.000000e+0 0.000000e+0
    outer loop
      vertex 2.000000e+0 3.400000e+1 0.000000e+0
      vertex 0.000000e+0 3.400000e+1 3.000000e+0
      vertex 2.000000e+0 3.400000e+1 3.000000e+0
    endloop
  endfacet
  facet normal -1.000000e+0 0.000000e+0 0.000000e+0
    outer loop
      vertex 0.000000e+0 3.400000e+1 0.000000e+0
      vertex 0.000000e+0 2.000000e+1 0.000000e+0
      vertex 0.000000e+0 2.000000e+1 3.000000e+0
    endloop
  endfacet
  facet normal -1.000000e+0 0.000000e+0 0.000000e+0
    outer loop
      vertex 0.000000e+0 3.400000e+1 0.000000e+0
      vertex 0.000000e+0 2.000000e+1 3.000000e+0
      vertex 0.000000e+0 3.400000e+1 3.000000e+0
    endloop
  endfacet
  facet normal 1.000000e+0 0.000000e+0 0.000000e+0
    outer loop
      vertex 2.000000e+0 2.000000e+1 0.000000e+0
      vertex 2.000000e+0 3.400000e+1 0.000000e+0
      vertex 2.000000e+0 3.400000e+1 3.000000e+0
    endloop
  endfacet
  facet normal 1.000000e+0 0.000000e+0 0.000000e+0
    outer loop
      vertex 2.000000e+0 2.000000e+1 0.000000e+0
      vertex 2.000000e+0 3.400000e+1 3.000000e+0
      vertex 2.000000e+0 2.000000e+1 3.000000e+0
    endloop
  endfacet
  facet normal 0.000000e+0 0.000000e+0 -1.000000e+0
    outer loop
      vertex 3.000000e+1 3.400000e+1 0.000000e+0
      vertex 3.400000e+1 3.400000e+1 0.000000e+0
      vertex 3.400000e+1 2.000000e+1 0.000000e+0
    endloop
  endfacet
  facet normal 0.000000e+0 0.000000e+0 -1.000000e+0
    outer loop
      vertex 3.000000e+1 3.400000e+1 0.000000e+0
      vertex 3.400000e+1 2.000000e+1 0.000000e+0
      vertex 3.000000e+1 2.000000e+1 0.000000e+0
    endloop
  endfacet
  facet normal 0.000000e+0 0.000000e+0 1.000000e+0
    outer loop
      vertex 3.000000e+1 2.000000e+1 3.000000e+0
      vertex 3.400000e+1 2.000000e+1 3.000000e+0
      vertex 3.400000e+1 3.400000e+1 3.000000e+0
    endloop
  endfacet
  facet normal 0.000000e+0 0.000000e+0 1.000000e+0
    outer loop
      vertex 3.000000e+1 2.000000e+1 3.000000e+0
      vertex 3.400000e+1 3.400000e+1 3.000000e+0
      vertex 3.000000e+1 3.400000e+1 3.000000e+0
    endloop
  endfacet
  facet normal 0.000000e+0 -1.000000e+0 0.000000e+0
    outer loop
      vertex 3.000000e+1 2.000000e+1 0.000000e+0
      vertex 3.400000e+1 2.000000e+1 0.000000e+0
      vertex 3.400000e+1 2.000000e+1 3.000000e+0
    endloop
  endfacet
  facet normal 0.000000e+0 -1.000000e+0 0.000000e+0
    outer loop
      vertex 3.000000e+1 2.000000e+1 0.000000e+0
      vertex 3.400000e+1 2.000000e+1 3.000000e+0
      vertex 3.000000e+1 2.000000e+1 3.000000e+0
    endloop
  endfacet
  facet normal 0.000000e+0 1.000000e+0 0.000000e+0
    outer loop
      vertex 3.400000e+1 3.400000e+1 0.000000e+0
      vertex 3.000000e+1 3.400000e+1 0.000000e+0
      vertex 3.000000e+1 3.400000e+1 3.000000e+0
    endloop
  endfacet
  facet normal 0.000000e+0 1.000000e+0 0.000000e+0
    outer loop
      vertex 3.400000e+1 3.400000e+1 0.000000e+0
      vertex 3.000000e+1 3.400000e+1 3.000000e+0
      vertex 3.400000e+1 3.400000e+1 3.000000e+0
    endloop
  endfacet
  facet normal -1.000000e+0 0.000000e+0 0.000000e+0
    outer loop
      vertex 3.000000e+1 3.400000e+1 0.000000e+0
      vertex 3.000000e+1 2.000000e+1 0.000000e+0
      vertex 3.000000e+1 2.000000e+1 3.000000e+0
    endloop
  endfacet
  facet normal -1.000000e+0 0.000000e+0 0.000000e+0
    outer loop
      vertex 3.000000e+1 3.400000e+1 0.000000e+0
      vertex 3.000000e+1 2.000000e+1 3.000000e+0
      vertex 3.000000e+1 3.400000e+1 3.000000e+0
    endloop
  endfacet
  facet normal 1.000000e+0 0.000000e+0 0.000000e+0
    outer loop
      vertex 3.400000e+1 2.000000e+1 0.000000e+0
      vertex 3.400000e+1 3.400000e+1 0.000000e+0
      vertex 3.400000e+1 3.400000e+1 3.000000e+0
    endloop
  endfacet
  facet normal 1.000000e+0 0.000000e+0 0.000000e+0
    outer loop
      vertex 3.400000e+1 2.000000e+1 0.000000e+0
      vertex 3.400000e+1 3.400000e+1 3.000000e+0
      vertex 3.400000e+1 2.000000e+1 3.000000e+0
    endloop
  endfacet
  facet normal 0.000000e+0 0.000000e+0 -1.000000e+0
    outer loop
      vertex 4.800000e+1 3.400000e+1 0.000000e+0
      vertex 5.200000e+1 3.400000e+1 0.000000e+0
      vertex 5.200000e+1 2.000000e+1 0.000000e+0
    endloop
  endfacet
  facet normal 0.000000e+0 0.000000e+0 -1.000000e+0
    outer loop
      vertex 4.800000e+1 3.400000e+1 0.000000e+0
      vertex 5.200000e+1 2.000000e+1 0.000000e+0
      vertex 4.800000e+1 2.000000e+1 0.000000e+0
    endloop
  endfacet
  facet normal 0.000000e+0 0.000000e+0 1.000000e+0
    outer loop
      vertex 4.800000e+1 2.000000e+1 3.000000e+0
      vertex 5.200000e+1 2.000000e+1 3.000000e+0
      vertex 5.200000e+1 3.400000e+1 3.000000e+0
    endloop
  endfacet
  facet normal 0.000000e+0 0.000000e+0 1.000000e+0
    outer loop
      vertex 4.800000e+1 2.000000e+1 3.000000e+0
      vertex 5.200000e+1 3.400000e+1 3.000000e+0
      vertex 4.800000e+1 3.400000e+1 3.000000e+0
    endloop
  endfacet
  facet normal 0.000000e+0 -1.000000e+0 0.000000e+0
    outer loop
      vertex 4.800000e+1 2.000000e+1 0.000000e+0
      vertex 5.200000e+1 2.000000e+1 0.000000e+0
      vertex 5.200000e+1 2.000000e+1 3.000000e+0
    endloop
  endfacet
  facet normal 0.000000e+0 -1.000000e+0 0.000000e+0
    outer loop
      vertex 4.800000e+1 2.000000e+1 0.000000e+0
      vertex 5.200000e+1 2.000000e+1 3.000000e+0
      vertex 4.800000e+1 2.000000e+1 3.000000e+0
    endloop
  endfacet
  facet normal 0.000000e+0 1.000000e+0 0.000000e+0
    outer loop
      vertex 5.200000e+1 3.400000e+1 0.000000e+0
      vertex 4.800000e+1 3.400000e+1 0.000000e+0
      vertex 4.800000e+1 3.400000e+1 3.000000e+0
    endloop
  endfacet
  facet normal 0.000000e+0 1.000000e+0 0.000000e+0
    outer loop
      vertex 5.200000e+1 3.400000e+1 0.000000e+0
      vertex 4.800000e+1 3.400000e+1 3.000000e+0
      vertex 5.200000e+1 3.400000e+1 3.000000e+0
    endloop
  endfacet
  facet normal -1.000000e+0 0.000000e+0 0.000000e+0
    outer loop
      vertex 4.800000e+1 3.400000e+1 0.000000e+0
      vertex 4.800000e+1 2.000000e+1 0.000000e+0
      vertex 4.800000e+1 2.000000e+1 3.000000e+0
    endloop
  endfacet
  facet normal -1.000000e+0 0.000000e+0 0.000000e+0
    outer loop
      vertex 4.800000e+1 3.400000e+1 0.000000e+0
      vertex 4.800000e+1 2.000000e+1 3.000000e+0
      vertex 4.800000e+1 3.400000e+1 3.000000e+0
    endloop
  endfacet
  facet normal 1.000000e+0 0.000000e+0 0.000000e+0
    outer loop
      vertex 5.200000e+1 2.000000e+1 0.000000e+0
      vertex 5.200000e+1 3.400000e+1 0.000000e+0
      vertex 5.200000e+1 3.400000e+1 3.000000e+0
    endloop
  endfacet
  facet normal 1.000000e+0 0.000000e+0 0.000000e+0
    outer loop
      vertex 5.200000e+1 2.000000e+1 0.000000e+0
      vertex 5.200000e+1 3.400000e+1 3.000000e+0
      vertex 5.200000e+1 2.000000e+1 3.000000e+0
    endloop
  endfacet
  facet normal 0.000000e+0 0.000000e+0 -1.000000e+0
    outer loop
      vertex 6.600000e+1 3.400000e+1 0.000000e+0
      vertex 7.000000e+1 3.400000e+1 0.000000e+0
      vertex 7.000000e+1 2.000000e+1 0.000000e+0
    endloop
  endfacet
  facet normal 0.000000e+0 0.000000e+0 -1.000000e+0
    outer loop
      vertex 6.600000e+1 3.400000e+1 0.000000e+0
      vertex 7.000000e+1 2.000000e+1 0.000000e+0
      vertex 6.600000e+1 2.000000e+1 0.000000e+0
    endloop
  endfacet
  facet normal 0.000000e+0 0.000000e+0 1.000000e+0
    outer loop
      vertex 6.600000e+1 2.000000e+1 3.000000e+0
      vertex 7.000000e+1 2.000000e+1 3.000000e+0
      vertex 7.000000e+1 3.400000e+1 3.000000e+0
    endloop
  endfacet
  facet normal 0.000000e+0 0.000000e+0 1.000000e+0
    outer loop
      vertex 6.600000e+1 2.000000e+1 3.000000e+0
      vertex 7.000000e+1 3.400000e+1 3.000000e+0
      vertex 6.600000e+1 3.400000e+1 3.000000e+0
    endloop
  endfacet
  facet normal 0.000000e+0 -1.000000e+0 0.000000e+0
    outer loop
      vertex 6.600000e+1 2.000000e+1 0.000000e+0
      vertex 7.000000e+1 2.000000e+1 0.000000e+0
      vertex 7.000000e+1 2.000000e+1 3.000000e+0
    endloop
  endfacet
  facet normal 0.000000e+0 -1.000000e+0 0.000000e+0
    outer loop
      vertex 6.600000e+1 2.000000e+1 0.000000e+0
      vertex 7.000000e+1 2.000000e+1 3.000000e+0
      vertex 6.600000e+1 2.000000e+1 3.000000e+0
    endloop
  endfacet
  facet normal 0.000000e+0 1.000000e+0 0.000000e+0
    outer loop
      vertex 7.000000e+1 3.400000e+1 0.000000e+0
      vertex 6.600000e+1 3.400000e+1 0.000000e+0
      vertex 6.600000e+1 3.400000e+1 3.000000e+0
    endloop
  endfacet
  facet normal 0.000000e+0 1.000000e+0 0.000000e+0
    outer loop
      vertex 7.000000e+1 3.400000e+1 0.000000e+0
      vertex 6.600000e+1 3.400000e+1 3.000000e+0
      vertex 7.000000e+1 3.400000e+1 3.000000e+0
    endloop
  endfacet
  facet normal -1.000000e+0 0.000000e+0 0.000000e+0
    outer loop
      vertex 6.600000e+1 3.400000e+1 0.000000e+0
      vertex 6.600000e+1 2.000000e+1 0.000000e+0
      vertex 6.600000e+1 2.000000e+1 3.000000e+0
    endloop
  endfacet
  facet normal -1.000000e+0 0.000000e+0 0.000000e+0
    outer loop
      vertex 6.600000e+1 3.400000e+1 0.000000e+0
      vertex 6.600000e+1 2.000000e+1 3.000000e+0
      vertex 6.600000e+1 3.400000e+1 3.000000e+0
    endloop
  endfacet
  facet normal 1.000000e+0 0.000000e+0 0.000000e+0
    outer loop
      vertex 7.000000e+1 2.000000e+1 0.000000e+0
      vertex 7.000000e+1 3.400000e+1 0.000000e+0
      vertex 7.000000e+1 3.400000e+1 3.000000e+0
    endloop
  endfacet
  facet normal 1.000000e+0 0.000000e+0 0.000000e+0
    outer loop
      vertex 7.000000e+1 2.000000e+1 0.000000e+0
      vertex 7.000000e+1 3.400000e+1 3.000000e+0
      vertex 7.000000e+1 2.000000e+1 3.000000e+0
    endloop
  endfacet
  facet normal 0.000000e+0 0.000000e+0 -1.000000e+0
    outer loop
      vertex 8.400000e+1 3.400000e+1 0.000000e+0
      vertex 8.800000e+1 3.400000e+1 0.000000e+0
      vertex 8.800000e+1 2.000000e+1 0.000000e+0
    endloop
  endfacet
  facet normal 0.000000e+0 0.000000e+0 -1.000000e+0
    outer loop
      vertex 8.400000e+1 3.400000e+1 0.000000e+0
      vertex 8.800000e+1 2.000000e+1 0.000000e+0
      vertex 8.400000e+1 2.000000e+1 0.000000e+0
    endloop
  endfacet
  facet normal 0.000000e+0 0.000000e+0 1.000000e+0
    outer loop
      vertex 8.400000e+1 2.000000e+1 3.000000e+0
      vertex 8.800000e+1 2.000000e+1 3.000000e+0
      vertex 8.800000e+1 3.400000e+1 3.000000e+0
    endloop
  endfacet
  facet normal 0.000000e+0 0.000000e+0 1.000000e+0
    outer loop
      vertex 8.400000e+1 2.000000e+1 3.000000e+0
      vertex 8.800000e+1 3.400000e+1 3.000000e+0
      vertex 8.400000e+1 3.400000e+1 3.000000e+0
    endloop
  endfacet
  facet normal 0.000000e+0 -1.000000e+0 0.000000e+0
    outer loop
      vertex 8.400000e+1 2.000000e+1 0.000000e+0
      vertex 8.800000e+1 2.000000e+1 0.000000e+0
      vertex 8.800000e+1 2.000000e+1 3.000000e+0
    endloop
  endfacet
  facet normal 0.000000e+0 -1.000000e+0 0.000000e+0
    outer loop
      vertex 8.400000e+1 2.000000e+1 0.000000e+0
      vertex 8.800000e+1 2.000000e+1 3.000000e+0
      vertex 8.400000e+1 2.000000e+1 3.000000e+0
    endloop
  endfacet
  facet normal 0.000000e+0 1.000000e+0 0.000000e+0
    outer loop
      vertex 8.800000e+1 3.400000e+1 0.000000e+0
      vertex 8.400000e+1 3.400000e+1 0.000000e+0
      vertex 8.400000e+1 3.400000e+1 3.000000e+0
    endloop
  endfacet
  facet normal 0.000000e+0 1.000000e+0 0.000000e+0
    outer loop
      vertex 8.800000e+1 3.400000e+1 0.000000e+0
      vertex 8.400000e+1 3.400000e+1 3.000000e+0
      vertex 8.800000e+1 3.400000e+1 3.000000e+0
    endloop
  endfacet
  facet normal -1.000000e+0 0.000000e+0 0.000000e+0
    outer loop
      vertex 8.400000e+1 3.400000e+1 0.000000e+0
      vertex 8.400000e+1 2.000000e+1 0.000000e+0
      vertex 8.400000e+1 2.000000e+1 3.000000e+0
    endloop
  endfacet
  facet normal -1.000000e+0 0.000000e+0 0.000000e+0
    outer loop
      vertex 8.400000e+1 3.400000e+1 0.000000e+0
      vertex 8.400000e+1 2.000000e+1 3.000000e+0
      vertex 8.400000e+1 3.400000e+1 3.000000e+0
    endloop
  endfacet
  facet normal 1.000000e+0 0.000000e+0 0.000000e+0
    outer loop
      vertex 8.800000e+1 2.000000e+1 0.000000e+0
      vertex 8.800000e+1 3.400000e+1 0.000000e+0
      vertex 8.800000e+1 3.400000e+1 3.000000e+0
    endloop
  endfacet
  facet normal 1.000000e+0 0.000000e+0 0.000000e+0
    outer loop
      vertex 8.800000e+1 2.000000e+1 0.000000e+0
      vertex 8.800000e+1 3.400000e+1 3.000000e+0
      vertex 8.800000e+1 2.000000e+1 3.000000e+0
    endloop
  endfacet
  facet normal 0.000000e+0 0.000000e+0 -1.000000e+0
    outer loop
      vertex 1.020000e+2 3.400000e+1 0.000000e+0
      vertex 1.060000e+2 3.400000e+1 0.000000e+0
      vertex 1.060000e+2 2.000000e+1 0.000000e+0
    endloop
  endfacet
  facet normal 0.000000e+0 0.000000e+0 -1.000000e+0
    outer loop
      vertex 1.020000e+2 3.400000e+1 0.000000e+0
      vertex 1.060000e+2 2.000000e+1 0.000000e+0
      vertex 1.020000e+2 2.000000e+1 0.000000e+0
    endloop
  endfacet
  facet normal 0.000000e+0 0.000000e+0 1.000000e+0
    outer loop
      vertex 1.020000e+2 2.000000e+1 3.000000e+0
      vertex 1.060000e+2 2.000000e+1 3.000000e+0
      vertex 1.060000e+2 3.400000e+1 3.000000e+0
    endloop
  endfacet
  facet normal 0.000000e+0 0.000000e+0 1.000000e+0
    outer loop
      vertex 1.020000e+2 2.000000e+1 3.000000e+0
      vertex 1.060000e+2 3.400000e+1 3.000000e+0
      vertex 1.020000e+2 3.400000e+1 3.000000e+0
    endloop
  endfacet
  facet normal 0.000000e+0 -1.000000e+0 0.000000e+0
    outer loop
      vertex 1.020000e+2 2.000000e+1 0.000000e+0
      vertex 1.060000e+2 2.000000e+1 0.000000e+0
      vertex 1.060000e+2 2.000000e+1 3.000000e+0
    endloop
  endfacet
  facet normal 0.000000e+0 -1.000000e+0 0.000000e+0
    outer loop
      vertex 1.020000e+2 2.000000e+1 0.000000e+0
      vertex 1.060000e+2 2.000000e+1 3.000000e+0
      vertex 1.020000e+2 2.000000e+1 3.000000e+0
    endloop
  endfacet
  facet normal 0.000000e+0 1.000000e+0 0.000000e+0
    outer loop
      vertex 1.060000e+2 3.400000e+1 0.000000e+0
      vertex 1.020000e+2 3.400000e+1 0.000000e+0
      vertex 1.020000e+2 3.400000e+1 3.000000e+0
    endloop
  endfacet
  facet normal 0.000000e+0 1.000000e+0 0.000000e+0
    outer loop
      vertex 1.060000e+2 3.400000e+1 0.000000e+0
      vertex 1.020000e+2 3.400000e+1 3.000000e+0
      vertex 1.060000e+2 3.400000e+1 3.000000e+0
    endloop
  endfacet
  facet normal -1.000000e+0 0.000000e+0 0.000000e+0
    outer loop
      vertex 1.020000e+2 3.400000e+1 0.000000e+0
      vertex 1.020000e+2 2.000000e+1 0.000000e+0
      vertex 1.020000e+2 2.000000e+1 3.000000e+0
    endloop
  endfacet
  facet normal -1.000000e+0 0.000000e+0 0.000000e+0
    outer loop
      vertex 1.020000e+2 3.400000e+1 0.000000e+0
      vertex 1.020000e+2 2.000000e+1 3.000000e+0
      vertex 1.020000e+2 3.400000e+1 3.000000e+0
    endloop
  endfacet
  facet normal 1.000000e+0 0.000000e+0 0.000000e+0
    outer loop
      vertex 1.060000e+2 2.000000e+1 0.000000e+0
      vertex 1.060000e+2 3.400000e+1 0.000000e+0
      vertex 1.060000e+2 3.400000e+1 3.000000e+0
    endloop
  endfacet
  facet normal 1.000000e+0 0.000000e+0 0.000000e+0
    outer loop
      vertex 1.060000e+2 2.000000e+1 0.000000e+0
      vertex 1.060000e+2 3.400000e+1 3.000000e+0
      vertex 1.060000e+2 2.000000e+1 3.000000e+0
    endloop
  endfacet
  facet normal 0.000000e+0 0.000000e+0 -1.000000e+0
    outer loop
      vertex 1.200000e+2 3.400000e+1 0.000000e+0
      vertex 1.240000e+2 3.400000e+1 0.000000e+0
      vertex 1.240000e+2 2.000000e+1 0.000000e+0
    endloop
  endfacet
  facet normal 0.000000e+0 0.000000e+0 -1.000000e+0
    outer loop
      vertex 1.200000e+2 3.400000e+1 0.000000e+0
      vertex 1.240000e+2 2.000000e+1 0.000000e+0
      vertex 1.200000e+2 2.000000e+1 0.000000e+0
    endloop
  endfacet
  facet normal 0.000000e+0 0.000000e+0 1.000000e+0
    outer loop
      vertex 1.200000e+2 2.000000e+1 3.000000e+0
      vertex 1.240000e+2 2.000000e+1 3.000000e+0
      vertex 1.240000e+2 3.400000e+1 3.000000e+0
    endloop
  endfacet
  facet normal 0.000000e+0 0.000000e+0 1.000000e+0
    outer loop
      vertex 1.200000e+2 2.000000e+1 3.000000e+0
      vertex 1.240000e+2 3.400000e+1 3.000000e+0
      vertex 1.200000e+2 3.400000e+1 3.000000e+0
    endloop
  endfacet
  facet normal 0.000000e+0 -1.000000e+0 0.000000e+0
    outer loop
      vertex 1.200000e+2 2.000000e+1 0.000000e+0
      vertex 1.240000e+2 2.000000e+1 0.000000e+0
      vertex 1.240000e+2 2.000000e+1 3.000000e+0
    endloop
  endfacet
  facet normal 0.000000e+0 -1.000000e+0 0.000000e+0
    outer loop
      vertex 1.200000e+2 2.000000e+1 0.000000e+0
      vertex 1.240000e+2 2.000000e+1 3.000000e+0
      vertex 1.200000e+2 2.000000e+1 3.000000e+0
    endloop
  endfacet
  facet normal 0.000000e+0 1.000000e+0 0.000000e+0
    outer loop
      vertex 1.240000e+2 3.400000e+1 0.000000e+0
      vertex 1.200000e+2 3.400000e+1 0.000000e+0
      vertex 1.200000e+2 3.400000e+1 3.000000e+0
    endloop
  endfacet
  facet normal 0.000000e+0 1.000000e+0 0.000000e+0
    outer loop
      vertex 1.240000e+2 3.400000e+1 0.000000e+0
      vertex 1.200000e+2 3.400000e+1 3.000000e+0
      vertex 1.240000e+2 3.400000e+1 3.000000e+0
    endloop
  endfacet
  facet normal -1.000000e+0 0.000000e+0 0.000000e+0
    outer loop
      vertex 1.200000e+2 3.400000e+1 0.000000e+0
      vertex 1.200000e+2 2.000000e+1 0.000000e+0
      vertex 1.200000e+2 2.000000e+1 3.000000e+0
    endloop
  endfacet
  facet normal -1.000000e+0 0.000000e+0 0.000000e+0
    outer loop
      vertex 1.200000e+2 3.400000e+1 0.000000e+0
      vertex 1.200000e+2 2.000000e+1 3.000000e+0
      vertex 1.200000e+2 3.400000e+1 3.000000e+0
    endloop
  endfacet
  facet normal 1.000000e+0 0.000000e+0 0.000000e+0
    outer loop
      vertex 1.240000e+2 2.000000e+1 0.000000e+0
      vertex 1.240000e+2 3.400000e+1 0.000000e+0
      vertex 1.240000e+2 3.400000e+1 3.000000e+0
    endloop
  endfacet
  facet normal 1.000000e+0 0.000000e+0 0.000000e+0
    outer loop
      vertex 1.240000e+2 2.000000e+1 0.000000e+0
      vertex 1.240000e+2 3.400000e+1 3.000000e+0
      vertex 1.240000e+2 2.000000e+1 3.000000e+0
    endloop
  endfacet
  facet normal 0.000000e+0 0.000000e+0 -1.000000e+0
    outer loop
      vertex 1.380000e+2 3.400000e+1 0.000000e+0
      vertex 1.420000e+2 3.400000e+1 0.000000e+0
      vertex 1.420000e+2 2.000000e+1 0.000000e+0
    endloop
  endfacet
  facet normal 0.000000e+0 0.000000e+0 -1.000000e+0
    outer loop
      vertex 1.380000e+2 3.400000e+1 0.000000e+0
      vertex 1.420000e+2 2.000000e+1 0.000000e+0
      vertex 1.380000e+2 2.000000e+1 0.000000e+0
    endloop
  endfacet
  facet normal 0.000000e+0 0.000000e+0 1.000000e+0
    outer loop
      vertex 1.380000e+2 2.000000e+1 3.000000e+0
      vertex 1.420000e+2 2.000000e+1 3.000000e+0
      vertex 1.420000e+2 3.400000e+1 3.000000e+0
    endloop
  endfacet
  facet normal 0.000000e+0 0.000000e+0 1.000000e+0
    outer loop
      vertex 1.380000e+2 2.000000e+1 3.000000e+0
      vertex 1.420000e+2 3.400000e+1 3.000000e+0
      vertex 1.380000e+2 3.400000e+1 3.000000e+0
    endloop
  endfacet
  facet normal 0.000000e+0 -1.000000e+0 0.000000e+0
    outer loop
      vertex 1.380000e+2 2.000000e+1 0.000000e+0
      vertex 1.420000e+2 2.000000e+1 0.000000e+0
      vertex 1.420000e+2 2.000000e+1 3.000000e+0
    endloop
  endfacet
  facet normal 0.000000e+0 -1.000000e+0 0.000000e+0
    outer loop
      vertex 1.380000e+2 2.000000e+1 0.000000e+0
      vertex 1.420000e+2 2.000000e+1 3.000000e+0
      vertex 1.380000e+2 2.000000e+1 3.000000e+0
    endloop
  endfacet
  facet normal 0.000000e+0 1.000000e+0 0.000000e+0
    outer loop
      vertex 1.420000e+2 3.400000e+1 0.000000e+0
      vertex 1.380000e+2 3.400000e+1 0.000000e+0
      vertex 1.380000e+2 3.400000e+1 3.000000e+0
    endloop
  endfacet
  facet normal 0.000000e+0 1.000000e+0 0.000000e+0
    outer loop
      vertex 1.420000e+2 3.400000e+1 0.000000e+0
      vertex 1.380000e+2 3.400000e+1 3.000000e+0
      vertex 1.420000e+2 3.400000e+1 3.000000e+0
    endloop
  endfacet
  facet normal -1.000000e+0 0.000000e+0 0.000000e+0
    outer loop
      vertex 1.380000e+2 3.400000e+1 0.000000e+0
      vertex 1.380000e+2 2.000000e+1 0.000000e+0
      vertex 1.380000e+2 2.000000e+1 3.000000e+0
    endloop
  endfacet
  facet normal -1.000000e+0 0.000000e+0 0.000000e+0
    outer loop
      vertex 1.380000e+2 3.400000e+1 0.000000e+0
      vertex 1.380000e+2 2.000000e+1 3.000000e+0
      vertex 1.380000e+2 3.400000e+1 3.000000e+0
    endloop
  endfacet
  facet normal 1.000000e+0 0.000000e+0 0.000000e+0
    outer loop
      vertex 1.420000e+2 2.000000e+1 0.000000e+0
      vertex 1.420000e+2 3.400000e+1 0.000000e+0
      vertex 1.420000e+2 3.400000e+1 3.000000e+0
    endloop
  endfacet
  facet normal 1.000000e+0 0.000000e+0 0.000000e+0
    outer loop
      vertex 1.420000e+2 2.000000e+1 0.000000e+0
      vertex 1.420000e+2 3.400000e+1 3.000000e+0
      vertex 1.420000e+2 2.000000e+1 3.000000e+0
    endloop
  endfacet
  facet normal 0.000000e+0 0.000000e+0 -1.000000e+0
    outer loop
      vertex 1.560000e+2 3.400000e+1 0.000000e+0
      vertex 1.600000e+2 3.400000e+1 0.000000e+0
      vertex 1.600000e+2 2.000000e+1 0.000000e+0
    endloop
  endfacet
  facet normal 0.000000e+0 0.000000e+0 -1.000000e+0
    outer loop
      vertex 1.560000e+2 3.400000e+1 0.000000e+0
      vertex 1.600000e+2 2.000000e+1 0.000000e+0
      vertex 1.560000e+2 2.000000e+1 0.000000e+0
    endloop
  endfacet
  facet normal 0.000000e+0 0.000000e+0 1.000000e+0
    outer loop
      vertex 1.560000e+2 2.000000e+1 3.000000e+0
      vertex 1.600000e+2 2.000000e+1 3.000000e+0
      vertex 1.600000e+2 3.400000e+1 3.000000e+0
    endloop
  endfacet
  facet normal 0.000000e+0 0.000000e+0 1.000000e+0
    outer loop
      vertex 1.560000e+2 2.000000e+1 3.000000e+0
      vertex 1.600000e+2 3.400000e+1 3.000000e+0
      vertex 1.560000e+2 3.400000e+1 3.000000e+0
    endloop
  endfacet
  facet normal 0.000000e+0 -1.000000e+0 0.000000e+0
    outer loop
      vertex 1.560000e+2 2.000000e+1 0.000000e+0
      vertex 1.600000e+2 2.000000e+1 0.000000e+0
      vertex 1.600000e+2 2.000000e+1 3.000000e+0
    endloop
  endfacet
  facet normal 0.000000e+0 -1.000000e+0 0.000000e+0
    outer loop
      vertex 1.560000e+2 2.000000e+1 0.000000e+0
      vertex 1.600000e+2 2.000000e+1 3.000000e+0
      vertex 1.560000e+2 2.000000e+1 3.000000e+0
    endloop
  endfacet
  facet normal 0.000000e+0 1.000000e+0 0.000000e+0
    outer loop
      vertex 1.600000e+2 3.400000e+1 0.000000e+0
      vertex 1.560000e+2 3.400000e+1 0.000000e+0
      vertex 1.560000e+2 3.400000e+1 3.000000e+0
    endloop
  endfacet
  facet normal 0.000000e+0 1.000000e+0 0.000000e+0
    outer loop
      vertex 1.600000e+2 3.400000e+1 0.000000e+0
      vertex 1.560000e+2 3.400000e+1 3.000000e+0
      vertex 1.600000e+2 3.400000e+1 3.000000e+0
    endloop
  endfacet
  facet normal -1.000000e+0 0.000000e+0 0.000000e+0
    outer loop
      vertex 1.560000e+2 3.400000e+1 0.000000e+0
      vertex 1.560000e+2 2.000000e+1 0.000000e+0
      vertex 1.560000e+2 2.000000e+1 3.000000e+0
    endloop
  endfacet
  facet normal -1.000000e+0 0.000000e+0 0.000000e+0
    outer loop
      vertex 1.560000e+2 3.400000e+1 0.000000e+0
      vertex 1.560000e+2 2.000000e+1 3.000000e+0
      vertex 1.560000e+2 3.400000e+1 3.000000e+0
    endloop
  endfacet
  facet normal 1.000000e+0 0.000000e+0 0.000000e+0
    outer loop
      vertex 1.600000e+2 2.000000e+1 0.000000e+0
      vertex 1.600000e+2 3.400000e+1 0.000000e+0
      vertex 1.600000e+2 3.400000e+1 3.000000e+0
    endloop
  endfacet
  facet normal 1.000000e+0 0.000000e+0 0.000000e+0
    outer loop
      vertex 1.600000e+2 2.000000e+1 0.000000e+0
      vertex 1.600000e+2 3.400000e+1 3.000000e+0
      vertex 1.600000e+2 2.000000e+1 3.000000e+0
    endloop
  endfacet
  facet normal 0.000000e+0 0.000000e+0 -1.000000e+0
    outer loop
      vertex 1.740000e+2 3.400000e+1 0.000000e+0
      vertex 1.780000e+2 3.400000e+1 0.000000e+0
      vertex 1.780000e+2 2.000000e+1 0.000000e+0
    endloop
  endfacet
  facet normal 0.000000e+0 0.000000e+0 -1.000000e+0
    outer loop
      vertex 1.740000e+2 3.400000e+1 0.000000e+0
      vertex 1.780000e+2 2.000000e+1 0.000000e+0
      vertex 1.740000e+2 2.000000e+1 0.000000e+0
    endloop
  endfacet
  facet normal 0.000000e+0 0.000000e+0 1.000000e+0
    outer loop
      vertex 1.740000e+2 2.000000e+1 3.000000e+0
      vertex 1.780000e+2 2.000000e+1 3.000000e+0
      vertex 1.780000e+2 3.400000e+1 3.000000e+0
    endloop
  endfacet
  facet normal 0.000000e+0 0.000000e+0 1.000000e+0
    outer loop
      vertex 1.740000e+2 2.000000e+1 3.000000e+0
      vertex 1.780000e+2 3.400000e+1 3.000000e+0
      vertex 1.740000e+2 3.400000e+1 3.000000e+0
    endloop
  endfacet
  facet normal 0.000000e+0 -1.000000e+0 0.000000e+0
    outer loop
      vertex 1.740000e+2 2.000000e+1 0.000000e+0
      vertex 1.780000e+2 2.000000e+1 0.000000e+0
      vertex 1.780000e+2 2.000000e+1 3.000000e+0
    endloop
  endfacet
  facet normal 0.000000e+0 -1.000000e+0 0.000000e+0
    outer loop
      vertex 1.740000e+2 2.000000e+1 0.000000e+0
      vertex 1.780000e+2 2.000000e+1 3.000000e+0
      vertex 1.740000e+2 2.000000e+1 3.000000e+0
    endloop
  endfacet
  facet normal 0.000000e+0 1.000000e+0 0.000000e+0
    outer loop
      vertex 1.780000e+2 3.400000e+1 0.000000e+0
      vertex 1.740000e+2 3.400000e+1 0.000000e+0
      vertex 1.740000e+2 3.400000e+1 3.000000e+0
    endloop
  endfacet
  facet normal 0.000000e+0 1.000000e+0 0.000000e+0
    outer loop
      vertex 1.780000e+2 3.400000e+1 0.000000e+0
      vertex 1.740000e+2 3.400000e+1 3.000000e+0
      vertex 1.780000e+2 3.400000e+1 3.000000e+0
    endloop
  endfacet
  facet normal -1.000000e+0 0.000000e+0 0.000000e+0
    outer loop
      vertex 1.740000e+2 3.400000e+1 0.000000e+0
      vertex 1.740000e+2 2.000000e+1 0.000000e+0
      vertex 1.740000e+2 2.000000e+1 3.000000e+0
    endloop
  endfacet
  facet normal -1.000000e+0 0.000000e+0 0.000000e+0
    outer loop
      vertex 1.740000e+2 3.400000e+1 0.000000e+0
      vertex 1.740000e+2 2.000000e+1 3.000000e+0
      vertex 1.740000e+2 3.400000e+1 3.000000e+0
    endloop
  endfacet
  facet normal 1.000000e+0 0.000000e+0 0.000000e+0
    outer loop
      vertex 1.780000e+2 2.000000e+1 0.000000e+0
      vertex 1.780000e+2 3.400000e+1 0.000000e+0
      vertex 1.780000e+2 3.400000e+1 3.000000e+0
    endloop
  endfacet
  facet normal 1.000000e+0 0.000000e+0 0.000000e+0
    outer loop
      vertex 1.780000e+2 2.000000e+1 0.000000e+0
      vertex 1.780000e+2 3.400000e+1 3.000000e+0
      vertex 1.780000e+2 2.000000e+1 3.000000e+0
    endloop
  endfacet
  facet normal 0.000000e+0 0.000000e+0 -1.000000e+0
    outer loop
      vertex 1.920000e+2 3.400000e+1 0.000000e+0
      vertex 1.960000e+2 3.400000e+1 0.000000e+0
      vertex 1.960000e+2 2.000000e+1 0.000000e+0
    endloop
  endfacet
  facet normal 0.000000e+0 0.000000e+0 -1.000000e+0
    outer loop
      vertex 1.920000e+2 3.400000e+1 0.000000e+0
      vertex 1.960000e+2 2.000000e+1 0.000000e+0
      vertex 1.920000e+2 2.000000e+1 0.000000e+0
    endloop
  endfacet
  facet normal 0.000000e+0 0.000000e+0 1.000000e+0
    outer loop
      vertex 1.920000e+2 2.000000e+1 3.000000e+0
      vertex 1.960000e+2 2.000000e+1 3.000000e+0
      vertex 1.960000e+2 3.400000e+1 3.000000e+0
    endloop
  endfacet
  facet normal 0.000000e+0 0.000000e+0 1.000000e+0
    outer loop
      vertex 1.920000e+2 2.000000e+1 3.000000e+0
      vertex 1.960000e+2 3.400000e+1 3.000000e+0
      vertex 1.920000e+2 3.400000e+1 3.000000e+0
    endloop
  endfacet
  facet normal 0.000000e+0 -1.000000e+0 0.000000e+0
    outer loop
      vertex 1.920000e+2 2.000000e+1 0.000000e+0
      vertex 1.960000e+2 2.000000e+1 0.000000e+0
      vertex 1.960000e+2 2.000000e+1 3.000000e+0
    endloop
  endfacet
  facet normal 0.000000e+0 -1.000000e+0 0.000000e+0
    outer loop
      vertex 1.920000e+2 2.000000e+1 0.000000e+0
      vertex 1.960000e+2 2.000000e+1 3.000000e+0
      vertex 1.920000e+2 2.000000e+1 3.000000e+0
    endloop
  endfacet
  facet normal 0.000000e+0 1.000000e+0 0.000000e+0
    outer loop
      vertex 1.960000e+2 3.400000e+1 0.000000e+0
      vertex 1.920000e+2 3.400000e+1 0.000000e+0
      vertex 1.920000e+2 3.400000e+1 3.000000e+0
    endloop
  endfacet
  facet normal 0.000000e+0 1.000000e+0 0.000000e+0
    outer loop
      vertex 1.960000e+2 3.400000e+1 0.000000e+0
      vertex 1.920000e+2 3.400000e+1 3.000000e+0
      vertex 1.960000e+2 3.400000e+1 3.000000e+0
    endloop
  endfacet
  facet normal -1.000000e+0 0.000000e+0 0.000000e+0
    outer loop
      vertex 1.920000e+2 3.400000e+1 0.000000e+0
      vertex 1.920000e+2 2.000000e+1 0.000000e+0
      vertex 1.920000e+2 2.000000e+1 3.000000e+0
    endloop
  endfacet
  facet normal -1.000000e+0 0.000000e+0 0.000000e+0
    outer loop
      vertex 1.920000e+2 3.400000e+1 0.000000e+0
      vertex 1.920000e+2 2.000000e+1 3.000000e+0
      vertex 1.920000e+2 3.400000e+1 3.000000e+0
    endloop
  endfacet
  facet normal 1.000000e+0 0.000000e+0 0.000000e+0
    outer loop
      vertex 1.960000e+2 2.000000e+1 0.000000e+0
      vertex 1.960000e+2 3.400000e+1 0.000000e+0
      vertex 1.960000e+2 3.400000e+1 3.000000e+0
    endloop
  endfacet
  facet normal 1.000000e+0 0.000000e+0 0.000000e+0
    outer loop
      vertex 1.960000e+2 2.000000e+1 0.000000e+0
      vertex 1.960000e+2 3.400000e+1 3.000000e+0
      vertex 1.960000e+2 2.000000e+1 3.000000e+0
    endloop
  endfacet
  facet normal 0.000000e+0 0.000000e+0 -1.000000e+0
    outer loop
      vertex 0.000000e+0 5.200000e+1 0.000000e+0
      vertex 2.000000e+0 5.200000e+1 0.000000e+0
      vertex 2.000000e+0 3.800000e+1 0.000000e+0
    endloop
  endfacet
  facet normal 0.000000e+0 0.000000e+0 -1.000000e+0
    outer loop
      vertex 0.000000e+0 5.200000e+1 0.000000e+0
      vertex 2.000000e+0 3.800000e+1 0.000000e+0
      vertex 0.000000e+0 3.800000e+1 0.000000e+0
    endloop
  endfacet
  facet normal 0.000000e+0 0.000000e+0 1.000000e+0
    outer loop
      vertex 0.000000e+0 3.800000e+1 3.000000e+0
      vertex 2.000000e+0 3.800000e+1 3.000000e+0
      vertex 2.000000e+0 5.200000e+1 3.000000e+0
    endloop
  endfacet
  facet normal 0.000000e+0 0.000000e+0 1.000000e+0
    outer loop
      vertex 0.000000e+0 3.800000e+1 3.000000e+0
      vertex 2.000000e+0 5.200000e+1 3.000000e+0
      vertex 0.000000e+0 5.200000e+1 3.000000e+0
    endloop
  endfacet
  facet normal 0.000000e+0 -1.000000e+0 0.000000e+0
    outer loop
      vertex 0.000000e+0 3.800000e+1 0.000000e+0
      vertex 2.000000e+0 3.800000e+1 0.000000e+0
      vertex 2.000000e+0 3.800000e+1 3.000000e+0
    endloop
  endfacet
  facet normal 0.000000e+0 -1.000000e+0 0.000000e+0
    outer loop
      vertex 0.000000e+0 3.800000e+1 0.000000e+0
      vertex 2.000000e+0 3.800000e+1 3.000000e+0
      vertex 0.000000e+0 3.800000e+1 3.000000e+0
    endloop
  endfacet
  facet normal 0.000000e+0 1.000000e+0 0.000000e+0
    outer loop
      vertex 2.000000e+0 5.200000e+1 0.000000e+0
      vertex 0.000000e+0 5.200000e+1 0.000000e+0
      vertex 0.000000e+0 5.200000e+1 3.000000e+0
    endloop
  endfacet
  facet normal 0.000000e+0 1.000000e+0 0.000000e+0
    outer loop
      vertex 2.000000e+0 5.200000e+1 0.000000e+0
      vertex 0.000000e+0 5.200000e+1 3.000000e+0
      vertex 2.000000e+0 5.200000e+1 3.000000e+0
    endloop
  endfacet
  facet normal -1.000000e+0 0.000000e+0 0.000000e+0
    outer loop
      vertex 0.000000e+0 5.200000e+1 0.000000e+0
      vertex 0.000000e+0 3.800000e+1 0.000000e+0
      vertex 0.000000e+0 3.800000e+1 3.000000e+0
    endloop
  endfacet
  facet normal -1.000000e+0 0.000000e+0 0.000000e+0
    outer loop
      vertex 0.000000e+0 5.200000e+1 0.000000e+0
      vertex 0.000000e+0 3.800000e+1 3.000000e+0
      vertex 0.000000e+0 5.200000e+1 3.000000e+0
    endloop
  endfacet
  facet normal 1.000000e+0 0.000000e+0 0.000000e+0
    outer loop
      vertex 2.000000e+0 3.800000e+1 0.000000e+0
      vertex 2.000000e+0 5.200000e+1 0.000000e+0
      vertex 2.000000e+0 5.200000e+1 3.000000e+0
    endloop
  endfacet
  facet normal 1.000000e+0 0.000000e+0 0.000000e+0
    outer loop
      vertex 2.000000e+0 3.800000e+1 0.000000e+0
      vertex 2.000000e+0 5.200000e+1 3.000000e+0
      vertex 2.000000e+0 3.800000e+1 3.000000e+0
    endloop
  endfacet
  facet normal 0.000000e+0 0.000000e+0 -1.000000e+0
    outer loop
      vertex 3.000000e+1 5.200000e+1 0.000000e+0
      vertex 3.400000e+1 5.200000e+1 0.000000e+0
      vertex 3.400000e+1 3.800000e+1 0.000000e+0
    endloop
  endfacet
  facet normal 0.000000e+0 0.000000e+0 -1.000000e+0
    outer loop
      vertex 3.000000e+1 5.200000e+1 0.000000e+0
      vertex 3.400000e+1 3.800000e+1 0.000000e+0
      vertex 3.000000e+1 3.800000e+1 0.000000e+0
    endloop
  endfacet
  facet normal 0.000000e+0 0.000000e+0 1.000000e+0
    outer loop
      vertex 3.000000e+1 3.800000e+1 3.000000e+0
      vertex 3.400000e+1 3.800000e+1 3.000000e+0
      vertex 3.400000e+1 5.200000e+1 3.000000e+0
    endloop
  endfacet
  facet normal 0.000000e+0 0.000000e+0 1.000000e+0
    outer loop
      vertex 3.000000e+1 3.800000e+1 3.000000e+0
      vertex 3.400000e+1 5.200000e+1 3.000000e+0
      vertex 3.000000e+1 5.200000e+1 3.000000e+0
    endloop
  endfacet
  facet normal 0.000000e+0 -1.000000e+0 0.000000e+0
    outer loop
      vertex 3.000000e+1 3.800000e+1 0.000000e+0
      vertex 3.400000e+1 3.800000e+1 0.000000e+0
      vertex 3.400000e+1 3.800000e+1 3.000000e+0
    endloop
  endfacet
  facet normal 0.000000e+0 -1.000000e+0 0.000000e+0
    outer loop
      vertex 3.000000e+1 3.800000e+1 0.000000e+0
      vertex 3.400000e+1 3.800000e+1 3.000000e+0
      vertex 3.000000e+1 3.800000e+1 3.000000e+0
    endloop
  endfacet
  facet normal 0.000000e+0 1.000000e+0 0.000000e+0
    outer loop
      vertex 3.400000e+1 5.200000e+1 0.000000e+0
      vertex 3.000000e+1 5.200000e+1 0.000000e+0
      vertex 3.000000e+1 5.200000e+1 3.000000e+0
    endloop
  endfacet
  facet normal 0.000000e+0 1.000000e+0 0.000000e+0
    outer loop
      vertex 3.400000e+1 5.200000e+1 0.000000e+0
      vertex 3.000000e+1 5.200000e+1 3.000000e+0
      vertex 3.400000e+1 5.200000e+1 3.000000e+0
    endloop
  endfacet
  facet normal -1.000000e+0 0.000000e+0 0.000000e+0
    outer loop
      vertex 3.000000e+1 5.200000e+1 0.000000e+0
      vertex 3.000000e+1 3.800000e+1 0.000000e+0
      vertex 3.000000e+1 3.800000e+1 3.000000e+0
    endloop
  endfacet
  facet normal -1.000000e+0 0.000000e+0 0.000000e+0
    outer loop
      vertex 3.000000e+1 5.200000e+1 0.000000e+0
      vertex 3.000000e+1 3.800000e+1 3.000000e+0
      vertex 3.000000e+1 5.200000e+1 3.000000e+0
    endloop
  endfacet
  facet normal 1.000000e+0 0.000000e+0 0.000000e+0
    outer loop
      vertex 3.400000e+1 3.800000e+1 0.000000e+0
      vertex 3.400000e+1 5.200000e+1 0.000000e+0
      vertex 3.400000e+1 5.200000e+1 3.000000e+0
    endloop
  endfacet
  facet normal 1.000000e+0 0.000000e+0 0.000000e+0
    outer loop
      vertex 3.400000e+1 3.800000e+1 0.000000e+0
      vertex 3.400000e+1 5.200000e+1 3.000000e+0
      vertex 3.400000e+1 3.800000e+1 3.000000e+0
    endloop
  endfacet
  facet normal 0.000000e+0 0.000000e+0 -1.000000e+0
    outer loop
      vertex 4.800000e+1 5.200000e+1 0.000000e+0
      vertex 5.200000e+1 5.200000e+1 0.000000e+0
      vertex 5.200000e+1 3.800000e+1 0.000000e+0
    endloop
  endfacet
  facet normal 0.000000e+0 0.000000e+0 -1.000000e+0
    outer loop
      vertex 4.800000e+1 5.200000e+1 0.000000e+0
      vertex 5.200000e+1 3.800000e+1 0.000000e+0
      vertex 4.800000e+1 3.800000e+1 0.000000e+0
    endloop
  endfacet
  facet normal 0.000000e+0 0.000000e+0 1.000000e+0
    outer loop
      vertex 4.800000e+1 3.800000e+1 3.000000e+0
      vertex 5.200000e+1 3.800000e+1 3.000000e+0
      vertex 5.200000e+1 5.200000e+1 3.000000e+0
    endloop
  endfacet
  facet normal 0.000000e+0 0.000000e+0 1.000000e+0
    outer loop
      vertex 4.800000e+1 3.800000e+1 3.000000e+0
      vertex 5.200000e+1 5.200000e+1 3.000000e+0
      vertex 4.800000e+1 5.200000e+1 3.000000e+0
    endloop
  endfacet
  facet normal 0.000000e+0 -1.000000e+0 0.000000e+0
    outer loop
      vertex 4.800000e+1 3.800000e+1 0.000000e+0
      vertex 5.200000e+1 3.800000e+1 0.000000e+0
      vertex 5.200000e+1 3.800000e+1 3.000000e+0
    endloop
  endfacet
  facet normal 0.000000e+0 -1.000000e+0 0.000000e+0
    outer loop
      vertex 4.800000e+1 3.800000e+1 0.000000e+0
      vertex 5.200000e+1 3.800000e+1 3.000000e+0
      vertex 4.800000e+1 3.800000e+1 3.000000e+0
    endloop
  endfacet
  facet normal 0.000000e+0 1.000000e+0 0.000000e+0
    outer loop
      vertex 5.200000e+1 5.200000e+1 0.000000e+0
      vertex 4.800000e+1 5.200000e+1 0.000000e+0
      vertex 4.800000e+1 5.200000e+1 3.000000e+0
    endloop
  endfacet
  facet normal 0.000000e+0 1.000000e+0 0.000000e+0
    outer loop
      vertex 5.200000e+1 5.200000e+1 0.000000e+0
      vertex 4.800000e+1 5.200000e+1 3.000000e+0
      vertex 5.200000e+1 5.200000e+1 3.000000e+0
    endloop
  endfacet
  facet normal -1.000000e+0 0.000000e+0 0.000000e+0
    outer loop
      vertex 4.800000e+1 5.200000e+1 0.000000e+0
      vertex 4.800000e+1 3.800000e+1 0.000000e+0
      vertex 4.800000e+1 3.800000e+1 3.000000e+0
    endloop
  endfacet
  facet normal -1.000000e+0 0.000000e+0 0.000000e+0
    outer loop
      vertex 4.800000e+1 5.200000e+1 0.000000e+0
      vertex 4.800000e+1 3.800000e+1 3.000000e+0
      vertex 4.800000e+1 5.200000e+1 3.000000e+0
    endloop
  endfacet
  facet normal 1.000000e+0 0.000000e+0 0.000000e+0
    outer loop
      vertex 5.200000e+1 3.800000e+1 0.000000e+0
      vertex 5.200000e+1 5.200000e+1 0.000000e+0
      vertex 5.200000e+1 5.200000e+1 3.000000e+0
    endloop
  endfacet
  facet normal 1.000000e+0 0.000000e+0 0.000000e+0
    outer loop
      vertex 5.200000e+1 3.800000e+1 0.000000e+0
      vertex 5.200000e+1 5.200000e+1 3.000000e+0
      vertex 5.200000e+1 3.800000e+1 3.000000e+0
    endloop
  endfacet
  facet normal 0.000000e+0 0.000000e+0 -1.000000e+0
    outer loop
      vertex 6.600000e+1 5.200000e+1 0.000000e+0
      vertex 7.000000e+1 5.200000e+1 0.000000e+0
      vertex 7.000000e+1 3.800000e+1 0.000000e+0
    endloop
  endfacet
  facet normal 0.000000e+0 0.000000e+0 -1.000000e+0
    outer loop
      vertex 6.600000e+1 5.200000e+1 0.000000e+0
      vertex 7.000000e+1 3.800000e+1 0.000000e+0
      vertex 6.600000e+1 3.800000e+1 0.000000e+0
    endloop
  endfacet
  facet normal 0.000000e+0 0.000000e+0 1.000000e+0
    outer loop
      vertex 6.600000e+1 3.800000e+1 3.000000e+0
      vertex 7.000000e+1 3.800000e+1 3.000000e+0
      vertex 7.000000e+1 5.200000e+1 3.000000e+0
    endloop
  endfacet
  facet normal 0.000000e+0 0.000000e+0 1.000000e+0
    outer loop
      vertex 6.600000e+1 3.800000e+1 3.000000e+0
      vertex 7.000000e+1 5.200000e+1 3.000000e+0
      vertex 6.600000e+1 5.200000e+1 3.000000e+0
    endloop
  endfacet
  facet normal 0.000000e+0 -1.000000e+0 0.000000e+0
    outer loop
      vertex 6.600000e+1 3.800000e+1 0.000000e+0
      vertex 7.000000e+1 3.800000e+1 0.000000e+0
      vertex 7.000000e+1 3.800000e+1 3.000000e+0
    endloop
  endfacet
  facet normal 0.000000e+0 -1.000000e+0 0.000000e+0
    outer loop
      vertex 6.600000e+1 3.800000e+1 0.000000e+0
      vertex 7.000000e+1 3.800000e+1 3.000000e+0
      vertex 6.600000e+1 3.800000e+1 3.000000e+0
    endloop
  endfacet
  facet normal 0.000000e+0 1.000000e+0 0.000000e+0
    outer loop
      vertex 7.000000e+1 5.200000e+1 0.000000e+0
      vertex 6.600000e+1 5.200000e+1 0.000000e+0
      vertex 6.600000e+1 5.200000e+1 3.000000e+0
    endloop
  endfacet
  facet normal 0.000000e+0 1.000000e+0 0.000000e+0
    outer loop
      vertex 7.000000e+1 5.200000e+1 0.000000e+0
      vertex 6.600000e+1 5.200000e+1 3.000000e+0
      vertex 7.000000e+1 5.200000e+1 3.000000e+0
    endloop
  endfacet
  facet normal -1.000000e+0 0.000000e+0 0.000000e+0
    outer loop
      vertex 6.600000e+1 5.200000e+1 0.000000e+0
      vertex 6.600000e+1 3.800000e+1 0.000000e+0
      vertex 6.600000e+1 3.800000e+1 3.000000e+0
    endloop
  endfacet
  facet normal -1.000000e+0 0.000000e+0 0.000000e+0
    outer loop
      vertex 6.600000e+1 5.200000e+1 0.000000e+0
      vertex 6.600000e+1 3.800000e+1 3.000000e+0
      vertex 6.600000e+1 5.200000e+1 3.000000e+0
    endloop
  endfacet
  facet normal 1.000000e+0 0.000000e+0 0.000000e+0
    outer loop
      vertex 7.000000e+1 3.800000e+1 0.000000e+0
      vertex 7.000000e+1 5.200000e+1 0.000000e+0
      vertex 7.000000e+1 5.200000e+1 3.000000e+0
    endloop
  endfacet
  facet normal 1.000000e+0 0.000000e+0 0.000000e+0
    outer loop
      vertex 7.000000e+1 3.800000e+1 0.000000e+0
      vertex 7.000000e+1 5.200000e+1 3.000000e+0
      vertex 7.000000e+1 3.800000e+1 3.000000e+0
    endloop
  endfacet
  facet normal 0.000000e+0 0.000000e+0 -1.000000e+0
    outer loop
      vertex 8.400000e+1 5.200000e+1 0.000000e+0
      vertex 8.800000e+1 5.200000e+1 0.000000e+0
      vertex 8.800000e+1 3.800000e+1 0.000000e+0
    endloop
  endfacet
  facet normal 0.000000e+0 0.000000e+0 -1.000000e+0
    outer loop
      vertex 8.400000e+1 5.200000e+1 0.000000e+0
      vertex 8.800000e+1 3.800000e+1 0.000000e+0
      vertex 8.400000e+1 3.800000e+1 0.000000e+0
    endloop
  endfacet
  facet normal 0.000000e+0 0.000000e+0 1.000000e+0
    outer loop
      vertex 8.400000e+1 3.800000e+1 3.000000e+0
      vertex 8.800000e+1 3.800000e+1 3.000000e+0
      vertex 8.800000e+1 5.200000e+1 3.000000e+0
    endloop
  endfacet
  facet normal 0.000000e+0 0.000000e+0 1.000000e+0
    outer loop
      vertex 8.400000e+1 3.800000e+1 3.000000e+0
      vertex 8.800000e+1 5.200000e+1 3.000000e+0
      vertex 8.400000e+1 5.200000e+1 3.000000e+0
    endloop
  endfacet
  facet normal 0.000000e+0 -1.000000e+0 0.000000e+0
    outer loop
      vertex 8.400000e+1 3.800000e+1 0.000000e+0
      vertex 8.800000e+1 3.800000e+1 0.000000e+0
      vertex 8.800000e+1 3.800000e+1 3.000000e+0
    endloop
  endfacet
  facet normal 0.000000e+0 -1.000000e+0 0.000000e+0
    outer loop
      vertex 8.400000e+1 3.800000e+1 0.000000e+0
      vertex 8.800000e+1 3.800000e+1 3.000000e+0
      vertex 8.400000e+1 3.800000e+1 3.000000e+0
    endloop
  endfacet
  facet normal 0.000000e+0 1.000000e+0 0.000000e+0
    outer loop
      vertex 8.800000e+1 5.200000e+1 0.000000e+0
      vertex 8.400000e+1 5.200000e+1 0.000000e+0
      vertex 8.400000e+1 5.200000e+1 3.000000e+0
    endloop
  endfacet
  facet normal 0.000000e+0 1.000000e+0 0.000000e+0
    outer loop
      vertex 8.800000e+1 5.200000e+1 0.000000e+0
      vertex 8.400000e+1 5.200000e+1 3.000000e+0
      vertex 8.800000e+1 5.200000e+1 3.000000e+0
    endloop
  endfacet
  facet normal -1.000000e+0 0.000000e+0 0.000000e+0
    outer loop
      vertex 8.400000e+1 5.200000e+1 0.000000e+0
      vertex 8.400000e+1 3.800000e+1 0.000000e+0
      vertex 8.400000e+1 3.800000e+1 3.000000e+0
    endloop
  endfacet
  facet normal -1.000000e+0 0.000000e+0 0.000000e+0
    outer loop
      vertex 8.400000e+1 5.200000e+1 0.000000e+0
      vertex 8.400000e+1 3.800000e+1 3.000000e+0
      vertex 8.400000e+1 5.200000e+1 3.000000e+0
    endloop
  endfacet
  facet normal 1.000000e+0 0.000000e+0 0.000000e+0
    outer loop
      vertex 8.800000e+1 3.800000e+1 0.000000e+0
      vertex 8.800000e+1 5.200000e+1 0.000000e+0
      vertex 8.800000e+1 5.200000e+1 3.000000e+0
    endloop
  endfacet
  facet normal 1.000000e+0 0.000000e+0 0.000000e+0
    outer loop
      vertex 8.800000e+1 3.800000e+1 0.000000e+0
      vertex 8.800000e+1 5.200000e+1 3.000000e+0
      vertex 8.800000e+1 3.800000e+1 3.000000e+0
    endloop
  endfacet
  facet normal 0.000000e+0 0.000000e+0 -1.000000e+0
    outer loop
      vertex 1.020000e+2 5.200000e+1 0.000000e+0
      vertex 1.060000e+2 5.200000e+1 0.000000e+0
      vertex 1.060000e+2 3.800000e+1 0.000000e+0
    endloop
  endfacet
  facet normal 0.000000e+0 0.000000e+0 -1.000000e+0
    outer loop
      vertex 1.020000e+2 5.200000e+1 0.000000e+0
      vertex 1.060000e+2 3.800000e+1 0.000000e+0
      vertex 1.020000e+2 3.800000e+1 0.000000e+0
    endloop
  endfacet
  facet normal 0.000000e+0 0.000000e+0 1.000000e+0
    outer loop
      vertex 1.020000e+2 3.800000e+1 3.000000e+0
      vertex 1.060000e+2 3.800000e+1 3.000000e+0
      vertex 1.060000e+2 5.200000e+1 3.000000e+0
    endloop
  endfacet
  facet normal 0.000000e+0 0.000000e+0 1.000000e+0
    outer loop
      vertex 1.020000e+2 3.800000e+1 3.000000e+0
      vertex 1.060000e+2 5.200000e+1 3.000000e+0
      vertex 1.020000e+2 5.200000e+1 3.000000e+0
    endloop
  endfacet
  facet normal 0.000000e+0 -1.000000e+0 0.000000e+0
    outer loop
      vertex 1.020000e+2 3.800000e+1 0.000000e+0
      vertex 1.060000e+2 3.800000e+1 0.000000e+0
      vertex 1.060000e+2 3.800000e+1 3.000000e+0
    endloop
  endfacet
  facet normal 0.000000e+0 -1.000000e+0 0.000000e+0
    outer loop
      vertex 1.020000e+2 3.800000e+1 0.000000e+0
      vertex 1.060000e+2 3.800000e+1 3.000000e+0
      vertex 1.020000e+2 3.800000e+1 3.000000e+0
    endloop
  endfacet
  facet normal 0.000000e+0 1.000000e+0 0.000000e+0
    outer loop
      vertex 1.060000e+2 5.200000e+1 0.000000e+0
      vertex 1.020000e+2 5.200000e+1 0.000000e+0
      vertex 1.020000e+2 5.200000e+1 3.000000e+0
    endloop
  endfacet
  facet normal 0.000000e+0 1.000000e+0 0.000000e+0
    outer loop
      vertex 1.060000e+2 5.200000e+1 0.000000e+0
      vertex 1.020000e+2 5.200000e+1 3.000000e+0
      vertex 1.060000e+2 5.200000e+1 3.000000e+0
    endloop
  endfacet
  facet normal -1.000000e+0 0.000000e+0 0.000000e+0
    outer loop
      vertex 1.020000e+2 5.200000e+1 0.000000e+0
      vertex 1.020000e+2 3.800000e+1 0.000000e+0
      vertex 1.020000e+2 3.800000e+1 3.000000e+0
    endloop
  endfacet
  facet normal -1.000000e+0 0.000000e+0 0.000000e+0
    outer loop
      vertex 1.020000e+2 5.200000e+1 0.000000e+0
      vertex 1.020000e+2 3.800000e+1 3.000000e+0
      vertex 1.020000e+2 5.200000e+1 3.000000e+0
    endloop
  endfacet
  facet normal 1.000000e+0 0.000000e+0 0.000000e+0
    outer loop
      vertex 1.060000e+2 3.800000e+1 0.000000e+0
      vertex 1.060000e+2 5.200000e+1 0.000000e+0
      vertex 1.060000e+2 5.200000e+1 3.000000e+0
    endloop
  endfacet
  facet normal 1.000000e+0 0.000000e+0 0.000000e+0
    outer loop
      vertex 1.060000e+2 3.800000e+1 0.000000e+0
      vertex 1.060000e+2 5.200000e+1 3.000000e+0
      vertex 1.060000e+2 3.800000e+1 3.000000e+0
    endloop
  endfacet
  facet normal 0.000000e+0 0.000000e+0 -1.000000e+0
    outer loop
      vertex 1.200000e+2 5.200000e+1 0.000000e+0
      vertex 1.240000e+2 5.200000e+1 0.000000e+0
      vertex 1.240000e+2 3.800000e+1 0.000000e+0
    endloop
  endfacet
  facet normal 0.000000e+0 0.000000e+0 -1.000000e+0
    outer loop
      vertex 1.200000e+2 5.200000e+1 0.000000e+0
      vertex 1.240000e+2 3.800000e+1 0.000000e+0
      vertex 1.200000e+2 3.800000e+1 0.000000e+0
    endloop
  endfacet
  facet normal 0.000000e+0 0.000000e+0 1.000000e+0
    outer loop
      vertex 1.200000e+2 3.800000e+1 3.000000e+0
      vertex 1.240000e+2 3.800000e+1 3.000000e+0
      vertex 1.240000e+2 5.200000e+1 3.000000e+0
    endloop
  endfacet
  facet normal 0.000000e+0 0.000000e+0 1.000000e+0
    outer loop
      vertex 1.200000e+2 3.800000e+1 3.000000e+0
      vertex 1.240000e+2 5.200000e+1 3.000000e+0
      vertex 1.200000e+2 5.200000e+1 3.000000e+0
    endloop
  endfacet
  facet normal 0.000000e+0 -1.000000e+0 0.000000e+0
    outer loop
      vertex 1.200000e+2 3.800000e+1 0.000000e+0
      vertex 1.240000e+2 3.800000e+1 0.000000e+0
      vertex 1.240000e+2 3.800000e+1 3.000000e+0
    endloop
  endfacet
  facet normal 0.000000e+0 -1.000000e+0 0.000000e+0
    outer loop
      vertex 1.200000e+2 3.800000e+1 0.000000e+0
      vertex 1.240000e+2 3.800000e+1 3.000000e+0
      vertex 1.200000e+2 3.800000e+1 3.000000e+0
    endloop
  endfacet
  facet normal 0.000000e+0 1.000000e+0 0.000000e+0
    outer loop
      vertex 1.240000e+2 5.200000e+1 0.000000e+0
      vertex 1.200000e+2 5.200000e+1 0.000000e+0
      vertex 1.200000e+2 5.200000e+1 3.000000e+0
    endloop
  endfacet
  facet normal 0.000000e+0 1.000000e+0 0.000000e+0
    outer loop
      vertex 1.240000e+2 5.200000e+1 0.000000e+0
      vertex 1.200000e+2 5.200000e+1 3.000000e+0
      vertex 1.240000e+2 5.200000e+1 3.000000e+0
    endloop
  endfacet
  facet normal -1.000000e+0 0.000000e+0 0.000000e+0
    outer loop
      vertex 1.200000e+2 5.200000e+1 0.000000e+0
      vertex 1.200000e+2 3.800000e+1 0.000000e+0
      vertex 1.200000e+2 3.800000e+1 3.000000e+0
    endloop
  endfacet
  facet normal -1.000000e+0 0.000000e+0 0.000000e+0
    outer loop
      vertex 1.200000e+2 5.200000e+1 0.000000e+0
      vertex 1.200000e+2 3.800000e+1 3.000000e+0
      vertex 1.200000e+2 5.200000e+1 3.000000e+0
    endloop
  endfacet
  facet normal 1.000000e+0 0.000000e+0 0.000000e+0
    outer loop
      vertex 1.240000e+2 3.800000e+1 0.000000e+0
      vertex 1.240000e+2 5.200000e+1 0.000000e+0
      vertex 1.240000e+2 5.200000e+1 3.000000e+0
    endloop
  endfacet
  facet normal 1.000000e+0 0.000000e+0 0.000000e+0
    outer loop
      vertex 1.240000e+2 3.800000e+1 0.000000e+0
      vertex 1.240000e+2 5.200000e+1 3.000000e+0
      vertex 1.240000e+2 3.800000e+1 3.000000e+0
    endloop
  endfacet
  facet normal 0.000000e+0 0.000000e+0 -1.000000e+0
    outer loop
      vertex 1.380000e+2 5.200000e+1 0.000000e+0
      vertex 1.420000e+2 5.200000e+1 0.000000e+0
      vertex 1.420000e+2 3.800000e+1 0.000000e+0
    endloop
  endfacet
  facet normal 0.000000e+0 0.000000e+0 -1.000000e+0
    outer loop
      vertex 1.380000e+2 5.200000e+1 0.000000e+0
      vertex 1.420000e+2 3.800000e+1 0.000000e+0
      vertex 1.380000e+2 3.800000e+1 0.000000e+0
    endloop
  endfacet
  facet normal 0.000000e+0 0.000000e+0 1.000000e+0
    outer loop
      vertex 1.380000e+2 3.800000e+1 3.000000e+0
      vertex 1.420000e+2 3.800000e+1 3.000000e+0
      vertex 1.420000e+2 5.200000e+1 3.000000e+0
    endloop
  endfacet
  facet normal 0.000000e+0 0.000000e+0 1.000000e+0
    outer loop
      vertex 1.380000e+2 3.800000e+1 3.000000e+0
      vertex 1.420000e+2 5.200000e+1 3.000000e+0
      vertex 1.380000e+2 5.200000e+1 3.000000e+0
    endloop
  endfacet
  facet normal 0.000000e+0 -1.000000e+0 0.000000e+0
    outer loop
      vertex 1.380000e+2 3.800000e+1 0.000000e+0
      vertex 1.420000e+2 3.800000e+1 0.000000e+0
      vertex 1.420000e+2 3.800000e+1 3.000000e+0
    endloop
  endfacet
  facet normal 0.000000e+0 -1.000000e+0 0.000000e+0
    outer loop
      vertex 1.380000e+2 3.800000e+1 0.000000e+0
      vertex 1.420000e+2 3.800000e+1 3.000000e+0
      vertex 1.380000e+2 3.800000e+1 3.000000e+0
    endloop
  endfacet
  facet normal 0.000000e+0 1.000000e+0 0.000000e+0
    outer loop
      vertex 1.420000e+2 5.200000e+1 0.000000e+0
      vertex 1.380000e+2 5.200000e+1 0.000000e+0
      vertex 1.380000e+2 5.200000e+1 3.000000e+0
    endloop
  endfacet
  facet normal 0.000000e+0 1.000000e+0 0.000000e+0
    outer loop
      vertex 1.420000e+2 5.200000e+1 0.000000e+0
      vertex 1.380000e+2 5.200000e+1 3.000000e+0
      vertex 1.420000e+2 5.200000e+1 3.000000e+0
    endloop
  endfacet
  facet normal -1.000000e+0 0.000000e+0 0.000000e+0
    outer loop
      vertex 1.380000e+2 5.200000e+1 0.000000e+0
      vertex 1.380000e+2 3.800000e+1 0.000000e+0
      vertex 1.380000e+2 3.800000e+1 3.000000e+0
    endloop
  endfacet
  facet normal -1.000000e+0 0.000000e+0 0.000000e+0
    outer loop
      vertex 1.380000e+2 5.200000e+1 0.000000e+0
      vertex 1.380000e+2 3.800000e+1 3.000000e+0
      vertex 1.380000e+2 5.200000e+1 3.000000e+0
    endloop
  endfacet
  facet normal 1.000000e+0 0.000000e+0 0.000000e+0
    outer loop
      vertex 1.420000e+2 3.800000e+1 0.000000e+0
      vertex 1.420000e+2 5.200000e+1 0.000000e+0
      vertex 1.420000e+2 5.200000e+1 3.000000e+0
    endloop
  endfacet
  facet normal 1.000000e+0 0.000000e+0 0.000000e+0
    outer loop
      vertex 1.420000e+2 3.800000e+1 0.000000e+0
      vertex 1.420000e+2 5.200000e+1 3.000000e+0
      vertex 1.420000e+2 3.800000e+1 3.000000e+0
    endloop
  endfacet
  facet normal 0.000000e+0 0.000000e+0 -1.000000e+0
    outer loop
      vertex 1.560000e+2 5.200000e+1 0.000000e+0
      vertex 1.600000e+2 5.200000e+1 0.000000e+0
      vertex 1.600000e+2 3.800000e+1 0.000000e+0
    endloop
  endfacet
  facet normal 0.000000e+0 0.000000e+0 -1.000000e+0
    outer loop
      vertex 1.560000e+2 5.200000e+1 0.000000e+0
      vertex 1.600000e+2 3.800000e+1 0.000000e+0
      vertex 1.560000e+2 3.800000e+1 0.000000e+0
    endloop
  endfacet
  facet normal 0.000000e+0 0.000000e+0 1.000000e+0
    outer loop
      vertex 1.560000e+2 3.800000e+1 3.000000e+0
      vertex 1.600000e+2 3.800000e+1 3.000000e+0
      vertex 1.600000e+2 5.200000e+1 3.000000e+0
    endloop
  endfacet
  facet normal 0.000000e+0 0.000000e+0 1.000000e+0
    outer loop
      vertex 1.560000e+2 3.800000e+1 3.000000e+0
      vertex 1.600000e+2 5.200000e+1 3.000000e+0
      vertex 1.560000e+2 5.200000e+1 3.000000e+0
    endloop
  endfacet
  facet normal 0.000000e+0 -1.000000e+0 0.000000e+0
    outer loop
      vertex 1.560000e+2 3.800000e+1 0.000000e+0
      vertex 1.600000e+2 3.800000e+1 0.000000e+0
      vertex 1.600000e+2 3.800000e+1 3.000000e+0
    endloop
  endfacet
  facet normal 0.000000e+0 -1.000000e+0 0.000000e+0
    outer loop
      vertex 1.560000e+2 3.800000e+1 0.000000e+0
      vertex 1.600000e+2 3.800000e+1 3.000000e+0
      vertex 1.560000e+2 3.800000e+1 3.000000e+0
    endloop
  endfacet
  facet normal 0.000000e+0 1.000000e+0 0.000000e+0
    outer loop
      vertex 1.600000e+2 5.200000e+1 0.000000e+0
      vertex 1.560000e+2 5.200000e+1 0.000000e+0
      vertex 1.560000e+2 5.200000e+1 3.000000e+0
    endloop
  endfacet
  facet normal 0.000000e+0 1.000000e+0 0.000000e+0
    outer loop
      vertex 1.600000e+2 5.200000e+1 0.000000e+0
      vertex 1.560000e+2 5.200000e+1 3.000000e+0
      vertex 1.600000e+2 5.200000e+1 3.000000e+0
    endloop
  endfacet
  facet normal -1.000000e+0 0.000000e+0 0.000000e+0
    outer loop
      vertex 1.560000e+2 5.200000e+1 0.000000e+0
      vertex 1.560000e+2 3.800000e+1 0.000000e+0
      vertex 1.560000e+2 3.800000e+1 3.000000e+0
    endloop
  endfacet
  facet normal -1.000000e+0 0.000000e+0 0.000000e+0
    outer loop
      vertex 1.560000e+2 5.200000e+1 0.000000e+0
      vertex 1.560000e+2 3.800000e+1 3.000000e+0
      vertex 1.560000e+2 5.200000e+1 3.000000e+0
    endloop
  endfacet
  facet normal 1.000000e+0 0.000000e+0 0.000000e+0
    outer loop
      vertex 1.600000e+2 3.800000e+1 0.000000e+0
      vertex 1.600000e+2 5.200000e+1 0.000000e+0
      vertex 1.600000e+2 5.200000e+1 3.000000e+0
    endloop
  endfacet
  facet normal 1.000000e+0 0.000000e+0 0.000000e+0
    outer loop
      vertex 1.600000e+2 3.800000e+1 0.000000e+0
      vertex 1.600000e+2 5.200000e+1 3.000000e+0
      vertex 1.600000e+2 3.800000e+1 3.000000e+0
    endloop
  endfacet
  facet normal 0.000000e+0 0.000000e+0 -1.000000e+0
    outer loop
      vertex 1.740000e+2 5.200000e+1 0.000000e+0
      vertex 1.780000e+2 5.200000e+1 0.000000e+0
      vertex 1.780000e+2 3.800000e+1 0.000000e+0
    endloop
  endfacet
  facet normal 0.000000e+0 0.000000e+0 -1.000000e+0
    outer loop
      vertex 1.740000e+2 5.200000e+1 0.000000e+0
      vertex 1.780000e+2 3.800000e+1 0.000000e+0
      vertex 1.740000e+2 3.800000e+1 0.000000e+0
    endloop
  endfacet
  facet normal 0.000000e+0 0.000000e+0 1.000000e+0
    outer loop
      vertex 1.740000e+2 3.800000e+1 3.000000e+0
      vertex 1.780000e+2 3.800000e+1 3.000000e+0
      vertex 1.780000e+2 5.200000e+1 3.000000e+0
    endloop
  endfacet
  facet normal 0.000000e+0 0.000000e+0 1.000000e+0
    outer loop
      vertex 1.740000e+2 3.800000e+1 3.000000e+0
      vertex 1.780000e+2 5.200000e+1 3.000000e+0
      vertex 1.740000e+2 5.200000e+1 3.000000e+0
    endloop
  endfacet
  facet normal 0.000000e+0 -1.000000e+0 0.000000e+0
    outer loop
      vertex 1.740000e+2 3.800000e+1 0.000000e+0
      vertex 1.780000e+2 3.800000e+1 0.000000e+0
      vertex 1.780000e+2 3.800000e+1 3.000000e+0
    endloop
  endfacet
  facet normal 0.000000e+0 -1.000000e+0 0.000000e+0
    outer loop
      vertex 1.740000e+2 3.800000e+1 0.000000e+0
      vertex 1.780000e+2 3.800000e+1 3.000000e+0
      vertex 1.740000e+2 3.800000e+1 3.000000e+0
    endloop
  endfacet
  facet normal 0.000000e+0 1.000000e+0 0.000000e+0
    outer loop
      vertex 1.780000e+2 5.200000e+1 0.000000e+0
      vertex 1.740000e+2 5.200000e+1 0.000000e+0
      vertex 1.740000e+2 5.200000e+1 3.000000e+0
    endloop
  endfacet
  facet normal 0.000000e+0 1.000000e+0 0.000000e+0
    outer loop
      vertex 1.780000e+2 5.200000e+1 0.000000e+0
      vertex 1.740000e+2 5.200000e+1 3.000000e+0
      vertex 1.780000e+2 5.200000e+1 3.000000e+0
    endloop
  endfacet
  facet normal -1.000000e+0 0.000000e+0 0.000000e+0
    outer loop
      vertex 1.740000e+2 5.200000e+1 0.000000e+0
      vertex 1.740000e+2 3.800000e+1 0.000000e+0
      vertex 1.740000e+2 3.800000e+1 3.000000e+0
    endloop
  endfacet
  facet normal -1.000000e+0 0.000000e+0 0.000000e+0
    outer loop
      vertex 1.740000e+2 5.200000e+1 0.000000e+0
      vertex 1.740000e+2 3.800000e+1 3.000000e+0
      vertex 1.740000e+2 5.200000e+1 3.000000e+0
    endloop
  endfacet
  facet normal 1.000000e+0 0.000000e+0 0.000000e+0
    outer loop
      vertex 1.780000e+2 3.800000e+1 0.000000e+0
      vertex 1.780000e+2 5.200000e+1 0.000000e+0
      vertex 1.780000e+2 5.200000e+1 3.000000e+0
    endloop
  endfacet
  facet normal 1.000000e+0 0.000000e+0 0.000000e+0
    outer loop
      vertex 1.780000e+2 3.800000e+1 0.000000e+0
      vertex 1.780000e+2 5.200000e+1 3.000000e+0
      vertex 1.780000e+2 3.800000e+1 3.000000e+0
    endloop
  endfacet
  facet normal 0.000000e+0 0.000000e+0 -1.000000e+0
    outer loop
      vertex 1.920000e+2 5.200000e+1 0.000000e+0
      vertex 1.960000e+2 5.200000e+1 0.000000e+0
      vertex 1.960000e+2 3.800000e+1 0.000000e+0
    endloop
  endfacet
  facet normal 0.000000e+0 0.000000e+0 -1.000000e+0
    outer loop
      vertex 1.920000e+2 5.200000e+1 0.000000e+0
      vertex 1.960000e+2 3.800000e+1 0.000000e+0
      vertex 1.920000e+2 3.800000e+1 0.000000e+0
    endloop
  endfacet
  facet normal 0.000000e+0 0.000000e+0 1.000000e+0
    outer loop
      vertex 1.920000e+2 3.800000e+1 3.000000e+0
      vertex 1.960000e+2 3.800000e+1 3.000000e+0
      vertex 1.960000e+2 5.200000e+1 3.000000e+0
    endloop
  endfacet
  facet normal 0.000000e+0 0.000000e+0 1.000000e+0
    outer loop
      vertex 1.920000e+2 3.800000e+1 3.000000e+0
      vertex 1.960000e+2 5.200000e+1 3.000000e+0
      vertex 1.920000e+2 5.200000e+1 3.000000e+0
    endloop
  endfacet
  facet normal 0.000000e+0 -1.000000e+0 0.000000e+0
    outer loop
      vertex 1.920000e+2 3.800000e+1 0.000000e+0
      vertex 1.960000e+2 3.800000e+1 0.000000e+0
      vertex 1.960000e+2 3.800000e+1 3.000000e+0
    endloop
  endfacet
  facet normal 0.000000e+0 -1.000000e+0 0.000000e+0
    outer loop
      vertex 1.920000e+2 3.800000e+1 0.000000e+0
      vertex 1.960000e+2 3.800000e+1 3.000000e+0
      vertex 1.920000e+2 3.800000e+1 3.000000e+0
    endloop
  endfacet
  facet normal 0.000000e+0 1.000000e+0 0.000000e+0
    outer loop
      vertex 1.960000e+2 5.200000e+1 0.000000e+0
      vertex 1.920000e+2 5.200000e+1 0.000000e+0
      vertex 1.920000e+2 5.200000e+1 3.000000e+0
    endloop
  endfacet
  facet normal 0.000000e+0 1.000000e+0 0.000000e+0
    outer loop
      vertex 1.960000e+2 5.200000e+1 0.000000e+0
      vertex 1.920000e+2 5.200000e+1 3.000000e+0
      vertex 1.960000e+2 5.200000e+1 3.000000e+0
    endloop
  endfacet
  facet normal -1.000000e+0 0.000000e+0 0.000000e+0
    outer loop
      vertex 1.920000e+2 5.200000e+1 0.000000e+0
      vertex 1.920000e+2 3.800000e+1 0.000000e+0
      vertex 1.920000e+2 3.800000e+1 3.000000e+0
    endloop
  endfacet
  facet normal -1.000000e+0 0.000000e+0 0.000000e+0
    outer loop
      vertex 1.920000e+2 5.200000e+1 0.000000e+0
      vertex 1.920000e+2 3.800000e+1 3.000000e+0
      vertex 1.920000e+2 5.200000e+1 3.000000e+0
    endloop
  endfacet
  facet normal 1.000000e+0 0.000000e+0 0.000000e+0
    outer loop
      vertex 1.960000e+2 3.800000e+1 0.000000e+0
      vertex 1.960000e+2 5.200000e+1 0.000000e+0
      vertex 1.960000e+2 5.200000e+1 3.000000e+0
    endloop
  endfacet
  facet normal 1.000000e+0 0.000000e+0 0.000000e+0
    outer loop
      vertex 1.960000e+2 3.800000e+1 0.000000e+0
      vertex 1.960000e+2 5.200000e+1 3.000000e+0
      vertex 1.960000e+2 3.800000e+1 3.000000e+0
    endloop
  endfacet
  facet normal 0.000000e+0 0.000000e+0 -1.000000e+0
    outer loop
      vertex 0.000000e+0 7.000000e+1 0.000000e+0
      vertex 2.000000e+0 7.000000e+1 0.000000e+0
      vertex 2.000000e+0 5.600000e+1 0.000000e+0
    endloop
  endfacet
  facet normal 0.000000e+0 0.000000e+0 -1.000000e+0
    outer loop
      vertex 0.000000e+0 7.000000e+1 0.000000e+0
      vertex 2.000000e+0 5.600000e+1 0.000000e+0
      vertex 0.000000e+0 5.600000e+1 0.000000e+0
    endloop
  endfacet
  facet normal 0.000000e+0 0.000000e+0 1.000000e+0
    outer loop
      vertex 0.000000e+0 5.600000e+1 3.000000e+0
      vertex 2.000000e+0 5.600000e+1 3.000000e+0
      vertex 2.000000e+0 7.000000e+1 3.000000e+0
    endloop
  endfacet
  facet normal 0.000000e+0 0.000000e+0 1.000000e+0
    outer loop
      vertex 0.000000e+0 5.600000e+1 3.000000e+0
      vertex 2.000000e+0 7.000000e+1 3.000000e+0
      vertex 0.000000e+0 7.000000e+1 3.000000e+0
    endloop
  endfacet
  facet normal 0.000000e+0 -1.000000e+0 0.000000e+0
    outer loop
      vertex 0.000000e+0 5.600000e+1 0.000000e+0
      vertex 2.000000e+0 5.600000e+1 0.000000e+0
      vertex 2.000000e+0 5.600000e+1 3.000000e+0
    endloop
  endfacet
  facet normal 0.000000e+0 -1.000000e+0 0.000000e+0
    outer loop
      vertex 0.000000e+0 5.600000e+1 0.000000e+0
      vertex 2.000000e+0 5.600000e+1 3.000000e+0
      vertex 0.000000e+0 5.600000e+1 3.000000e+0
    endloop
  endfacet
  facet normal 0.000000e+0 1.000000e+0 0.000000e+0
    outer loop
      vertex 2.000000e+0 7.000000e+1 0.000000e+0
      vertex 0.000000e+0 7.000000e+1 0.000000e+0
      vertex 0.000000e+0 7.000000e+1 3.000000e+0
    endloop
  endfacet
  facet normal 0.000000e+0 1.000000e+0 0.000000e+0
    outer loop
      vertex 2.000000e+0 7.000000e+1 0.000000e+0
      vertex 0.000000e+0 7.000000e+1 3.000000e+0
      vertex 2.000000e+0 7.000000e+1 3.000000e+0
    endloop
  endfacet
  facet normal -1.000000e+0 0.000000e+0 0.000000e+0
    outer loop
      vertex 0.000000e+0 7.000000e+1 0.000000e+0
      vertex 0.000000e+0 5.600000e+1 0.000000e+0
      vertex 0.000000e+0 5.600000e+1 3.000000e+0
    endloop
  endfacet
  facet normal -1.000000e+0 0.000000e+0 0.000000e+0
    outer loop
      vertex 0.000000e+0 7.000000e+1 0.000000e+0
      vertex 0.000000e+0 5.600000e+1 3.000000e+0
      vertex 0.000000e+0 7.000000e+1 3.000000e+0
    endloop
  endfacet
  facet normal 1.000000e+0 0.000000e+0 0.000000e+0
    outer loop
      vertex 2.000000e+0 5.600000e+1 0.000000e+0
      vertex 2.000000e+0 7.000000e+1 0.000000e+0
      vertex 2.000000e+0 7.000000e+1 3.000000e+0
    endloop
  endfacet
  facet normal 1.000000e+0 0.000000e+0 0.000000e+0
    outer loop
      vertex 2.000000e+0 5.600000e+1 0.000000e+0
      vertex 2.000000e+0 7.000000e+1 3.000000e+0
      vertex 2.000000e+0 5.600000e+1 3.000000e+0
    endloop
  endfacet
  facet normal 0.000000e+0 0.000000e+0 -1.000000e+0
    outer loop
      vertex 3.000000e+1 7.000000e+1 0.000000e+0
      vertex 3.400000e+1 7.000000e+1 0.000000e+0
      vertex 3.400000e+1 5.600000e+1 0.000000e+0
    endloop
  endfacet
  facet normal 0.000000e+0 0.000000e+0 -1.000000e+0
    outer loop
      vertex 3.000000e+1 7.000000e+1 0.000000e+0
      vertex 3.400000e+1 5.600000e+1 0.000000e+0
      vertex 3.000000e+1 5.600000e+1 0.000000e+0
    endloop
  endfacet
  facet normal 0.000000e+0 0.000000e+0 1.000000e+0
    outer loop
      vertex 3.000000e+1 5.600000e+1 3.000000e+0
      vertex 3.400000e+1 5.600000e+1 3.000000e+0
      vertex 3.400000e+1 7.000000e+1 3.000000e+0
    endloop
  endfacet
  facet normal 0.000000e+0 0.000000e+0 1.000000e+0
    outer loop
      vertex 3.000000e+1 5.600000e+1 3.000000e+0
      vertex 3.400000e+1 7.000000e+1 3.000000e+0
      vertex 3.000000e+1 7.000000e+1 3.000000e+0
    endloop
  endfacet
  facet normal 0.000000e+0 -1.000000e+0 0.000000e+0
    outer loop
      vertex 3.000000e+1 5.600000e+1 0.000000e+0
      vertex 3.400000e+1 5.600000e+1 0.000000e+0
      vertex 3.400000e+1 5.600000e+1 3.000000e+0
    endloop
  endfacet
  facet normal 0.000000e+0 -1.000000e+0 0.000000e+0
    outer loop
      vertex 3.000000e+1 5.600000e+1 0.000000e+0
      vertex 3.400000e+1 5.600000e+1 3.000000e+0
      vertex 3.000000e+1 5.600000e+1 3.000000e+0
    endloop
  endfacet
  facet normal 0.000000e+0 1.000000e+0 0.000000e+0
    outer loop
      vertex 3.400000e+1 7.000000e+1 0.000000e+0
      vertex 3.000000e+1 7.000000e+1 0.000000e+0
      vertex 3.000000e+1 7.000000e+1 3.000000e+0
    endloop
  endfacet
  facet normal 0.000000e+0 1.000000e+0 0.000000e+0
    outer loop
      vertex 3.400000e+1 7.000000e+1 0.000000e+0
      vertex 3.000000e+1 7.000000e+1 3.000000e+0
      vertex 3.400000e+1 7.000000e+1 3.000000e+0
    endloop
  endfacet
  facet normal -1.000000e+0 0.000000e+0 0.000000e+0
    outer loop
      vertex 3.000000e+1 7.000000e+1 0.000000e+0
      vertex 3.000000e+1 5.600000e+1 0.000000e+0
      vertex 3.000000e+1 5.600000e+1 3.000000e+0
    endloop
  endfacet
  facet normal -1.000000e+0 0.000000e+0 0.000000e+0
    outer loop
      vertex 3.000000e+1 7.000000e+1 0.000000e+0
      vertex 3.000000e+1 5.600000e+1 3.000000e+0
      vertex 3.000000e+1 7.000000e+1 3.000000e+0
    endloop
  endfacet
  facet normal 1.000000e+0 0.000000e+0 0.000000e+0
    outer loop
      vertex 3.400000e+1 5.600000e+1 0.000000e+0
      vertex 3.400000e+1 7.000000e+1 0.000000e+0
      vertex 3.400000e+1 7.000000e+1 3.000000e+0
    endloop
  endfacet
  facet normal 1.000000e+0 0.000000e+0 0.000000e+0
    outer loop
      vertex 3.400000e+1 5.600000e+1 0.000000e+0
      vertex 3.400000e+1 7.000000e+1 3.000000e+0
      vertex 3.400000e+1 5.600000e+1 3.000000e+0
    endloop
  endfacet
  facet normal 0.000000e+0 0.000000e+0 -1.000000e+0
    outer loop
      vertex 4.800000e+1 7.000000e+1 0.000000e+0
      vertex 5.200000e+1 7.000000e+1 0.000000e+0
      vertex 5.200000e+1 5.600000e+1 0.000000e+0
    endloop
  endfacet
  facet normal 0.000000e+0 0.000000e+0 -1.000000e+0
    outer loop
      vertex 4.800000e+1 7.000000e+1 0.000000e+0
      vertex 5.200000e+1 5.600000e+1 0.000000e+0
      vertex 4.800000e+1 5.600000e+1 0.000000e+0
    endloop
  endfacet
  facet normal 0.000000e+0 0.000000e+0 1.000000e+0
    outer loop
      vertex 4.800000e+1 5.600000e+1 3.000000e+0
      vertex 5.200000e+1 5.600000e+1 3.000000e+0
      vertex 5.200000e+1 7.000000e+1 3.000000e+0
    endloop
  endfacet
  facet normal 0.000000e+0 0.000000e+0 1.000000e+0
    outer loop
      vertex 4.800000e+1 5.600000e+1 3.000000e+0
      vertex 5.200000e+1 7.000000e+1 3.000000e+0
      vertex 4.800000e+1 7.000000e+1 3.000000e+0
    endloop
  endfacet
  facet normal 0.000000e+0 -1.000000e+0 0.000000e+0
    outer loop
      vertex 4.800000e+1 5.600000e+1 0.000000e+0
      vertex 5.200000e+1 5.600000e+1 0.000000e+0
      vertex 5.200000e+1 5.600000e+1 3.000000e+0
    endloop
  endfacet
  facet normal 0.000000e+0 -1.000000e+0 0.000000e+0
    outer loop
      vertex 4.800000e+1 5.600000e+1 0.000000e+0
      vertex 5.200000e+1 5.600000e+1 3.000000e+0
      vertex 4.800000e+1 5.600000e+1 3.000000e+0
    endloop
  endfacet
  facet normal 0.000000e+0 1.000000e+0 0.000000e+0
    outer loop
      vertex 5.200000e+1 7.000000e+1 0.000000e+0
      vertex 4.800000e+1 7.000000e+1 0.000000e+0
      vertex 4.800000e+1 7.000000e+1 3.000000e+0
    endloop
  endfacet
  facet normal 0.000000e+0 1.000000e+0 0.000000e+0
    outer loop
      vertex 5.200000e+1 7.000000e+1 0.000000e+0
      vertex 4.800000e+1 7.000000e+1 3.000000e+0
      vertex 5.200000e+1 7.000000e+1 3.000000e+0
    endloop
  endfacet
  facet normal -1.000000e+0 0.000000e+0 0.000000e+0
    outer loop
      vertex 4.800000e+1 7.000000e+1 0.000000e+0
      vertex 4.800000e+1 5.600000e+1 0.000000e+0
      vertex 4.800000e+1 5.600000e+1 3.000000e+0
    endloop
  endfacet
  facet normal -1.000000e+0 0.000000e+0 0.000000e+0
    outer loop
      vertex 4.800000e+1 7.000000e+1 0.000000e+0
      vertex 4.800000e+1 5.600000e+1 3.000000e+0
      vertex 4.800000e+1 7.000000e+1 3.000000e+0
    endloop
  endfacet
  facet normal 1.000000e+0 0.000000e+0 0.000000e+0
    outer loop
      vertex 5.200000e+1 5.600000e+1 0.000000e+0
      vertex 5.200000e+1 7.000000e+1 0.000000e+0
      vertex 5.200000e+1 7.000000e+1 3.000000e+0
    endloop
  endfacet
  facet normal 1.000000e+0 0.000000e+0 0.000000e+0
    outer loop
      vertex 5.200000e+1 5.600000e+1 0.000000e+0
      vertex 5.200000e+1 7.000000e+1 3.000000e+0
      vertex 5.200000e+1 5.600000e+1 3.000000e+0
    endloop
  endfacet
  facet normal 0.000000e+0 0.000000e+0 -1.000000e+0
    outer loop
      vertex 6.600000e+1 7.000000e+1 0.000000e+0
      vertex 7.000000e+1 7.000000e+1 0.000000e+0
      vertex 7.000000e+1 5.600000e+1 0.000000e+0
    endloop
  endfacet
  facet normal 0.000000e+0 0.000000e+0 -1.000000e+0
    outer loop
      vertex 6.600000e+1 7.000000e+1 0.000000e+0
      vertex 7.000000e+1 5.600000e+1 0.000000e+0
      vertex 6.600000e+1 5.600000e+1 0.000000e+0
    endloop
  endfacet
  facet normal 0.000000e+0 0.000000e+0 1.000000e+0
    outer loop
      vertex 6.600000e+1 5.600000e+1 3.000000e+0
      vertex 7.000000e+1 5.600000e+1 3.000000e+0
      vertex 7.000000e+1 7.000000e+1 3.000000e+0
    endloop
  endfacet
  facet normal 0.000000e+0 0.000000e+0 1.000000e+0
    outer loop
      vertex 6.600000e+1 5.600000e+1 3.000000e+0
      vertex 7.000000e+1 7.000000e+1 3.000000e+0
      vertex 6.600000e+1 7.000000e+1 3.000000e+0
    endloop
  endfacet
  facet normal 0.000000e+0 -1.000000e+0 0.000000e+0
    outer loop
      vertex 6.600000e+1 5.600000e+1 0.000000e+0
      vertex 7.000000e+1 5.600000e+1 0.000000e+0
      vertex 7.000000e+1 5.600000e+1 3.000000e+0
    endloop
  endfacet
  facet normal 0.000000e+0 -1.000000e+0 0.000000e+0
    outer loop
      vertex 6.600000e+1 5.600000e+1 0.000000e+0
      vertex 7.000000e+1 5.600000e+1 3.000000e+0
      vertex 6.600000e+1 5.600000e+1 3.000000e+0
    endloop
  endfacet
  facet normal 0.000000e+0 1.000000e+0 0.000000e+0
    outer loop
      vertex 7.000000e+1 7.000000e+1 0.000000e+0
      vertex 6.600000e+1 7.000000e+1 0.000000e+0
      vertex 6.600000e+1 7.000000e+1 3.000000e+0
    endloop
  endfacet
  facet normal 0.000000e+0 1.000000e+0 0.000000e+0
    outer loop
      vertex 7.000000e+1 7.000000e+1 0.000000e+0
      vertex 6.600000e+1 7.000000e+1 3.000000e+0
      vertex 7.000000e+1 7.000000e+1 3.000000e+0
    endloop
  endfacet
  facet normal -1.000000e+0 0.000000e+0 0.000000e+0
    outer loop
      vertex 6.600000e+1 7.000000e+1 0.000000e+0
      vertex 6.600000e+1 5.600000e+1 0.000000e+0
      vertex 6.600000e+1 5.600000e+1 3.000000e+0
    endloop
  endfacet
  facet normal -1.000000e+0 0.000000e+0 0.000000e+0
    outer loop
      vertex 6.600000e+1 7.000000e+1 0.000000e+0
      vertex 6.600000e+1 5.600000e+1 3.000000e+0
      vertex 6.600000e+1 7.000000e+1 3.000000e+0
    endloop
  endfacet
  facet normal 1.000000e+0 0.000000e+0 0.000000e+0
    outer loop
      vertex 7.000000e+1 5.600000e+1 0.000000e+0
      vertex 7.000000e+1 7.000000e+1 0.000000e+0
      vertex 7.000000e+1 7.000000e+1 3.000000e+0
    endloop
  endfacet
  facet normal 1.000000e+0 0.000000e+0 0.000000e+0
    outer loop
      vertex 7.000000e+1 5.600000e+1 0.000000e+0
      vertex 7.000000e+1 7.000000e+1 3.000000e+0
      vertex 7.000000e+1 5.600000e+1 3.000000e+0
    endloop
  endfacet
  facet normal 0.000000e+0 0.000000e+0 -1.000000e+0
    outer loop
      vertex 8.400000e+1 7.000000e+1 0.000000e+0
      vertex 8.800000e+1 7.000000e+1 0.000000e+0
      vertex 8.800000e+1 5.600000e+1 0.000000e+0
    endloop
  endfacet
  facet normal 0.000000e+0 0.000000e+0 -1.000000e+0
    outer loop
      vertex 8.400000e+1 7.000000e+1 0.000000e+0
      vertex 8.800000e+1 5.600000e+1 0.000000e+0
      vertex 8.400000e+1 5.600000e+1 0.000000e+0
    endloop
  endfacet
  facet normal 0.000000e+0 0.000000e+0 1.000000e+0
    outer loop
      vertex 8.400000e+1 5.600000e+1 3.000000e+0
      vertex 8.800000e+1 5.600000e+1 3.000000e+0
      vertex 8.800000e+1 7.000000e+1 3.000000e+0
    endloop
  endfacet
  facet normal 0.000000e+0 0.000000e+0 1.000000e+0
    outer loop
      vertex 8.400000e+1 5.600000e+1 3.000000e+0
      vertex 8.800000e+1 7.000000e+1 3.000000e+0
      vertex 8.400000e+1 7.000000e+1 3.000000e+0
    endloop
  endfacet
  facet normal 0.000000e+0 -1.000000e+0 0.000000e+0
    outer loop
      vertex 8.400000e+1 5.600000e+1 0.000000e+0
      vertex 8.800000e+1 5.600000e+1 0.000000e+0
      vertex 8.800000e+1 5.600000e+1 3.000000e+0
    endloop
  endfacet
  facet normal 0.000000e+0 -1.000000e+0 0.000000e+0
    outer loop
      vertex 8.400000e+1 5.600000e+1 0.000000e+0
      vertex 8.800000e+1 5.600000e+1 3.000000e+0
      vertex 8.400000e+1 5.600000e+1 3.000000e+0
    endloop
  endfacet
  facet normal 0.000000e+0 1.000000e+0 0.000000e+0
    outer loop
      vertex 8.800000e+1 7.000000e+1 0.000000e+0
      vertex 8.400000e+1 7.000000e+1 0.000000e+0
      vertex 8.400000e+1 7.000000e+1 3.000000e+0
    endloop
  endfacet
  facet normal 0.000000e+0 1.000000e+0 0.000000e+0
    outer loop
      vertex 8.800000e+1 7.000000e+1 0.000000e+0
      vertex 8.400000e+1 7.000000e+1 3.000000e+0
      vertex 8.800000e+1 7.000000e+1 3.000000e+0
    endloop
  endfacet
  facet normal -1.000000e+0 0.000000e+0 0.000000e+0
    outer loop
      vertex 8.400000e+1 7.000000e+1 0.000000e+0
      vertex 8.400000e+1 5.600000e+1 0.000000e+0
      vertex 8.400000e+1 5.600000e+1 3.000000e+0
    endloop
  endfacet
  facet normal -1.000000e+0 0.000000e+0 0.000000e+0
    outer loop
      vertex 8.400000e+1 7.000000e+1 0.000000e+0
      vertex 8.400000e+1 5.600000e+1 3.000000e+0
      vertex 8.400000e+1 7.000000e+1 3.000000e+0
    endloop
  endfacet
  facet normal 1.000000e+0 0.000000e+0 0.000000e+0
    outer loop
      vertex 8.800000e+1 5.600000e+1 0.000000e+0
      vertex 8.800000e+1 7.000000e+1 0.000000e+0
      vertex 8.800000e+1 7.000000e+1 3.000000e+0
    endloop
  endfacet
  facet normal 1.000000e+0 0.000000e+0 0.000000e+0
    outer loop
      vertex 8.800000e+1 5.600000e+1 0.000000e+0
      vertex 8.800000e+1 7.000000e+1 3.000000e+0
      vertex 8.800000e+1 5.600000e+1 3.000000e+0
    endloop
  endfacet
  facet normal 0.000000e+0 0.000000e+0 -1.000000e+0
    outer loop
      vertex 1.020000e+2 7.000000e+1 0.000000e+0
      vertex 1.060000e+2 7.000000e+1 0.000000e+0
      vertex 1.060000e+2 5.600000e+1 0.000000e+0
    endloop
  endfacet
  facet normal 0.000000e+0 0.000000e+0 -1.000000e+0
    outer loop
      vertex 1.020000e+2 7.000000e+1 0.000000e+0
      vertex 1.060000e+2 5.600000e+1 0.000000e+0
      vertex 1.020000e+2 5.600000e+1 0.000000e+0
    endloop
  endfacet
  facet normal 0.000000e+0 0.000000e+0 1.000000e+0
    outer loop
      vertex 1.020000e+2 5.600000e+1 3.000000e+0
      vertex 1.060000e+2 5.600000e+1 3.000000e+0
      vertex 1.060000e+2 7.000000e+1 3.000000e+0
    endloop
  endfacet
  facet normal 0.000000e+0 0.000000e+0 1.000000e+0
    outer loop
      vertex 1.020000e+2 5.600000e+1 3.000000e+0
      vertex 1.060000e+2 7.000000e+1 3.000000e+0
      vertex 1.020000e+2 7.000000e+1 3.000000e+0
    endloop
  endfacet
  facet normal 0.000000e+0 -1.000000e+0 0.000000e+0
    outer loop
      vertex 1.020000e+2 5.600000e+1 0.000000e+0
      vertex 1.060000e+2 5.600000e+1 0.000000e+0
      vertex 1.060000e+2 5.600000e+1 3.000000e+0
    endloop
  endfacet
  facet normal 0.000000e+0 -1.000000e+0 0.000000e+0
    outer loop
      vertex 1.020000e+2 5.600000e+1 0.000000e+0
      vertex 1.060000e+2 5.600000e+1 3.000000e+0
      vertex 1.020000e+2 5.600000e+1 3.000000e+0
    endloop
  endfacet
  facet normal 0.000000e+0 1.000000e+0 0.000000e+0
    outer loop
      vertex 1.060000e+2 7.000000e+1 0.000000e+0
      vertex 1.020000e+2 7.000000e+1 0.000000e+0
      vertex 1.020000e+2 7.000000e+1 3.000000e+0
    endloop
  endfacet
  facet normal 0.000000e+0 1.000000e+0 0.000000e+0
    outer loop
      vertex 1.060000e+2 7.000000e+1 0.000000e+0
      vertex 1.020000e+2 7.000000e+1 3.000000e+0
      vertex 1.060000e+2 7.000000e+1 3.000000e+0
    endloop
  endfacet
  facet normal -1.000000e+0 0.000000e+0 0.000000e+0
    outer loop
      vertex 1.020000e+2 7.000000e+1 0.000000e+0
      vertex 1.020000e+2 5.600000e+1 0.000000e+0
      vertex 1.020000e+2 5.600000e+1 3.000000e+0
    endloop
  endfacet
  facet normal -1.000000e+0 0.000000e+0 0.000000e+0
    outer loop
      vertex 1.020000e+2 7.000000e+1 0.000000e+0
      vertex 1.020000e+2 5.600000e+1 3.000000e+0
      vertex 1.020000e+2 7.000000e+1 3.000000e+0
    endloop
  endfacet
  facet normal 1.000000e+0 0.000000e+0 0.000000e+0
    outer loop
      vertex 1.060000e+2 5.600000e+1 0.000000e+0
      vertex 1.060000e+2 7.000000e+1 0.000000e+0
      vertex 1.060000e+2 7.000000e+1 3.000000e+0
    endloop
  endfacet
  facet normal 1.000000e+0 0.000000e+0 0.000000e+0
    outer loop
      vertex 1.060000e+2 5.600000e+1 0.000000e+0
      vertex 1.060000e+2 7.000000e+1 3.000000e+0
      vertex 1.060000e+2 5.600000e+1 3.000000e+0
    endloop
  endfacet
  facet normal 0.000000e+0 0.000000e+0 -1.000000e+0
    outer loop
      vertex 1.200000e+2 7.000000e+1 0.000000e+0
      vertex 1.240000e+2 7.000000e+1 0.000000e+0
      vertex 1.240000e+2 5.600000e+1 0.000000e+0
    endloop
  endfacet
  facet normal 0.000000e+0 0.000000e+0 -1.000000e+0
    outer loop
      vertex 1.200000e+2 7.000000e+1 0.000000e+0
      vertex 1.240000e+2 5.600000e+1 0.000000e+0
      vertex 1.200000e+2 5.600000e+1 0.000000e+0
    endloop
  endfacet
  facet normal 0.000000e+0 0.000000e+0 1.000000e+0
    outer loop
      vertex 1.200000e+2 5.600000e+1 3.000000e+0
      vertex 1.240000e+2 5.600000e+1 3.000000e+0
      vertex 1.240000e+2 7.000000e+1 3.000000e+0
    endloop
  endfacet
  facet normal 0.000000e+0 0.000000e+0 1.000000e+0
    outer loop
      vertex 1.200000e+2 5.600000e+1 3.000000e+0
      vertex 1.240000e+2 7.000000e+1 3.000000e+0
      vertex 1.200000e+2 7.000000e+1 3.000000e+0
    endloop
  endfacet
  facet normal 0.000000e+0 -1.000000e+0 0.000000e+0
    outer loop
      vertex 1.200000e+2 5.600000e+1 0.000000e+0
      vertex 1.240000e+2 5.600000e+1 0.000000e+0
      vertex 1.240000e+2 5.600000e+1 3.000000e+0
    endloop
  endfacet
  facet normal 0.000000e+0 -1.000000e+0 0.000000e+0
    outer loop
      vertex 1.200000e+2 5.600000e+1 0.000000e+0
      vertex 1.240000e+2 5.600000e+1 3.000000e+0
      vertex 1.200000e+2 5.600000e+1 3.000000e+0
    endloop
  endfacet
  facet normal 0.000000e+0 1.000000e+0 0.000000e+0
    outer loop
      vertex 1.240000e+2 7.000000e+1 0.000000e+0
      vertex 1.200000e+2 7.000000e+1 0.000000e+0
      vertex 1.200000e+2 7.000000e+1 3.000000e+0
    endloop
  endfacet
  facet normal 0.000000e+0 1.000000e+0 0.000000e+0
    outer loop
      vertex 1.240000e+2 7.000000e+1 0.000000e+0
      vertex 1.200000e+2 7.000000e+1 3.000000e+0
      vertex 1.240000e+2 7.000000e+1 3.000000e+0
    endloop
  endfacet
  facet normal -1.000000e+0 0.000000e+0 0.000000e+0
    outer loop
      vertex 1.200000e+2 7.000000e+1 0.000000e+0
      vertex 1.200000e+2 5.600000e+1 0.000000e+0
      vertex 1.200000e+2 5.600000e+1 3.000000e+0
    endloop
  endfacet
  facet normal -1.000000e+0 0.000000e+0 0.000000e+0
    outer loop
      vertex 1.200000e+2 7.000000e+1 0.000000e+0
      vertex 1.200000e+2 5.600000e+1 3.000000e+0
      vertex 1.200000e+2 7.000000e+1 3.000000e+0
    endloop
  endfacet
  facet normal 1.000000e+0 0.000000e+0 0.000000e+0
    outer loop
      vertex 1.240000e+2 5.600000e+1 0.000000e+0
      vertex 1.240000e+2 7.000000e+1 0.000000e+0
      vertex 1.240000e+2 7.000000e+1 3.000000e+0
    endloop
  endfacet
  facet normal 1.000000e+0 0.000000e+0 0.000000e+0
    outer loop
      vertex 1.240000e+2 5.600000e+1 0.000000e+0
      vertex 1.240000e+2 7.000000e+1 3.000000e+0
      vertex 1.240000e+2 5.600000e+1 3.000000e+0
    endloop
  endfacet
  facet normal 0.000000e+0 0.000000e+0 -1.000000e+0
    outer loop
      vertex 1.380000e+2 7.000000e+1 0.000000e+0
      vertex 1.420000e+2 7.000000e+1 0.000000e+0
      vertex 1.420000e+2 5.600000e+1 0.000000e+0
    endloop
  endfacet
  facet normal 0.000000e+0 0.000000e+0 -1.000000e+0
    outer loop
      vertex 1.380000e+2 7.000000e+1 0.000000e+0
      vertex 1.420000e+2 5.600000e+1 0.000000e+0
      vertex 1.380000e+2 5.600000e+1 0.000000e+0
    endloop
  endfacet
  facet normal 0.000000e+0 0.000000e+0 1.000000e+0
    outer loop
      vertex 1.380000e+2 5.600000e+1 3.000000e+0
      vertex 1.420000e+2 5.600000e+1 3.000000e+0
      vertex 1.420000e+2 7.000000e+1 3.000000e+0
    endloop
  endfacet
  facet normal 0.000000e+0 0.000000e+0 1.000000e+0
    outer loop
      vertex 1.380000e+2 5.600000e+1 3.000000e+0
      vertex 1.420000e+2 7.000000e+1 3.000000e+0
      vertex 1.380000e+2 7.000000e+1 3.000000e+0
    endloop
  endfacet
  facet normal 0.000000e+0 -1.000000e+0 0.000000e+0
    outer loop
      vertex 1.380000e+2 5.600000e+1 0.000000e+0
      vertex 1.420000e+2 5.600000e+1 0.000000e+0
      vertex 1.420000e+2 5.600000e+1 3.000000e+0
    endloop
  endfacet
  facet normal 0.000000e+0 -1.000000e+0 0.000000e+0
    outer loop
      vertex 1.380000e+2 5.600000e+1 0.000000e+0
      vertex 1.420000e+2 5.600000e+1 3.000000e+0
      vertex 1.380000e+2 5.600000e+1 3.000000e+0
    endloop
  endfacet
  facet normal 0.000000e+0 1.000000e+0 0.000000e+0
    outer loop
      vertex 1.420000e+2 7.000000e+1 0.000000e+0
      vertex 1.380000e+2 7.000000e+1 0.000000e+0
      vertex 1.380000e+2 7.000000e+1 3.000000e+0
    endloop
  endfacet
  facet normal 0.000000e+0 1.000000e+0 0.000000e+0
    outer loop
      vertex 1.420000e+2 7.000000e+1 0.000000e+0
      vertex 1.380000e+2 7.000000e+1 3.000000e+0
      vertex 1.420000e+2 7.000000e+1 3.000000e+0
    endloop
  endfacet
  facet normal -1.000000e+0 0.000000e+0 0.000000e+0
    outer loop
      vertex 1.380000e+2 7.000000e+1 0.000000e+0
      vertex 1.380000e+2 5.600000e+1 0.000000e+0
      vertex 1.380000e+2 5.600000e+1 3.000000e+0
    endloop
  endfacet
  facet normal -1.000000e+0 0.000000e+0 0.000000e+0
    outer loop
      vertex 1.380000e+2 7.000000e+1 0.000000e+0
      vertex 1.380000e+2 5.600000e+1 3.000000e+0
      vertex 1.380000e+2 7.000000e+1 3.000000e+0
    endloop
  endfacet
  facet normal 1.000000e+0 0.000000e+0 0.000000e+0
    outer loop
      vertex 1.420000e+2 5.600000e+1 0.000000e+0
      vertex 1.420000e+2 7.000000e+1 0.000000e+0
      vertex 1.420000e+2 7.000000e+1 3.000000e+0
    endloop
  endfacet
  facet normal 1.000000e+0 0.000000e+0 0.000000e+0
    outer loop
      vertex 1.420000e+2 5.600000e+1 0.000000e+0
      vertex 1.420000e+2 7.000000e+1 3.000000e+0
      vertex 1.420000e+2 5.600000e+1 3.000000e+0
    endloop
  endfacet
  facet normal 0.000000e+0 0.000000e+0 -1.000000e+0
    outer loop
      vertex 1.560000e+2 7.000000e+1 0.000000e+0
      vertex 1.600000e+2 7.000000e+1 0.000000e+0
      vertex 1.600000e+2 5.600000e+1 0.000000e+0
    endloop
  endfacet
  facet normal 0.000000e+0 0.000000e+0 -1.000000e+0
    outer loop
      vertex 1.560000e+2 7.000000e+1 0.000000e+0
      vertex 1.600000e+2 5.600000e+1 0.000000e+0
      vertex 1.560000e+2 5.600000e+1 0.000000e+0
    endloop
  endfacet
  facet normal 0.000000e+0 0.000000e+0 1.000000e+0
    outer loop
      vertex 1.560000e+2 5.600000e+1 3.000000e+0
      vertex 1.600000e+2 5.600000e+1 3.000000e+0
      vertex 1.600000e+2 7.000000e+1 3.000000e+0
    endloop
  endfacet
  facet normal 0.000000e+0 0.000000e+0 1.000000e+0
    outer loop
      vertex 1.560000e+2 5.600000e+1 3.000000e+0
      vertex 1.600000e+2 7.000000e+1 3.000000e+0
      vertex 1.560000e+2 7.000000e+1 3.000000e+0
    endloop
  endfacet
  facet normal 0.000000e+0 -1.000000e+0 0.000000e+0
    outer loop
      vertex 1.560000e+2 5.600000e+1 0.000000e+0
      vertex 1.600000e+2 5.600000e+1 0.000000e+0
      vertex 1.600000e+2 5.600000e+1 3.000000e+0
    endloop
  endfacet
  facet normal 0.000000e+0 -1.000000e+0 0.000000e+0
    outer loop
      vertex 1.560000e+2 5.600000e+1 0.000000e+0
      vertex 1.600000e+2 5.600000e+1 3.000000e+0
      vertex 1.560000e+2 5.600000e+1 3.000000e+0
    endloop
  endfacet
  facet normal 0.000000e+0 1.000000e+0 0.000000e+0
    outer loop
      vertex 1.600000e+2 7.000000e+1 0.000000e+0
      vertex 1.560000e+2 7.000000e+1 0.000000e+0
      vertex 1.560000e+2 7.000000e+1 3.000000e+0
    endloop
  endfacet
  facet normal 0.000000e+0 1.000000e+0 0.000000e+0
    outer loop
      vertex 1.600000e+2 7.000000e+1 0.000000e+0
      vertex 1.560000e+2 7.000000e+1 3.000000e+0
      vertex 1.600000e+2 7.000000e+1 3.000000e+0
    endloop
  endfacet
  facet normal -1.000000e+0 0.000000e+0 0.000000e+0
    outer loop
      vertex 1.560000e+2 7.000000e+1 0.000000e+0
      vertex 1.560000e+2 5.600000e+1 0.000000e+0
      vertex 1.560000e+2 5.600000e+1 3.000000e+0
    endloop
  endfacet
  facet normal -1.000000e+0 0.000000e+0 0.000000e+0
    outer loop
      vertex 1.560000e+2 7.000000e+1 0.000000e+0
      vertex 1.560000e+2 5.600000e+1 3.000000e+0
      vertex 1.560000e+2 7.000000e+1 3.000000e+0
    endloop
  endfacet
  facet normal 1.000000e+0 0.000000e+0 0.000000e+0
    outer loop
      vertex 1.600000e+2 5.600000e+1 0.000000e+0
      vertex 1.600000e+2 7.000000e+1 0.000000e+0
      vertex 1.600000e+2 7.000000e+1 3.000000e+0
    endloop
  endfacet
  facet normal 1.000000e+0 0.000000e+0 0.000000e+0
    outer loop
      vertex 1.600000e+2 5.600000e+1 0.000000e+0
      vertex 1.600000e+2 7.000000e+1 3.000000e+0
      vertex 1.600000e+2 5.600000e+1 3.000000e+0
    endloop
  endfacet
  facet normal 0.000000e+0 0.000000e+0 -1.000000e+0
    outer loop
      vertex 1.740000e+2 7.000000e+1 0.000000e+0
      vertex 1.780000e+2 7.000000e+1 0.000000e+0
      vertex 1.780000e+2 5.600000e+1 0.000000e+0
    endloop
  endfacet
  facet normal 0.000000e+0 0.000000e+0 -1.000000e+0
    outer loop
      vertex 1.740000e+2 7.000000e+1 0.000000e+0
      vertex 1.780000e+2 5.600000e+1 0.000000e+0
      vertex 1.740000e+2 5.600000e+1 0.000000e+0
    endloop
  endfacet
  facet normal 0.000000e+0 0.000000e+0 1.000000e+0
    outer loop
      vertex 1.740000e+2 5.600000e+1 3.000000e+0
      vertex 1.780000e+2 5.600000e+1 3.000000e+0
      vertex 1.780000e+2 7.000000e+1 3.000000e+0
    endloop
  endfacet
  facet normal 0.000000e+0 0.000000e+0 1.000000e+0
    outer loop
      vertex 1.740000e+2 5.600000e+1 3.000000e+0
      vertex 1.780000e+2 7.000000e+1 3.000000e+0
      vertex 1.740000e+2 7.000000e+1 3.000000e+0
    endloop
  endfacet
  facet normal 0.000000e+0 -1.000000e+0 0.000000e+0
    outer loop
      vertex 1.740000e+2 5.600000e+1 0.000000e+0
      vertex 1.780000e+2 5.600000e+1 0.000000e+0
      vertex 1.780000e+2 5.600000e+1 3.000000e+0
    endloop
  endfacet
  facet normal 0.000000e+0 -1.000000e+0 0.000000e+0
    outer loop
      vertex 1.740000e+2 5.600000e+1 0.000000e+0
      vertex 1.780000e+2 5.600000e+1 3.000000e+0
      vertex 1.740000e+2 5.600000e+1 3.000000e+0
    endloop
  endfacet
  facet normal 0.000000e+0 1.000000e+0 0.000000e+0
    outer loop
      vertex 1.780000e+2 7.000000e+1 0.000000e+0
      vertex 1.740000e+2 7.000000e+1 0.000000e+0
      vertex 1.740000e+2 7.000000e+1 3.000000e+0
    endloop
  endfacet
  facet normal 0.000000e+0 1.000000e+0 0.000000e+0
    outer loop
      vertex 1.780000e+2 7.000000e+1 0.000000e+0
      vertex 1.740000e+2 7.000000e+1 3.000000e+0
      vertex 1.780000e+2 7.000000e+1 3.000000e+0
    endloop
  endfacet
  facet normal -1.000000e+0 0.000000e+0 0.000000e+0
    outer loop
      vertex 1.740000e+2 7.000000e+1 0.000000e+0
      vertex 1.740000e+2 5.600000e+1 0.000000e+0
      vertex 1.740000e+2 5.600000e+1 3.000000e+0
    endloop
  endfacet
  facet normal -1.000000e+0 0.000000e+0 0.000000e+0
    outer loop
      vertex 1.740000e+2 7.000000e+1 0.000000e+0
      vertex 1.740000e+2 5.600000e+1 3.000000e+0
      vertex 1.740000e+2 7.000000e+1 3.000000e+0
    endloop
  endfacet
  facet normal 1.000000e+0 0.000000e+0 0.000000e+0
    outer loop
      vertex 1.780000e+2 5.600000e+1 0.000000e+0
      vertex 1.780000e+2 7.000000e+1 0.000000e+0
      vertex 1.780000e+2 7.000000e+1 3.000000e+0
    endloop
  endfacet
  facet normal 1.000000e+0 0.000000e+0 0.000000e+0
    outer loop
      vertex 1.780000e+2 5.600000e+1 0.000000e+0
      vertex 1.780000e+2 7.000000e+1 3.000000e+0
      vertex 1.780000e+2 5.600000e+1 3.000000e+0
    endloop
  endfacet
  facet normal 0.000000e+0 0.000000e+0 -1.000000e+0
    outer loop
      vertex 1.920000e+2 7.000000e+1 0.000000e+0
      vertex 1.960000e+2 7.000000e+1 0.000000e+0
      vertex 1.960000e+2 5.600000e+1 0.000000e+0
    endloop
  endfacet
  facet normal 0.000000e+0 0.000000e+0 -1.000000e+0
    outer loop
      vertex 1.920000e+2 7.000000e+1 0.000000e+0
      vertex 1.960000e+2 5.600000e+1 0.000000e+0
      vertex 1.920000e+2 5.600000e+1 0.000000e+0
    endloop
  endfacet
  facet normal 0.000000e+0 0.000000e+0 1.000000e+0
    outer loop
      vertex 1.920000e+2 5.600000e+1 3.000000e+0
      vertex 1.960000e+2 5.600000e+1 3.000000e+0
      vertex 1.960000e+2 7.000000e+1 3.000000e+0
    endloop
  endfacet
  facet normal 0.000000e+0 0.000000e+0 1.000000e+0
    outer loop
      vertex 1.920000e+2 5.600000e+1 3.000000e+0
      vertex 1.960000e+2 7.000000e+1 3.000000e+0
      vertex 1.920000e+2 7.000000e+1 3.000000e+0
    endloop
  endfacet
  facet normal 0.000000e+0 -1.000000e+0 0.000000e+0
    outer loop
      vertex 1.920000e+2 5.600000e+1 0.000000e+0
      vertex 1.960000e+2 5.600000e+1 0.000000e+0
      vertex 1.960000e+2 5.600000e+1 3.000000e+0
    endloop
  endfacet
  facet normal 0.000000e+0 -1.000000e+0 0.000000e+0
    outer loop
      vertex 1.920000e+2 5.600000e+1 0.000000e+0
      vertex 1.960000e+2 5.600000e+1 3.000000e+0
      vertex 1.920000e+2 5.600000e+1 3.000000e+0
    endloop
  endfacet
  facet normal 0.000000e+0 1.000000e+0 0.000000e+0
    outer loop
      vertex 1.960000e+2 7.000000e+1 0.000000e+0
      vertex 1.920000e+2 7.000000e+1 0.000000e+0
      vertex 1.920000e+2 7.000000e+1 3.000000e+0
    endloop
  endfacet
  facet normal 0.000000e+0 1.000000e+0 0.000000e+0
    outer loop
      vertex 1.960000e+2 7.000000e+1 0.000000e+0
      vertex 1.920000e+2 7.000000e+1 3.000000e+0
      vertex 1.960000e+2 7.000000e+1 3.000000e+0
    endloop
  endfacet
  facet normal -1.000000e+0 0.000000e+0 0.000000e+0
    outer loop
      vertex 1.920000e+2 7.000000e+1 0.000000e+0
      vertex 1.920000e+2 5.600000e+1 0.000000e+0
      vertex 1.920000e+2 5.600000e+1 3.000000e+0
    endloop
  endfacet
  facet normal -1.000000e+0 0.000000e+0 0.000000e+0
    outer loop
      vertex 1.920000e+2 7.000000e+1 0.000000e+0
      vertex 1.920000e+2 5.600000e+1 3.000000e+0
      vertex 1.920000e+2 7.000000e+1 3.000000e+0
    endloop
  endfacet
  facet normal 1.000000e+0 0.000000e+0 0.000000e+0
    outer loop
      vertex 1.960000e+2 5.600000e+1 0.000000e+0
      vertex 1.960000e+2 7.000000e+1 0.000000e+0
      vertex 1.960000e+2 7.000000e+1 3.000000e+0
    endloop
  endfacet
  facet normal 1.000000e+0 0.000000e+0 0.000000e+0
    outer loop
      vertex 1.960000e+2 5.600000e+1 0.000000e+0
      vertex 1.960000e+2 7.000000e+1 3.000000e+0
      vertex 1.960000e+2 5.600000e+1 3.000000e+0
    endloop
  endfacet
  facet normal 0.000000e+0 0.000000e+0 -1.000000e+0
    outer loop
      vertex 0.000000e+0 8.800000e+1 0.000000e+0
      vertex 2.000000e+0 8.800000e+1 0.000000e+0
      vertex 2.000000e+0 7.400000e+1 0.000000e+0
    endloop
  endfacet
  facet normal 0.000000e+0 0.000000e+0 -1.000000e+0
    outer loop
      vertex 0.000000e+0 8.800000e+1 0.000000e+0
      vertex 2.000000e+0 7.400000e+1 0.000000e+0
      vertex 0.000000e+0 7.400000e+1 0.000000e+0
    endloop
  endfacet
  facet normal 0.000000e+0 0.000000e+0 1.000000e+0
    outer loop
      vertex 0.000000e+0 7.400000e+1 3.000000e+0
      vertex 2.000000e+0 7.400000e+1 3.000000e+0
      vertex 2.000000e+0 8.800000e+1 3.000000e+0
    endloop
  endfacet
  facet normal 0.000000e+0 0.000000e+0 1.000000e+0
    outer loop
      vertex 0.000000e+0 7.400000e+1 3.000000e+0
      vertex 2.000000e+0 8.800000e+1 3.000000e+0
      vertex 0.000000e+0 8.800000e+1 3.000000e+0
    endloop
  endfacet
  facet normal 0.000000e+0 -1.000000e+0 0.000000e+0
    outer loop
      vertex 0.000000e+0 7.400000e+1 0.000000e+0
      vertex 2.000000e+0 7.400000e+1 0.000000e+0
      vertex 2.000000e+0 7.400000e+1 3.000000e+0
    endloop
  endfacet
  facet normal 0.000000e+0 -1.000000e+0 0.000000e+0
    outer loop
      vertex 0.000000e+0 7.400000e+1 0.000000e+0
      vertex 2.000000e+0 7.400000e+1 3.000000e+0
      vertex 0.000000e+0 7.400000e+1 3.000000e+0
    endloop
  endfacet
  facet normal 0.000000e+0 1.000000e+0 0.000000e+0
    outer loop
      vertex 2.000000e+0 8.800000e+1 0.000000e+0
      vertex 0.000000e+0 8.800000e+1 0.000000e+0
      vertex 0.000000e+0 8.800000e+1 3.000000e+0
    endloop
  endfacet
  facet normal 0.000000e+0 1.000000e+0 0.000000e+0
    outer loop
      vertex 2.000000e+0 8.800000e+1 0.000000e+0
      vertex 0.000000e+0 8.800000e+1 3.000000e+0
      vertex 2.000000e+0 8.800000e+1 3.000000e+0
    endloop
  endfacet
  facet normal -1.000000e+0 0.000000e+0 0.000000e+0
    outer loop
      vertex 0.000000e+0 8.800000e+1 0.000000e+0
      vertex 0.000000e+0 7.400000e+1 0.000000e+0
      vertex 0.000000e+0 7.400000e+1 3.000000e+0
    endloop
  endfacet
  facet normal -1.000000e+0 0.000000e+0 0.000000e+0
    outer loop
      vertex 0.000000e+0 8.800000e+1 0.000000e+0
      vertex 0.000000e+0 7.400000e+1 3.000000e+0
      vertex 0.000000e+0 8.800000e+1 3.000000e+0
    endloop
  endfacet
  facet normal 1.000000e+0 0.000000e+0 0.000000e+0
    outer loop
      vertex 2.000000e+0 7.400000e+1 0.000000e+0
      vertex 2.000000e+0 8.800000e+1 0.000000e+0
      vertex 2.000000e+0 8.800000e+1 3.000000e+0
    endloop
  endfacet
  facet normal 1.000000e+0 0.000000e+0 0.000000e+0
    outer loop
      vertex 2.000000e+0 7.400000e+1 0.000000e+0
      vertex 2.000000e+0 8.800000e+1 3.000000e+0
      vertex 2.000000e+0 7.400000e+1 3.000000e+0
    endloop
  endfacet
  facet normal 0.000000e+0 0.000000e+0 -1.000000e+0
    outer loop
      vertex 3.000000e+1 8.800000e+1 0.000000e+0
      vertex 3.400000e+1 8.800000e+1 0.000000e+0
      vertex 3.400000e+1 7.400000e+1 0.000000e+0
    endloop
  endfacet
  facet normal 0.000000e+0 0.000000e+0 -1.000000e+0
    outer loop
      vertex 3.000000e+1 8.800000e+1 0.000000e+0
      vertex 3.400000e+1 7.400000e+1 0.000000e+0
      vertex 3.000000e+1 7.400000e+1 0.000000e+0
    endloop
  endfacet
  facet normal 0.000000e+0 0.000000e+0 1.000000e+0
    outer loop
      vertex 3.000000e+1 7.400000e+1 3.000000e+0
      vertex 3.400000e+1 7.400000e+1 3.000000e+0
      vertex 3.400000e+1 8.800000e+1 3.000000e+0
    endloop
  endfacet
  facet normal 0.000000e+0 0.000000e+0 1.000000e+0
    outer loop
      vertex 3.000000e+1 7.400000e+1 3.000000e+0
      vertex 3.400000e+1 8.800000e+1 3.000000e+0
      vertex 3.000000e+1 8.800000e+1 3.000000e+0
    endloop
  endfacet
  facet normal 0.000000e+0 -1.000000e+0 0.000000e+0
    outer loop
      vertex 3.000000e+1 7.400000e+1 0.000000e+0
      vertex 3.400000e+1 7.400000e+1 0.000000e+0
      vertex 3.400000e+1 7.400000e+1 3.000000e+0
    endloop
  endfacet
  facet normal 0.000000e+0 -1.000000e+0 0.000000e+0
    outer loop
      vertex 3.000000e+1 7.400000e+1 0.000000e+0
      vertex 3.400000e+1 7.400000e+1 3.000000e+0
      vertex 3.000000e+1 7.400000e+1 3.000000e+0
    endloop
  endfacet
  facet normal 0.000000e+0 1.000000e+0 0.000000e+0
    outer loop
      vertex 3.400000e+1 8.800000e+1 0.000000e+0
      vertex 3.000000e+1 8.800000e+1 0.000000e+0
      vertex 3.000000e+1 8.800000e+1 3.000000e+0
    endloop
  endfacet
  facet normal 0.000000e+0 1.000000e+0 0.000000e+0
    outer loop
      vertex 3.400000e+1 8.800000e+1 0.000000e+0
      vertex 3.000000e+1 8.800000e+1 3.000000e+0
      vertex 3.400000e+1 8.800000e+1 3.000000e+0
    endloop
  endfacet
  facet normal -1.000000e+0 0.000000e+0 0.000000e+0
    outer loop
      vertex 3.000000e+1 8.800000e+1 0.000000e+0
      vertex 3.000000e+1 7.400000e+1 0.000000e+0
      vertex 3.000000e+1 7.400000e+1 3.000000e+0
    endloop
  endfacet
  facet normal -1.000000e+0 0.000000e+0 0.000000e+0
    outer loop
      vertex 3.000000e+1 8.800000e+1 0.000000e+0
      vertex 3.000000e+1 7.400000e+1 3.000000e+0
      vertex 3.000000e+1 8.800000e+1 3.000000e+0
    endloop
  endfacet
  facet normal 1.000000e+0 0.000000e+0 0.000000e+0
    outer loop
      vertex 3.400000e+1 7.400000e+1 0.000000e+0
      vertex 3.400000e+1 8.800000e+1 0.000000e+0
      vertex 3.400000e+1 8.800000e+1 3.000000e+0
    endloop
  endfacet
  facet normal 1.000000e+0 0.000000e+0 0.000000e+0
    outer loop
      vertex 3.400000e+1 7.400000e+1 0.000000e+0
      vertex 3.400000e+1 8.800000e+1 3.000000e+0
      vertex 3.400000e+1 7.400000e+1 3.000000e+0
    endloop
  endfacet
  facet normal 0.000000e+0 0.000000e+0 -1.000000e+0
    outer loop
      vertex 4.800000e+1 8.800000e+1 0.000000e+0
      vertex 5.200000e+1 8.800000e+1 0.000000e+0
      vertex 5.200000e+1 7.400000e+1 0.000000e+0
    endloop
  endfacet
  facet normal 0.000000e+0 0.000000e+0 -1.000000e+0
    outer loop
      vertex 4.800000e+1 8.800000e+1 0.000000e+0
      vertex 5.200000e+1 7.400000e+1 0.000000e+0
      vertex 4.800000e+1 7.400000e+1 0.000000e+0
    endloop
  endfacet
  facet normal 0.000000e+0 0.000000e+0 1.000000e+0
    outer loop
      vertex 4.800000e+1 7.400000e+1 3.000000e+0
      vertex 5.200000e+1 7.400000e+1 3.000000e+0
      vertex 5.200000e+1 8.800000e+1 3.000000e+0
    endloop
  endfacet
  facet normal 0.000000e+0 0.000000e+0 1.000000e+0
    outer loop
      vertex 4.800000e+1 7.400000e+1 3.000000e+0
      vertex 5.200000e+1 8.800000e+1 3.000000e+0
      vertex 4.800000e+1 8.800000e+1 3.000000e+0
    endloop
  endfacet
  facet normal 0.000000e+0 -1.000000e+0 0.000000e+0
    outer loop
      vertex 4.800000e+1 7.400000e+1 0.000000e+0
      vertex 5.200000e+1 7.400000e+1 0.000000e+0
      vertex 5.200000e+1 7.400000e+1 3.000000e+0
    endloop
  endfacet
  facet normal 0.000000e+0 -1.000000e+0 0.000000e+0
    outer loop
      vertex 4.800000e+1 7.400000e+1 0.000000e+0
      vertex 5.200000e+1 7.400000e+1 3.000000e+0
      vertex 4.800000e+1 7.400000e+1 3.000000e+0
    endloop
  endfacet
  facet normal 0.000000e+0 1.000000e+0 0.000000e+0
    outer loop
      vertex 5.200000e+1 8.800000e+1 0.000000e+0
      vertex 4.800000e+1 8.800000e+1 0.000000e+0
      vertex 4.800000e+1 8.800000e+1 3.000000e+0
    endloop
  endfacet
  facet normal 0.000000e+0 1.000000e+0 0.000000e+0
    outer loop
      vertex 5.200000e+1 8.800000e+1 0.000000e+0
      vertex 4.800000e+1 8.800000e+1 3.000000e+0
      vertex 5.200000e+1 8.800000e+1 3.000000e+0
    endloop
  endfacet
  facet normal -1.000000e+0 0.000000e+0 0.000000e+0
    outer loop
      vertex 4.800000e+1 8.800000e+1 0.000000e+0
      vertex 4.800000e+1 7.400000e+1 0.000000e+0
      vertex 4.800000e+1 7.400000e+1 3.000000e+0
    endloop
  endfacet
  facet normal -1.000000e+0 0.000000e+0 0.000000e+0
    outer loop
      vertex 4.800000e+1 8.800000e+1 0.000000e+0
      vertex 4.800000e+1 7.400000e+1 3.000000e+0
      vertex 4.800000e+1 8.800000e+1 3.000000e+0
    endloop
  endfacet
  facet normal 1.000000e+0 0.000000e+0 0.000000e+0
    outer loop
      vertex 5.200000e+1 7.400000e+1 0.000000e+0
      vertex 5.200000e+1 8.800000e+1 0.000000e+0
      vertex 5.200000e+1 8.800000e+1 3.000000e+0
    endloop
  endfacet
  facet normal 1.000000e+0 0.000000e+0 0.000000e+0
    outer loop
      vertex 5.200000e+1 7.400000e+1 0.000000e+0
      vertex 5.200000e+1 8.800000e+1 3.000000e+0
      vertex 5.200000e+1 7.400000e+1 3.000000e+0
    endloop
  endfacet
  facet normal 0.000000e+0 0.000000e+0 -1.000000e+0
    outer loop
      vertex 6.600000e+1 8.800000e+1 0.000000e+0
      vertex 7.000000e+1 8.800000e+1 0.000000e+0
      vertex 7.000000e+1 7.400000e+1 0.000000e+0
    endloop
  endfacet
  facet normal 0.000000e+0 0.000000e+0 -1.000000e+0
    outer loop
      vertex 6.600000e+1 8.800000e+1 0.000000e+0
      vertex 7.000000e+1 7.400000e+1 0.000000e+0
      vertex 6.600000e+1 7.400000e+1 0.000000e+0
    endloop
  endfacet
  facet normal 0.000000e+0 0.000000e+0 1.000000e+0
    outer loop
      vertex 6.600000e+1 7.400000e+1 3.000000e+0
      vertex 7.000000e+1 7.400000e+1 3.000000e+0
      vertex 7.000000e+1 8.800000e+1 3.000000e+0
    endloop
  endfacet
  facet normal 0.000000e+0 0.000000e+0 1.000000e+0
    outer loop
      vertex 6.600000e+1 7.400000e+1 3.000000e+0
      vertex 7.000000e+1 8.800000e+1 3.000000e+0
      vertex 6.600000e+1 8.800000e+1 3.000000e+0
    endloop
  endfacet
  facet normal 0.000000e+0 -1.000000e+0 0.000000e+0
    outer loop
      vertex 6.600000e+1 7.400000e+1 0.000000e+0
      vertex 7.000000e+1 7.400000e+1 0.000000e+0
      vertex 7.000000e+1 7.400000e+1 3.000000e+0
    endloop
  endfacet
  facet normal 0.000000e+0 -1.000000e+0 0.000000e+0
    outer loop
      vertex 6.600000e+1 7.400000e+1 0.000000e+0
      vertex 7.000000e+1 7.400000e+1 3.000000e+0
      vertex 6.600000e+1 7.400000e+1 3.000000e+0
    endloop
  endfacet
  facet normal 0.000000e+0 1.000000e+0 0.000000e+0
    outer loop
      vertex 7.000000e+1 8.800000e+1 0.000000e+0
      vertex 6.600000e+1 8.800000e+1 0.000000e+0
      vertex 6.600000e+1 8.800000e+1 3.000000e+0
    endloop
  endfacet
  facet normal 0.000000e+0 1.000000e+0 0.000000e+0
    outer loop
      vertex 7.000000e+1 8.800000e+1 0.000000e+0
      vertex 6.600000e+1 8.800000e+1 3.000000e+0
      vertex 7.000000e+1 8.800000e+1 3.000000e+0
    endloop
  endfacet
  facet normal -1.000000e+0 0.000000e+0 0.000000e+0
    outer loop
      vertex 6.600000e+1 8.800000e+1 0.000000e+0
      vertex 6.600000e+1 7.400000e+1 0.000000e+0
      vertex 6.600000e+1 7.400000e+1 3.000000e+0
    endloop
  endfacet
  facet normal -1.000000e+0 0.000000e+0 0.000000e+0
    outer loop
      vertex 6.600000e+1 8.800000e+1 0.000000e+0
      vertex 6.600000e+1 7.400000e+1 3.000000e+0
      vertex 6.600000e+1 8.800000e+1 3.000000e+0
    endloop
  endfacet
  facet normal 1.000000e+0 0.000000e+0 0.000000e+0
    outer loop
      vertex 7.000000e+1 7.400000e+1 0.000000e+0
      vertex 7.000000e+1 8.800000e+1 0.000000e+0
      vertex 7.000000e+1 8.800000e+1 3.000000e+0
    endloop
  endfacet
  facet normal 1.000000e+0 0.000000e+0 0.000000e+0
    outer loop
      vertex 7.000000e+1 7.400000e+1 0.000000e+0
      vertex 7.000000e+1 8.800000e+1 3.000000e+0
      vertex 7.000000e+1 7.400000e+1 3.000000e+0
    endloop
  endfacet
  facet normal 0.000000e+0 0.000000e+0 -1.000000e+0
    outer loop
      vertex 8.400000e+1 8.800000e+1 0.000000e+0
      vertex 8.800000e+1 8.800000e+1 0.000000e+0
      vertex 8.800000e+1 7.400000e+1 0.000000e+0
    endloop
  endfacet
  facet normal 0.000000e+0 0.000000e+0 -1.000000e+0
    outer loop
      vertex 8.400000e+1 8.800000e+1 0.000000e+0
      vertex 8.800000e+1 7.400000e+1 0.000000e+0
      vertex 8.400000e+1 7.400000e+1 0.000000e+0
    endloop
  endfacet
  facet normal 0.000000e+0 0.000000e+0 1.000000e+0
    outer loop
      vertex 8.400000e+1 7.400000e+1 3.000000e+0
      vertex 8.800000e+1 7.400000e+1 3.000000e+0
      vertex 8.800000e+1 8.800000e+1 3.000000e+0
    endloop
  endfacet
  facet normal 0.000000e+0 0.000000e+0 1.000000e+0
    outer loop
      vertex 8.400000e+1 7.400000e+1 3.000000e+0
      vertex 8.800000e+1 8.800000e+1 3.000000e+0
      vertex 8.400000e+1 8.800000e+1 3.000000e+0
    endloop
  endfacet
  facet normal 0.000000e+0 -1.000000e+0 0.000000e+0
    outer loop
      vertex 8.400000e+1 7.400000e+1 0.000000e+0
      vertex 8.800000e+1 7.400000e+1 0.000000e+0
      vertex 8.800000e+1 7.400000e+1 3.000000e+0
    endloop
  endfacet
  facet normal 0.000000e+0 -1.000000e+0 0.000000e+0
    outer loop
      vertex 8.400000e+1 7.400000e+1 0.000000e+0
      vertex 8.800000e+1 7.400000e+1 3.000000e+0
      vertex 8.400000e+1 7.400000e+1 3.000000e+0
    endloop
  endfacet
  facet normal 0.000000e+0 1.000000e+0 0.000000e+0
    outer loop
      vertex 8.800000e+1 8.800000e+1 0.000000e+0
      vertex 8.400000e+1 8.800000e+1 0.000000e+0
      vertex 8.400000e+1 8.800000e+1 3.000000e+0
    endloop
  endfacet
  facet normal 0.000000e+0 1.000000e+0 0.000000e+0
    outer loop
      vertex 8.800000e+1 8.800000e+1 0.000000e+0
      vertex 8.400000e+1 8.800000e+1 3.000000e+0
      vertex 8.800000e+1 8.800000e+1 3.000000e+0
    endloop
  endfacet
  facet normal -1.000000e+0 0.000000e+0 0.000000e+0
    outer loop
      vertex 8.400000e+1 8.800000e+1 0.000000e+0
      vertex 8.400000e+1 7.400000e+1 0.000000e+0
      vertex 8.400000e+1 7.400000e+1 3.000000e+0
    endloop
  endfacet
  facet normal -1.000000e+0 0.000000e+0 0.000000e+0
    outer loop
      vertex 8.400000e+1 8.800000e+1 0.000000e+0
      vertex 8.400000e+1 7.400000e+1 3.000000e+0
      vertex 8.400000e+1 8.800000e+1 3.000000e+0
    endloop
  endfacet
  facet normal 1.000000e+0 0.000000e+0 0.000000e+0
    outer loop
      vertex 8.800000e+1 7.400000e+1 0.000000e+0
      vertex 8.800000e+1 8.800000e+1 0.000000e+0
      vertex 8.800000e+1 8.800000e+1 3.000000e+0
    endloop
  endfacet
  facet normal 1.000000e+0 0.000000e+0 0.000000e+0
    outer loop
      vertex 8.800000e+1 7.400000e+1 0.000000e+0
      vertex 8.800000e+1 8.800000e+1 3.000000e+0
      vertex 8.800000e+1 7.400000e+1 3.000000e+0
    endloop
  endfacet
  facet normal 0.000000e+0 0.000000e+0 -1.000000e+0
    outer loop
      vertex 1.020000e+2 8.800000e+1 0.000000e+0
      vertex 1.060000e+2 8.800000e+1 0.000000e+0
      vertex 1.060000e+2 7.400000e+1 0.000000e+0
    endloop
  endfacet
  facet normal 0.000000e+0 0.000000e+0 -1.000000e+0
    outer loop
      vertex 1.020000e+2 8.800000e+1 0.000000e+0
      vertex 1.060000e+2 7.400000e+1 0.000000e+0
      vertex 1.020000e+2 7.400000e+1 0.000000e+0
    endloop
  endfacet
  facet normal 0.000000e+0 0.000000e+0 1.000000e+0
    outer loop
      vertex 1.020000e+2 7.400000e+1 3.000000e+0
      vertex 1.060000e+2 7.400000e+1 3.000000e+0
      vertex 1.060000e+2 8.800000e+1 3.000000e+0
    endloop
  endfacet
  facet normal 0.000000e+0 0.000000e+0 1.000000e+0
    outer loop
      vertex 1.020000e+2 7.400000e+1 3.000000e+0
      vertex 1.060000e+2 8.800000e+1 3.000000e+0
      vertex 1.020000e+2 8.800000e+1 3.000000e+0
    endloop
  endfacet
  facet normal 0.000000e+0 -1.000000e+0 0.000000e+0
    outer loop
      vertex 1.020000e+2 7.400000e+1 0.000000e+0
      vertex 1.060000e+2 7.400000e+1 0.000000e+0
      vertex 1.060000e+2 7.400000e+1 3.000000e+0
    endloop
  endfacet
  facet normal 0.000000e+0 -1.000000e+0 0.000000e+0
    outer loop
      vertex 1.020000e+2 7.400000e+1 0.000000e+0
      vertex 1.060000e+2 7.400000e+1 3.000000e+0
      vertex 1.020000e+2 7.400000e+1 3.000000e+0
    endloop
  endfacet
  facet normal 0.000000e+0 1.000000e+0 0.000000e+0
    outer loop
      vertex 1.060000e+2 8.800000e+1 0.000000e+0
      vertex 1.020000e+2 8.800000e+1 0.000000e+0
      vertex 1.020000e+2 8.800000e+1 3.000000e+0
    endloop
  endfacet
  facet normal 0.000000e+0 1.000000e+0 0.000000e+0
    outer loop
      vertex 1.060000e+2 8.800000e+1 0.000000e+0
      vertex 1.020000e+2 8.800000e+1 3.000000e+0
      vertex 1.060000e+2 8.800000e+1 3.000000e+0
    endloop
  endfacet
  facet normal -1.000000e+0 0.000000e+0 0.000000e+0
    outer loop
      vertex 1.020000e+2 8.800000e+1 0.000000e+0
      vertex 1.020000e+2 7.400000e+1 0.000000e+0
      vertex 1.020000e+2 7.400000e+1 3.000000e+0
    endloop
  endfacet
  facet normal -1.000000e+0 0.000000e+0 0.000000e+0
    outer loop
      vertex 1.020000e+2 8.800000e+1 0.000000e+0
      vertex 1.020000e+2 7.400000e+1 3.000000e+0
      vertex 1.020000e+2 8.800000e+1 3.000000e+0
    endloop
  endfacet
  facet normal 1.000000e+0 0.000000e+0 0.000000e+0
    outer loop
      vertex 1.060000e+2 7.400000e+1 0.000000e+0
      vertex 1.060000e+2 8.800000e+1 0.000000e+0
      vertex 1.060000e+2 8.800000e+1 3.000000e+0
    endloop
  endfacet
  facet normal 1.000000e+0 0.000000e+0 0.000000e+0
    outer loop
      vertex 1.060000e+2 7.400000e+1 0.000000e+0
      vertex 1.060000e+2 8.800000e+1 3.000000e+0
      vertex 1.060000e+2 7.400000e+1 3.000000e+0
    endloop
  endfacet
  facet normal 0.000000e+0 0.000000e+0 -1.000000e+0
    outer loop
      vertex 1.200000e+2 8.800000e+1 0.000000e+0
      vertex 1.240000e+2 8.800000e+1 0.000000e+0
      vertex 1.240000e+2 7.400000e+1 0.000000e+0
    endloop
  endfacet
  facet normal 0.000000e+0 0.000000e+0 -1.000000e+0
    outer loop
      vertex 1.200000e+2 8.800000e+1 0.000000e+0
      vertex 1.240000e+2 7.400000e+1 0.000000e+0
      vertex 1.200000e+2 7.400000e+1 0.000000e+0
    endloop
  endfacet
  facet normal 0.000000e+0 0.000000e+0 1.000000e+0
    outer loop
      vertex 1.200000e+2 7.400000e+1 3.000000e+0
      vertex 1.240000e+2 7.400000e+1 3.000000e+0
      vertex 1.240000e+2 8.800000e+1 3.000000e+0
    endloop
  endfacet
  facet normal 0.000000e+0 0.000000e+0 1.000000e+0
    outer loop
      vertex 1.200000e+2 7.400000e+1 3.000000e+0
      vertex 1.240000e+2 8.800000e+1 3.000000e+0
      vertex 1.200000e+2 8.800000e+1 3.000000e+0
    endloop
  endfacet
  facet normal 0.000000e+0 -1.000000e+0 0.000000e+0
    outer loop
      vertex 1.200000e+2 7.400000e+1 0.000000e+0
      vertex 1.240000e+2 7.400000e+1 0.000000e+0
      vertex 1.240000e+2 7.400000e+1 3.000000e+0
    endloop
  endfacet
  facet normal 0.000000e+0 -1.000000e+0 0.000000e+0
    outer loop
      vertex 1.200000e+2 7.400000e+1 0.000000e+0
      vertex 1.240000e+2 7.400000e+1 3.000000e+0
      vertex 1.200000e+2 7.400000e+1 3.000000e+0
    endloop
  endfacet
  facet normal 0.000000e+0 1.000000e+0 0.000000e+0
    outer loop
      vertex 1.240000e+2 8.800000e+1 0.000000e+0
      vertex 1.200000e+2 8.800000e+1 0.000000e+0
      vertex 1.200000e+2 8.800000e+1 3.000000e+0
    endloop
  endfacet
  facet normal 0.000000e+0 1.000000e+0 0.000000e+0
    outer loop
      vertex 1.240000e+2 8.800000e+1 0.000000e+0
      vertex 1.200000e+2 8.800000e+1 3.000000e+0
      vertex 1.240000e+2 8.800000e+1 3.000000e+0
    endloop
  endfacet
  facet normal -1.000000e+0 0.000000e+0 0.000000e+0
    outer loop
      vertex 1.200000e+2 8.800000e+1 0.000000e+0
      vertex 1.200000e+2 7.400000e+1 0.000000e+0
      vertex 1.200000e+2 7.400000e+1 3.000000e+0
    endloop
  endfacet
  facet normal -1.000000e+0 0.000000e+0 0.000000e+0
    outer loop
      vertex 1.200000e+2 8.800000e+1 0.000000e+0
      vertex 1.200000e+2 7.400000e+1 3.000000e+0
      vertex 1.200000e+2 8.800000e+1 3.000000e+0
    endloop
  endfacet
  facet normal 1.000000e+0 0.000000e+0 0.000000e+0
    outer loop
      vertex 1.240000e+2 7.400000e+1 0.000000e+0
      vertex 1.240000e+2 8.800000e+1 0.000000e+0
      vertex 1.240000e+2 8.800000e+1 3.000000e+0
    endloop
  endfacet
  facet normal 1.000000e+0 0.000000e+0 0.000000e+0
    outer loop
      vertex 1.240000e+2 7.400000e+1 0.000000e+0
      vertex 1.240000e+2 8.800000e+1 3.000000e+0
      vertex 1.240000e+2 7.400000e+1 3.000000e+0
    endloop
  endfacet
  facet normal 0.000000e+0 0.000000e+0 -1.000000e+0
    outer loop
      vertex 1.380000e+2 8.800000e+1 0.000000e+0
      vertex 1.420000e+2 8.800000e+1 0.000000e+0
      vertex 1.420000e+2 7.400000e+1 0.000000e+0
    endloop
  endfacet
  facet normal 0.000000e+0 0.000000e+0 -1.000000e+0
    outer loop
      vertex 1.380000e+2 8.800000e+1 0.000000e+0
      vertex 1.420000e+2 7.400000e+1 0.000000e+0
      vertex 1.380000e+2 7.400000e+1 0.000000e+0
    endloop
  endfacet
  facet normal 0.000000e+0 0.000000e+0 1.000000e+0
    outer loop
      vertex 1.380000e+2 7.400000e+1 3.000000e+0
      vertex 1.420000e+2 7.400000e+1 3.000000e+0
      vertex 1.420000e+2 8.800000e+1 3.000000e+0
    endloop
  endfacet
  facet normal 0.000000e+0 0.000000e+0 1.000000e+0
    outer loop
      vertex 1.380000e+2 7.400000e+1 3.000000e+0
      vertex 1.420000e+2 8.800000e+1 3.000000e+0
      vertex 1.380000e+2 8.800000e+1 3.000000e+0
    endloop
  endfacet
  facet normal 0.000000e+0 -1.000000e+0 0.000000e+0
    outer loop
      vertex 1.380000e+2 7.400000e+1 0.000000e+0
      vertex 1.420000e+2 7.400000e+1 0.000000e+0
      vertex 1.420000e+2 7.400000e+1 3.000000e+0
    endloop
  endfacet
  facet normal 0.000000e+0 -1.000000e+0 0.000000e+0
    outer loop
      vertex 1.380000e+2 7.400000e+1 0.000000e+0
      vertex 1.420000e+2 7.400000e+1 3.000000e+0
      vertex 1.380000e+2 7.400000e+1 3.000000e+0
    endloop
  endfacet
  facet normal 0.000000e+0 1.000000e+0 0.000000e+0
    outer loop
      vertex 1.420000e+2 8.800000e+1 0.000000e+0
      vertex 1.380000e+2 8.800000e+1 0.000000e+0
      vertex 1.380000e+2 8.800000e+1 3.000000e+0
    endloop
  endfacet
  facet normal 0.000000e+0 1.000000e+0 0.000000e+0
    outer loop
      vertex 1.420000e+2 8.800000e+1 0.000000e+0
      vertex 1.380000e+2 8.800000e+1 3.000000e+0
      vertex 1.420000e+2 8.800000e+1 3.000000e+0
    endloop
  endfacet
  facet normal -1.000000e+0 0.000000e+0 0.000000e+0
    outer loop
      vertex 1.380000e+2 8.800000e+1 0.000000e+0
      vertex 1.380000e+2 7.400000e+1 0.000000e+0
      vertex 1.380000e+2 7.400000e+1 3.000000e+0
    endloop
  endfacet
  facet normal -1.000000e+0 0.000000e+0 0.000000e+0
    outer loop
      vertex 1.380000e+2 8.800000e+1 0.000000e+0
      vertex 1.380000e+2 7.400000e+1 3.000000e+0
      vertex 1.380000e+2 8.800000e+1 3.000000e+0
    endloop
  endfacet
  facet normal 1.000000e+0 0.000000e+0 0.000000e+0
    outer loop
      vertex 1.420000e+2 7.400000e+1 0.000000e+0
      vertex 1.420000e+2 8.800000e+1 0.000000e+0
      vertex 1.420000e+2 8.800000e+1 3.000000e+0
    endloop
  endfacet
  facet normal 1.000000e+0 0.000000e+0 0.000000e+0
    outer loop
      vertex 1.420000e+2 7.400000e+1 0.000000e+0
      vertex 1.420000e+2 8.800000e+1 3.000000e+0
      vertex 1.420000e+2 7.400000e+1 3.000000e+0
    endloop
  endfacet
  facet normal 0.000000e+0 0.000000e+0 -1.000000e+0
    outer loop
      vertex 1.560000e+2 8.800000e+1 0.000000e+0
      vertex 1.600000e+2 8.800000e+1 0.000000e+0
      vertex 1.600000e+2 7.400000e+1 0.000000e+0
    endloop
  endfacet
  facet normal 0.000000e+0 0.000000e+0 -1.000000e+0
    outer loop
      vertex 1.560000e+2 8.800000e+1 0.000000e+0
      vertex 1.600000e+2 7.400000e+1 0.000000e+0
      vertex 1.560000e+2 7.400000e+1 0.000000e+0
    endloop
  endfacet
  facet normal 0.000000e+0 0.000000e+0 1.000000e+0
    outer loop
      vertex 1.560000e+2 7.400000e+1 3.000000e+0
      vertex 1.600000e+2 7.400000e+1 3.000000e+0
      vertex 1.600000e+2 8.800000e+1 3.000000e+0
    endloop
  endfacet
  facet normal 0.000000e+0 0.000000e+0 1.000000e+0
    outer loop
      vertex 1.560000e+2 7.400000e+1 3.000000e+0
      vertex 1.600000e+2 8.800000e+1 3.000000e+0
      vertex 1.560000e+2 8.800000e+1 3.000000e+0
    endloop
  endfacet
  facet normal 0.000000e+0 -1.000000e+0 0.000000e+0
    outer loop
      vertex 1.560000e+2 7.400000e+1 0.000000e+0
      vertex 1.600000e+2 7.400000e+1 0.000000e+0
      vertex 1.600000e+2 7.400000e+1 3.000000e+0
    endloop
  endfacet
  facet normal 0.000000e+0 -1.000000e+0 0.000000e+0
    outer loop
      vertex 1.560000e+2 7.400000e+1 0.000000e+0
      vertex 1.600000e+2 7.400000e+1 3.000000e+0
      vertex 1.560000e+2 7.400000e+1 3.000000e+0
    endloop
  endfacet
  facet normal 0.000000e+0 1.000000e+0 0.000000e+0
    outer loop
      vertex 1.600000e+2 8.800000e+1 0.000000e+0
      vertex 1.560000e+2 8.800000e+1 0.000000e+0
      vertex 1.560000e+2 8.800000e+1 3.000000e+0
    endloop
  endfacet
  facet normal 0.000000e+0 1.000000e+0 0.000000e+0
    outer loop
      vertex 1.600000e+2 8.800000e+1 0.000000e+0
      vertex 1.560000e+2 8.800000e+1 3.000000e+0
      vertex 1.600000e+2 8.800000e+1 3.000000e+0
    endloop
  endfacet
  facet normal -1.000000e+0 0.000000e+0 0.000000e+0
    outer loop
      vertex 1.560000e+2 8.800000e+1 0.000000e+0
      vertex 1.560000e+2 7.400000e+1 0.000000e+0
      vertex 1.560000e+2 7.400000e+1 3.000000e+0
    endloop
  endfacet
  facet normal -1.000000e+0 0.000000e+0 0.000000e+0
    outer loop
      vertex 1.560000e+2 8.800000e+1 0.000000e+0
      vertex 1.560000e+2 7.400000e+1 3.000000e+0
      vertex 1.560000e+2 8.800000e+1 3.000000e+0
    endloop
  endfacet
  facet normal 1.000000e+0 0.000000e+0 0.000000e+0
    outer loop
      vertex 1.600000e+2 7.400000e+1 0.000000e+0
      vertex 1.600000e+2 8.800000e+1 0.000000e+0
      vertex 1.600000e+2 8.800000e+1 3.000000e+0
    endloop
  endfacet
  facet normal 1.000000e+0 0.000000e+0 0.000000e+0
    outer loop
      vertex 1.600000e+2 7.400000e+1 0.000000e+0
      vertex 1.600000e+2 8.800000e+1 3.000000e+0
      vertex 1.600000e+2 7.400000e+1 3.000000e+0
    endloop
  endfacet
  facet normal 0.000000e+0 0.000000e+0 -1.000000e+0
    outer loop
      vertex 1.740000e+2 8.800000e+1 0.000000e+0
      vertex 1.780000e+2 8.800000e+1 0.000000e+0
      vertex 1.780000e+2 7.400000e+1 0.000000e+0
    endloop
  endfacet
  facet normal 0.000000e+0 0.000000e+0 -1.000000e+0
    outer loop
      vertex 1.740000e+2 8.800000e+1 0.000000e+0
      vertex 1.780000e+2 7.400000e+1 0.000000e+0
      vertex 1.740000e+2 7.400000e+1 0.000000e+0
    endloop
  endfacet
  facet normal 0.000000e+0 0.000000e+0 1.000000e+0
    outer loop
      vertex 1.740000e+2 7.400000e+1 3.000000e+0
      vertex 1.780000e+2 7.400000e+1 3.000000e+0
      vertex 1.780000e+2 8.800000e+1 3.000000e+0
    endloop
  endfacet
  facet normal 0.000000e+0 0.000000e+0 1.000000e+0
    outer loop
      vertex 1.740000e+2 7.400000e+1 3.000000e+0
      vertex 1.780000e+2 8.800000e+1 3.000000e+0
      vertex 1.740000e+2 8.800000e+1 3.000000e+0
    endloop
  endfacet
  facet normal 0.000000e+0 -1.000000e+0 0.000000e+0
    outer loop
      vertex 1.740000e+2 7.400000e+1 0.000000e+0
      vertex 1.780000e+2 7.400000e+1 0.000000e+0
      vertex 1.780000e+2 7.400000e+1 3.000000e+0
    endloop
  endfacet
  facet normal 0.000000e+0 -1.000000e+0 0.000000e+0
    outer loop
      vertex 1.740000e+2 7.400000e+1 0.000000e+0
      vertex 1.780000e+2 7.400000e+1 3.000000e+0
      vertex 1.740000e+2 7.400000e+1 3.000000e+0
    endloop
  endfacet
  facet normal 0.000000e+0 1.000000e+0 0.000000e+0
    outer loop
      vertex 1.780000e+2 8.800000e+1 0.000000e+0
      vertex 1.740000e+2 8.800000e+1 0.000000e+0
      vertex 1.740000e+2 8.800000e+1 3.000000e+0
    endloop
  endfacet
  facet normal 0.000000e+0 1.000000e+0 0.000000e+0
    outer loop
      vertex 1.780000e+2 8.800000e+1 0.000000e+0
      vertex 1.740000e+2 8.800000e+1 3.000000e+0
      vertex 1.780000e+2 8.800000e+1 3.000000e+0
    endloop
  endfacet
  facet normal -1.000000e+0 0.000000e+0 0.000000e+0
    outer loop
      vertex 1.740000e+2 8.800000e+1 0.000000e+0
      vertex 1.740000e+2 7.400000e+1 0.000000e+0
      vertex 1.740000e+2 7.400000e+1 3.000000e+0
    endloop
  endfacet
  facet normal -1.000000e+0 0.000000e+0 0.000000e+0
    outer loop
      vertex 1.740000e+2 8.800000e+1 0.000000e+0
      vertex 1.740000e+2 7.400000e+1 3.000000e+0
      vertex 1.740000e+2 8.800000e+1 3.000000e+0
    endloop
  endfacet
  facet normal 1.000000e+0 0.000000e+0 0.000000e+0
    outer loop
      vertex 1.780000e+2 7.400000e+1 0.000000e+0
      vertex 1.780000e+2 8.800000e+1 0.000000e+0
      vertex 1.780000e+2 8.800000e+1 3.000000e+0
    endloop
  endfacet
  facet normal 1.000000e+0 0.000000e+0 0.000000e+0
    outer loop
      vertex 1.780000e+2 7.400000e+1 0.000000e+0
      vertex 1.780000e+2 8.800000e+1 3.000000e+0
      vertex 1.780000e+2 7.400000e+1 3.000000e+0
    endloop
  endfacet
  facet normal 0.000000e+0 0.000000e+0 -1.000000e+0
    outer loop
      vertex 1.920000e+2 8.800000e+1 0.000000e+0
      vertex 1.960000e+2 8.800000e+1 0.000000e+0
      vertex 1.960000e+2 7.400000e+1 0.000000e+0
    endloop
  endfacet
  facet normal 0.000000e+0 0.000000e+0 -1.000000e+0
    outer loop
      vertex 1.920000e+2 8.800000e+1 0.000000e+0
      vertex 1.960000e+2 7.400000e+1 0.000000e+0
      vertex 1.920000e+2 7.400000e+1 0.000000e+0
    endloop
  endfacet
  facet normal 0.000000e+0 0.000000e+0 1.000000e+0
    outer loop
      vertex 1.920000e+2 7.400000e+1 3.000000e+0
      vertex 1.960000e+2 7.400000e+1 3.000000e+0
      vertex 1.960000e+2 8.800000e+1 3.000000e+0
    endloop
  endfacet
  facet normal 0.000000e+0 0.000000e+0 1.000000e+0
    outer loop
      vertex 1.920000e+2 7.400000e+1 3.000000e+0
      vertex 1.960000e+2 8.800000e+1 3.000000e+0
      vertex 1.920000e+2 8.800000e+1 3.000000e+0
    endloop
  endfacet
  facet normal 0.000000e+0 -1.000000e+0 0.000000e+0
    outer loop
      vertex 1.920000e+2 7.400000e+1 0.000000e+0
      vertex 1.960000e+2 7.400000e+1 0.000000e+0
      vertex 1.960000e+2 7.400000e+1 3.000000e+0
    endloop
  endfacet
  facet normal 0.000000e+0 -1.000000e+0 0.000000e+0
    outer loop
      vertex 1.920000e+2 7.400000e+1 0.000000e+0
      vertex 1.960000e+2 7.400000e+1 3.000000e+0
      vertex 1.920000e+2 7.400000e+1 3.000000e+0
    endloop
  endfacet
  facet normal 0.000000e+0 1.000000e+0 0.000000e+0
    outer loop
      vertex 1.960000e+2 8.800000e+1 0.000000e+0
      vertex 1.920000e+2 8.800000e+1 0.000000e+0
      vertex 1.920000e+2 8.800000e+1 3.000000e+0
    endloop
  endfacet
  facet normal 0.000000e+0 1.000000e+0 0.000000e+0
    outer loop
      vertex 1.960000e+2 8.800000e+1 0.000000e+0
      vertex 1.920000e+2 8.800000e+1 3.000000e+0
      vertex 1.960000e+2 8.800000e+1 3.000000e+0
    endloop
  endfacet
  facet normal -1.000000e+0 0.000000e+0 0.000000e+0
    outer loop
      vertex 1.920000e+2 8.800000e+1 0.000000e+0
      vertex 1.920000e+2 7.400000e+1 0.000000e+0
      vertex 1.920000e+2 7.400000e+1 3.000000e+0
    endloop
  endfacet
  facet normal -1.000000e+0 0.000000e+0 0.000000e+0
    outer loop
      vertex 1.920000e+2 8.800000e+1 0.000000e+0
      vertex 1.920000e+2 7.400000e+1 3.000000e+0
      vertex 1.920000e+2 8.800000e+1 3.000000e+0
    endloop
  endfacet
  facet normal 1.000000e+0 0.000000e+0 0.000000e+0
    outer loop
      vertex 1.960000e+2 7.400000e+1 0.000000e+0
      vertex 1.960000e+2 8.800000e+1 0.000000e+0
      vertex 1.960000e+2 8.800000e+1 3.000000e+0
    endloop
  endfacet
  facet normal 1.000000e+0 0.000000e+0 0.000000e+0
    outer loop
      vertex 1.960000e+2 7.400000e+1 0.000000e+0
      vertex 1.960000e+2 8.800000e+1 3.000000e+0
      vertex 1.960000e+2 7.400000e+1 3.000000e+0
    endloop
  endfacet
  facet normal 0.000000e+0 0.000000e+0 -1.000000e+0
    outer loop
      vertex 0.000000e+0 1.060000e+2 0.000000e+0
      vertex 2.000000e+0 1.060000e+2 0.000000e+0
      vertex 2.000000e+0 9.200000e+1 0.000000e+0
    endloop
  endfacet
  facet normal 0.000000e+0 0.000000e+0 -1.000000e+0
    outer loop
      vertex 0.000000e+0 1.060000e+2 0.000000e+0
      vertex 2.000000e+0 9.200000e+1 0.000000e+0
      vertex 0.000000e+0 9.200000e+1 0.000000e+0
    endloop
  endfacet
  facet normal 0.000000e+0 0.000000e+0 1.000000e+0
    outer loop
      vertex 0.000000e+0 9.200000e+1 3.000000e+0
      vertex 2.000000e+0 9.200000e+1 3.000000e+0
      vertex 2.000000e+0 1.060000e+2 3.000000e+0
    endloop
  endfacet
  facet normal 0.000000e+0 0.000000e+0 1.000000e+0
    outer loop
      vertex 0.000000e+0 9.200000e+1 3.000000e+0
      vertex 2.000000e+0 1.060000e+2 3.000000e+0
      vertex 0.000000e+0 1.060000e+2 3.000000e+0
    endloop
  endfacet
  facet normal 0.000000e+0 -1.000000e+0 0.000000e+0
    outer loop
      vertex 0.000000e+0 9.200000e+1 0.000000e+0
      vertex 2.000000e+0 9.200000e+1 0.000000e+0
      vertex 2.000000e+0 9.200000e+1 3.000000e+0
    endloop
  endfacet
  facet normal 0.000000e+0 -1.000000e+0 0.000000e+0
    outer loop
      vertex 0.000000e+0 9.200000e+1 0.000000e+0
      vertex 2.000000e+0 9.200000e+1 3.000000e+0
      vertex 0.000000e+0 9.200000e+1 3.000000e+0
    endloop
  endfacet
  facet normal 0.000000e+0 1.000000e+0 0.000000e+0
    outer loop
      vertex 2.000000e+0 1.060000e+2 0.000000e+0
      vertex 0.000000e+0 1.060000e+2 0.000000e+0
      vertex 0.000000e+0 1.060000e+2 3.000000e+0
    endloop
  endfacet
  facet normal 0.000000e+0 1.000000e+0 0.000000e+0
    outer loop
      vertex 2.000000e+0 1.060000e+2 0.000000e+0
      vertex 0.000000e+0 1.060000e+2 3.000000e+0
      vertex 2.000000e+0 1.060000e+2 3.000000e+0
    endloop
  endfacet
  facet normal -1.000000e+0 0.000000e+0 0.000000e+0
    outer loop
      vertex 0.000000e+0 1.060000e+2 0.000000e+0
      vertex 0.000000e+0 9.200000e+1 0.000000e+0
      vertex 0.000000e+0 9.200000e+1 3.000000e+0
    endloop
  endfacet
  facet normal -1.000000e+0 0.000000e+0 0.000000e+0
    outer loop
      vertex 0.000000e+0 1.060000e+2 0.000000e+0
      vertex 0.000000e+0 9.200000e+1 3.000000e+0
      vertex 0.000000e+0 1.060000e+2 3.000000e+0
    endloop
  endfacet
  facet normal 1.000000e+0 0.000000e+0 0.000000e+0
    outer loop
      vertex 2.000000e+0 9.200000e+1 0.000000e+0
      vertex 2.000000e+0 1.060000e+2 0.000000e+0
      vertex 2.000000e+0 1.060000e+2 3.000000e+0
    endloop
  endfacet
  facet normal 1.000000e+0 0.000000e+0 0.000000e+0
    outer loop
      vertex 2.000000e+0 9.200000e+1 0.000000e+0
      vertex 2.000000e+0 1.060000e+2 3.000000e+0
      vertex 2.000000e+0 9.200000e+1 3.000000e+0
    endloop
  endfacet
  facet normal 0.000000e+0 0.000000e+0 -1.000000e+0
    outer loop
      vertex 3.000000e+1 1.060000e+2 0.000000e+0
      vertex 3.400000e+1 1.060000e+2 0.000000e+0
      vertex 3.400000e+1 9.200000e+1 0.000000e+0
    endloop
  endfacet
  facet normal 0.000000e+0 0.000000e+0 -1.000000e+0
    outer loop
      vertex 3.000000e+1 1.060000e+2 0.000000e+0
      vertex 3.400000e+1 9.200000e+1 0.000000e+0
      vertex 3.000000e+1 9.200000e+1 0.000000e+0
    endloop
  endfacet
  facet normal 0.000000e+0 0.000000e+0 1.000000e+0
    outer loop
      vertex 3.000000e+1 9.200000e+1 3.000000e+0
      vertex 3.400000e+1 9.200000e+1 3.000000e+0
      vertex 3.400000e+1 1.060000e+2 3.000000e+0
    endloop
  endfacet
  facet normal 0.000000e+0 0.000000e+0 1.000000e+0
    outer loop
      vertex 3.000000e+1 9.200000e+1 3.000000e+0
      vertex 3.400000e+1 1.060000e+2 3.000000e+0
      vertex 3.000000e+1 1.060000e+2 3.000000e+0
    endloop
  endfacet
  facet normal 0.000000e+0 -1.000000e+0 0.000000e+0
    outer loop
      vertex 3.000000e+1 9.200000e+1 0.000000e+0
      vertex 3.400000e+1 9.200000e+1 0.000000e+0
      vertex 3.400000e+1 9.200000e+1 3.000000e+0
    endloop
  endfacet
  facet normal 0.000000e+0 -1.000000e+0 0.000000e+0
    outer loop
      vertex 3.000000e+1 9.200000e+1 0.000000e+0
      vertex 3.400000e+1 9.200000e+1 3.000000e+0
      vertex 3.000000e+1 9.200000e+1 3.000000e+0
    endloop
  endfacet
  facet normal 0.000000e+0 1.000000e+0 0.000000e+0
    outer loop
      vertex 3.400000e+1 1.060000e+2 0.000000e+0
      vertex 3.000000e+1 1.060000e+2 0.000000e+0
      vertex 3.000000e+1 1.060000e+2 3.000000e+0
    endloop
  endfacet
  facet normal 0.000000e+0 1.000000e+0 0.000000e+0
    outer loop
      vertex 3.400000e+1 1.060000e+2 0.000000e+0
      vertex 3.000000e+1 1.060000e+2 3.000000e+0
      vertex 3.400000e+1 1.060000e+2 3.000000e+0
    endloop
  endfacet
  facet normal -1.000000e+0 0.000000e+0 0.000000e+0
    outer loop
      vertex 3.000000e+1 1.060000e+2 0.000000e+0
      vertex 3.000000e+1 9.200000e+1 0.000000e+0
      vertex 3.000000e+1 9.200000e+1 3.000000e+0
    endloop
  endfacet
  facet normal -1.000000e+0 0.000000e+0 0.000000e+0
    outer loop
      vertex 3.000000e+1 1.060000e+2 0.000000e+0
      vertex 3.000000e+1 9.200000e+1 3.000000e+0
      vertex 3.000000e+1 1.060000e+2 3.000000e+0
    endloop
  endfacet
  facet normal 1.000000e+0 0.000000e+0 0.000000e+0
    outer loop
      vertex 3.400000e+1 9.200000e+1 0.000000e+0
      vertex 3.400000e+1 1.060000e+2 0.000000e+0
      vertex 3.400000e+1 1.060000e+2 3.000000e+0
    endloop
  endfacet
  facet normal 1.000000e+0 0.000000e+0 0.000000e+0
    outer loop
      vertex 3.400000e+1 9.200000e+1 0.000000e+0
      vertex 3.400000e+1 1.060000e+2 3.000000e+0
      vertex 3.400000e+1 9.200000e+1 3.000000e+0
    endloop
  endfacet
  facet normal 0.000000e+0 0.000000e+0 -1.000000e+0
    outer loop
      vertex 4.800000e+1 1.060000e+2 0.000000e+0
      vertex 5.200000e+1 1.060000e+2 0.000000e+0
      vertex 5.200000e+1 9.200000e+1 0.000000e+0
    endloop
  endfacet
  facet normal 0.000000e+0 0.000000e+0 -1.000000e+0
    outer loop
      vertex 4.800000e+1 1.060000e+2 0.000000e+0
      vertex 5.200000e+1 9.200000e+1 0.000000e+0
      vertex 4.800000e+1 9.200000e+1 0.000000e+0
    endloop
  endfacet
  facet normal 0.000000e+0 0.000000e+0 1.000000e+0
    outer loop
      vertex 4.800000e+1 9.200000e+1 3.000000e+0
      vertex 5.200000e+1 9.200000e+1 3.000000e+0
      vertex 5.200000e+1 1.060000e+2 3.000000e+0
    endloop
  endfacet
  facet normal 0.000000e+0 0.000000e+0 1.000000e+0
    outer loop
      vertex 4.800000e+1 9.200000e+1 3.000000e+0
      vertex 5.200000e+1 1.060000e+2 3.000000e+0
      vertex 4.800000e+1 1.060000e+2 3.000000e+0
    endloop
  endfacet
  facet normal 0.000000e+0 -1.000000e+0 0.000000e+0
    outer loop
      vertex 4.800000e+1 9.200000e+1 0.000000e+0
      vertex 5.200000e+1 9.200000e+1 0.000000e+0
      vertex 5.200000e+1 9.200000e+1 3.000000e+0
    endloop
  endfacet
  facet normal 0.000000e+0 -1.000000e+0 0.000000e+0
    outer loop
      vertex 4.800000e+1 9.200000e+1 0.000000e+0
      vertex 5.200000e+1 9.200000e+1 3.000000e+0
      vertex 4.800000e+1 9.200000e+1 3.000000e+0
    endloop
  endfacet
  facet normal 0.000000e+0 1.000000e+0 0.000000e+0
    outer loop
      vertex 5.200000e+1 1.060000e+2 0.000000e+0
      vertex 4.800000e+1 1.060000e+2 0.000000e+0
      vertex 4.800000e+1 1.060000e+2 3.000000e+0
    endloop
  endfacet
  facet normal 0.000000e+0 1.000000e+0 0.000000e+0
    outer loop
      vertex 5.200000e+1 1.060000e+2 0.000000e+0
      vertex 4.800000e+1 1.060000e+2 3.000000e+0
      vertex 5.200000e+1 1.060000e+2 3.000000e+0
    endloop
  endfacet
  facet normal -1.000000e+0 0.000000e+0 0.000000e+0
    outer loop
      vertex 4.800000e+1 1.060000e+2 0.000000e+0
      vertex 4.800000e+1 9.200000e+1 0.000000e+0
      vertex 4.800000e+1 9.200000e+1 3.000000e+0
    endloop
  endfacet
  facet normal -1.000000e+0 0.000000e+0 0.000000e+0
    outer loop
      vertex 4.800000e+1 1.060000e+2 0.000000e+0
      vertex 4.800000e+1 9.200000e+1 3.000000e+0
      vertex 4.800000e+1 1.060000e+2 3.000000e+0
    endloop
  endfacet
  facet normal 1.000000e+0 0.000000e+0 0.000000e+0
    outer loop
      vertex 5.200000e+1 9.200000e+1 0.000000e+0
      vertex 5.200000e+1 1.060000e+2 0.000000e+0
      vertex 5.200000e+1 1.060000e+2 3.000000e+0
    endloop
  endfacet
  facet normal 1.000000e+0 0.000000e+0 0.000000e+0
    outer loop
      vertex 5.200000e+1 9.200000e+1 0.000000e+0
      vertex 5.200000e+1 1.060000e+2 3.000000e+0
      vertex 5.200000e+1 9.200000e+1 3.000000e+0
    endloop
  endfacet
  facet normal 0.000000e+0 0.000000e+0 -1.000000e+0
    outer loop
      vertex 6.600000e+1 1.060000e+2 0.000000e+0
      vertex 7.000000e+1 1.060000e+2 0.000000e+0
      vertex 7.000000e+1 9.200000e+1 0.000000e+0
    endloop
  endfacet
  facet normal 0.000000e+0 0.000000e+0 -1.000000e+0
    outer loop
      vertex 6.600000e+1 1.060000e+2 0.000000e+0
      vertex 7.000000e+1 9.200000e+1 0.000000e+0
      vertex 6.600000e+1 9.200000e+1 0.000000e+0
    endloop
  endfacet
  facet normal 0.000000e+0 0.000000e+0 1.000000e+0
    outer loop
      vertex 6.600000e+1 9.200000e+1 3.000000e+0
      vertex 7.000000e+1 9.200000e+1 3.000000e+0
      vertex 7.000000e+1 1.060000e+2 3.000000e+0
    endloop
  endfacet
  facet normal 0.000000e+0 0.000000e+0 1.000000e+0
    outer loop
      vertex 6.600000e+1 9.200000e+1 3.000000e+0
      vertex 7.000000e+1 1.060000e+2 3.000000e+0
      vertex 6.600000e+1 1.060000e+2 3.000000e+0
    endloop
  endfacet
  facet normal 0.000000e+0 -1.000000e+0 0.000000e+0
    outer loop
      vertex 6.600000e+1 9.200000e+1 0.000000e+0
      vertex 7.000000e+1 9.200000e+1 0.000000e+0
      vertex 7.000000e+1 9.200000e+1 3.000000e+0
    endloop
  endfacet
  facet normal 0.000000e+0 -1.000000e+0 0.000000e+0
    outer loop
      vertex 6.600000e+1 9.200000e+1 0.000000e+0
      vertex 7.000000e+1 9.200000e+1 3.000000e+0
      vertex 6.600000e+1 9.200000e+1 3.000000e+0
    endloop
  endfacet
  facet normal 0.000000e+0 1.000000e+0 0.000000e+0
    outer loop
      vertex 7.000000e+1 1.060000e+2 0.000000e+0
      vertex 6.600000e+1 1.060000e+2 0.000000e+0
      vertex 6.600000e+1 1.060000e+2 3.000000e+0
    endloop
  endfacet
  facet normal 0.000000e+0 1.000000e+0 0.000000e+0
    outer loop
      vertex 7.000000e+1 1.060000e+2 0.000000e+0
      vertex 6.600000e+1 1.060000e+2 3.000000e+0
      vertex 7.000000e+1 1.060000e+2 3.000000e+0
    endloop
  endfacet
  facet normal -1.000000e+0 0.000000e+0 0.000000e+0
    outer loop
      vertex 6.600000e+1 1.060000e+2 0.000000e+0
      vertex 6.600000e+1 9.200000e+1 0.000000e+0
      vertex 6.600000e+1 9.200000e+1 3.000000e+0
    endloop
  endfacet
  facet normal -1.000000e+0 0.000000e+0 0.000000e+0
    outer loop
      vertex 6.600000e+1 1.060000e+2 0.000000e+0
      vertex 6.600000e+1 9.200000e+1 3.000000e+0
      vertex 6.600000e+1 1.060000e+2 3.000000e+0
    endloop
  endfacet
  facet normal 1.000000e+0 0.000000e+0 0.000000e+0
    outer loop
      vertex 7.000000e+1 9.200000e+1 0.000000e+0
      vertex 7.000000e+1 1.060000e+2 0.000000e+0
      vertex 7.000000e+1 1.060000e+2 3.000000e+0
    endloop
  endfacet
  facet normal 1.000000e+0 0.000000e+0 0.000000e+0
    outer loop
      vertex 7.000000e+1 9.200000e+1 0.000000e+0
      vertex 7.000000e+1 1.060000e+2 3.000000e+0
      vertex 7.000000e+1 9.200000e+1 3.000000e+0
    endloop
  endfacet
  facet normal 0.000000e+0 0.000000e+0 -1.000000e+0
    outer loop
      vertex 8.400000e+1 1.060000e+2 0.000000e+0
      vertex 8.800000e+1 1.060000e+2 0.000000e+0
      vertex 8.800000e+1 9.200000e+1 0.000000e+0
    endloop
  endfacet
  facet normal 0.000000e+0 0.000000e+0 -1.000000e+0
    outer loop
      vertex 8.400000e+1 1.060000e+2 0.000000e+0
      vertex 8.800000e+1 9.200000e+1 0.000000e+0
      vertex 8.400000e+1 9.200000e+1 0.000000e+0
    endloop
  endfacet
  facet normal 0.000000e+0 0.000000e+0 1.000000e+0
    outer loop
      vertex 8.400000e+1 9.200000e+1 3.000000e+0
      vertex 8.800000e+1 9.200000e+1 3.000000e+0
      vertex 8.800000e+1 1.060000e+2 3.000000e+0
    endloop
  endfacet
  facet normal 0.000000e+0 0.000000e+0 1.000000e+0
    outer loop
      vertex 8.400000e+1 9.200000e+1 3.000000e+0
      vertex 8.800000e+1 1.060000e+2 3.000000e+0
      vertex 8.400000e+1 1.060000e+2 3.000000e+0
    endloop
  endfacet
  facet normal 0.000000e+0 -1.000000e+0 0.000000e+0
    outer loop
      vertex 8.400000e+1 9.200000e+1 0.000000e+0
      vertex 8.800000e+1 9.200000e+1 0.000000e+0
      vertex 8.800000e+1 9.200000e+1 3.000000e+0
    endloop
  endfacet
  facet normal 0.000000e+0 -1.000000e+0 0.000000e+0
    outer loop
      vertex 8.400000e+1 9.200000e+1 0.000000e+0
      vertex 8.800000e+1 9.200000e+1 3.000000e+0
      vertex 8.400000e+1 9.200000e+1 3.000000e+0
    endloop
  endfacet
  facet normal 0.000000e+0 1.000000e+0 0.000000e+0
    outer loop
      vertex 8.800000e+1 1.060000e+2 0.000000e+0
      vertex 8.400000e+1 1.060000e+2 0.000000e+0
      vertex 8.400000e+1 1.060000e+2 3.000000e+0
    endloop
  endfacet
  facet normal 0.000000e+0 1.000000e+0 0.000000e+0
    outer loop
      vertex 8.800000e+1 1.060000e+2 0.000000e+0
      vertex 8.400000e+1 1.060000e+2 3.000000e+0
      vertex 8.800000e+1 1.060000e+2 3.000000e+0
    endloop
  endfacet
  facet normal -1.000000e+0 0.000000e+0 0.000000e+0
    outer loop
      vertex 8.400000e+1 1.060000e+2 0.000000e+0
      vertex 8.400000e+1 9.200000e+1 0.000000e+0
      vertex 8.400000e+1 9.200000e+1 3.000000e+0
    endloop
  endfacet
  facet normal -1.000000e+0 0.000000e+0 0.000000e+0
    outer loop
      vertex 8.400000e+1 1.060000e+2 0.000000e+0
      vertex 8.400000e+1 9.200000e+1 3.000000e+0
      vertex 8.400000e+1 1.060000e+2 3.000000e+0
    endloop
  endfacet
  facet normal 1.000000e+0 0.000000e+0 0.000000e+0
    outer loop
      vertex 8.800000e+1 9.200000e+1 0.000000e+0
      vertex 8.800000e+1 1.060000e+2 0.000000e+0
      vertex 8.800000e+1 1.060000e+2 3.000000e+0
    endloop
  endfacet
  facet normal 1.000000e+0 0.000000e+0 0.000000e+0
    outer loop
      vertex 8.800000e+1 9.200000e+1 0.000000e+0
      vertex 8.800000e+1 1.060000e+2 3.000000e+0
      vertex 8.800000e+1 9.200000e+1 3.000000e+0
    endloop
  endfacet
  facet normal 0.000000e+0 0.000000e+0 -1.000000e+0
    outer loop
      vertex 1.020000e+2 1.060000e+2 0.000000e+0
      vertex 1.060000e+2 1.060000e+2 0.000000e+0
      vertex 1.060000e+2 9.200000e+1 0.000000e+0
    endloop
  endfacet
  facet normal 0.000000e+0 0.000000e+0 -1.000000e+0
    outer loop
      vertex 1.020000e+2 1.060000e+2 0.000000e+0
      vertex 1.060000e+2 9.200000e+1 0.000000e+0
      vertex 1.020000e+2 9.200000e+1 0.000000e+0
    endloop
  endfacet
  facet normal 0.000000e+0 0.000000e+0 1.000000e+0
    outer loop
      vertex 1.020000e+2 9.200000e+1 3.000000e+0
      vertex 1.060000e+2 9.200000e+1 3.000000e+0
      vertex 1.060000e+2 1.060000e+2 3.000000e+0
    endloop
  endfacet
  facet normal 0.000000e+0 0.000000e+0 1.000000e+0
    outer loop
      vertex 1.020000e+2 9.200000e+1 3.000000e+0
      vertex 1.060000e+2 1.060000e+2 3.000000e+0
      vertex 1.020000e+2 1.060000e+2 3.000000e+0
    endloop
  endfacet
  facet normal 0.000000e+0 -1.000000e+0 0.000000e+0
    outer loop
      vertex 1.020000e+2 9.200000e+1 0.000000e+0
      vertex 1.060000e+2 9.200000e+1 0.000000e+0
      vertex 1.060000e+2 9.200000e+1 3.000000e+0
    endloop
  endfacet
  facet normal 0.000000e+0 -1.000000e+0 0.000000e+0
    outer loop
      vertex 1.020000e+2 9.200000e+1 0.000000e+0
      vertex 1.060000e+2 9.200000e+1 3.000000e+0
      vertex 1.020000e+2 9.200000e+1 3.000000e+0
    endloop
  endfacet
  facet normal 0.000000e+0 1.000000e+0 0.000000e+0
    outer loop
      vertex 1.060000e+2 1.060000e+2 0.000000e+0
      vertex 1.020000e+2 1.060000e+2 0.000000e+0
      vertex 1.020000e+2 1.060000e+2 3.000000e+0
    endloop
  endfacet
  facet normal 0.000000e+0 1.000000e+0 0.000000e+0
    outer loop
      vertex 1.060000e+2 1.060000e+2 0.000000e+0
      vertex 1.020000e+2 1.060000e+2 3.000000e+0
      vertex 1.060000e+2 1.060000e+2 3.000000e+0
    endloop
  endfacet
  facet normal -1.000000e+0 0.000000e+0 0.000000e+0
    outer loop
      vertex 1.020000e+2 1.060000e+2 0.000000e+0
      vertex 1.020000e+2 9.200000e+1 0.000000e+0
      vertex 1.020000e+2 9.200000e+1 3.000000e+0
    endloop
  endfacet
  facet normal -1.000000e+0 0.000000e+0 0.000000e+0
    outer loop
      vertex 1.020000e+2 1.060000e+2 0.000000e+0
      vertex 1.020000e+2 9.200000e+1 3.000000e+0
      vertex 1.020000e+2 1.060000e+2 3.000000e+0
    endloop
  endfacet
  facet normal 1.000000e+0 0.000000e+0 0.000000e+0
    outer loop
      vertex 1.060000e+2 9.200000e+1 0.000000e+0
      vertex 1.060000e+2 1.060000e+2 0.000000e+0
      vertex 1.060000e+2 1.060000e+2 3.000000e+0
    endloop
  endfacet
  facet normal 1.000000e+0 0.000000e+0 0.000000e+0
    outer loop
      vertex 1.060000e+2 9.200000e+1 0.000000e+0
      vertex 1.060000e+2 1.060000e+2 3.000000e+0
      vertex 1.060000e+2 9.200000e+1 3.000000e+0
    endloop
  endfacet
  facet normal 0.000000e+0 0.000000e+0 -1.000000e+0
    outer loop
      vertex 1.200000e+2 1.060000e+2 0.000000e+0
      vertex 1.240000e+2 1.060000e+2 0.000000e+0
      vertex 1.240000e+2 9.200000e+1 0.000000e+0
    endloop
  endfacet
  facet normal 0.000000e+0 0.000000e+0 -1.000000e+0
    outer loop
      vertex 1.200000e+2 1.060000e+2 0.000000e+0
      vertex 1.240000e+2 9.200000e+1 0.000000e+0
      vertex 1.200000e+2 9.200000e+1 0.000000e+0
    endloop
  endfacet
  facet normal 0.000000e+0 0.000000e+0 1.000000e+0
    outer loop
      vertex 1.200000e+2 9.200000e+1 3.000000e+0
      vertex 1.240000e+2 9.200000e+1 3.000000e+0
      vertex 1.240000e+2 1.060000e+2 3.000000e+0
    endloop
  endfacet
  facet normal 0.000000e+0 0.000000e+0 1.000000e+0
    outer loop
      vertex 1.200000e+2 9.200000e+1 3.000000e+0
      vertex 1.240000e+2 1.060000e+2 3.000000e+0
      vertex 1.200000e+2 1.060000e+2 3.000000e+0
    endloop
  endfacet
  facet normal 0.000000e+0 -1.000000e+0 0.000000e+0
    outer loop
      vertex 1.200000e+2 9.200000e+1 0.000000e+0
      vertex 1.240000e+2 9.200000e+1 0.000000e+0
      vertex 1.240000e+2 9.200000e+1 3.000000e+0
    endloop
  endfacet
  facet normal 0.000000e+0 -1.000000e+0 0.000000e+0
    outer loop
      vertex 1.200000e+2 9.200000e+1 0.000000e+0
      vertex 1.240000e+2 9.200000e+1 3.000000e+0
      vertex 1.200000e+2 9.200000e+1 3.000000e+0
    endloop
  endfacet
  facet normal 0.000000e+0 1.000000e+0 0.000000e+0
    outer loop
      vertex 1.240000e+2 1.060000e+2 0.000000e+0
      vertex 1.200000e+2 1.060000e+2 0.000000e+0
      vertex 1.200000e+2 1.060000e+2 3.000000e+0
    endloop
  endfacet
  facet normal 0.000000e+0 1.000000e+0 0.000000e+0
    outer loop
      vertex 1.240000e+2 1.060000e+2 0.000000e+0
      vertex 1.200000e+2 1.060000e+2 3.000000e+0
      vertex 1.240000e+2 1.060000e+2 3.000000e+0
    endloop
  endfacet
  facet normal -1.000000e+0 0.000000e+0 0.000000e+0
    outer loop
      vertex 1.200000e+2 1.060000e+2 0.000000e+0
      vertex 1.200000e+2 9.200000e+1 0.000000e+0
      vertex 1.200000e+2 9.200000e+1 3.000000e+0
    endloop
  endfacet
  facet normal -1.000000e+0 0.000000e+0 0.000000e+0
    outer loop
      vertex 1.200000e+2 1.060000e+2 0.000000e+0
      vertex 1.200000e+2 9.200000e+1 3.000000e+0
      vertex 1.200000e+2 1.060000e+2 3.000000e+0
    endloop
  endfacet
  facet normal 1.000000e+0 0.000000e+0 0.000000e+0
    outer loop
      vertex 1.240000e+2 9.200000e+1 0.000000e+0
      vertex 1.240000e+2 1.060000e+2 0.000000e+0
      vertex 1.240000e+2 1.060000e+2 3.000000e+0
    endloop
  endfacet
  facet normal 1.000000e+0 0.000000e+0 0.000000e+0
    outer loop
      vertex 1.240000e+2 9.200000e+1 0.000000e+0
      vertex 1.240000e+2 1.060000e+2 3.000000e+0
      vertex 1.240000e+2 9.200000e+1 3.000000e+0
    endloop
  endfacet
  facet normal 0.000000e+0 0.000000e+0 -1.000000e+0
    outer loop
      vertex 1.380000e+2 1.060000e+2 0.000000e+0
      vertex 1.420000e+2 1.060000e+2 0.000000e+0
      vertex 1.420000e+2 9.200000e+1 0.000000e+0
    endloop
  endfacet
  facet normal 0.000000e+0 0.000000e+0 -1.000000e+0
    outer loop
      vertex 1.380000e+2 1.060000e+2 0.000000e+0
      vertex 1.420000e+2 9.200000e+1 0.000000e+0
      vertex 1.380000e+2 9.200000e+1 0.000000e+0
    endloop
  endfacet
  facet normal 0.000000e+0 0.000000e+0 1.000000e+0
    outer loop
      vertex 1.380000e+2 9.200000e+1 3.000000e+0
      vertex 1.420000e+2 9.200000e+1 3.000000e+0
      vertex 1.420000e+2 1.060000e+2 3.000000e+0
    endloop
  endfacet
  facet normal 0.000000e+0 0.000000e+0 1.000000e+0
    outer loop
      vertex 1.380000e+2 9.200000e+1 3.000000e+0
      vertex 1.420000e+2 1.060000e+2 3.000000e+0
      vertex 1.380000e+2 1.060000e+2 3.000000e+0
    endloop
  endfacet
  facet normal 0.000000e+0 -1.000000e+0 0.000000e+0
    outer loop
      vertex 1.380000e+2 9.200000e+1 0.000000e+0
      vertex 1.420000e+2 9.200000e+1 0.000000e+0
      vertex 1.420000e+2 9.200000e+1 3.000000e+0
    endloop
  endfacet
  facet normal 0.000000e+0 -1.000000e+0 0.000000e+0
    outer loop
      vertex 1.380000e+2 9.200000e+1 0.000000e+0
      vertex 1.420000e+2 9.200000e+1 3.000000e+0
      vertex 1.380000e+2 9.200000e+1 3.000000e+0
    endloop
  endfacet
  facet normal 0.000000e+0 1.000000e+0 0.000000e+0
    outer loop
      vertex 1.420000e+2 1.060000e+2 0.000000e+0
      vertex 1.380000e+2 1.060000e+2 0.000000e+0
      vertex 1.380000e+2 1.060000e+2 3.000000e+0
    endloop
  endfacet
  facet normal 0.000000e+0 1.000000e+0 0.000000e+0
    outer loop
      vertex 1.420000e+2 1.060000e+2 0.000000e+0
      vertex 1.380000e+2 1.060000e+2 3.000000e+0
      vertex 1.420000e+2 1.060000e+2 3.000000e+0
    endloop
  endfacet
  facet normal -1.000000e+0 0.000000e+0 0.000000e+0
    outer loop
      vertex 1.380000e+2 1.060000e+2 0.000000e+0
      vertex 1.380000e+2 9.200000e+1 0.000000e+0
      vertex 1.380000e+2 9.200000e+1 3.000000e+0
    endloop
  endfacet
  facet normal -1.000000e+0 0.000000e+0 0.000000e+0
    outer loop
      vertex 1.380000e+2 1.060000e+2 0.000000e+0
      vertex 1.380000e+2 9.200000e+1 3.000000e+0
      vertex 1.380000e+2 1.060000e+2 3.000000e+0
    endloop
  endfacet
  facet normal 1.000000e+0 0.000000e+0 0.000000e+0
    outer loop
      vertex 1.420000e+2 9.200000e+1 0.000000e+0
      vertex 1.420000e+2 1.060000e+2 0.000000e+0
      vertex 1.420000e+2 1.060000e+2 3.000000e+0
    endloop
  endfacet
  facet normal 1.000000e+0 0.000000e+0 0.000000e+0
    outer loop
      vertex 1.420000e+2 9.200000e+1 0.000000e+0
      vertex 1.420000e+2 1.060000e+2 3.000000e+0
      vertex 1.420000e+2 9.200000e+1 3.000000e+0
    endloop
  endfacet
  facet normal 0.000000e+0 0.000000e+0 -1.000000e+0
    outer loop
      vertex 1.560000e+2 1.060000e+2 0.000000e+0
      vertex 1.600000e+2 1.060000e+2 0.000000e+0
      vertex 1.600000e+2 9.200000e+1 0.000000e+0
    endloop
  endfacet
  facet normal 0.000000e+0 0.000000e+0 -1.000000e+0
    outer loop
      vertex 1.560000e+2 1.060000e+2 0.000000e+0
      vertex 1.600000e+2 9.200000e+1 0.000000e+0
      vertex 1.560000e+2 9.200000e+1 0.000000e+0
    endloop
  endfacet
  facet normal 0.000000e+0 0.000000e+0 1.000000e+0
    outer loop
      vertex 1.560000e+2 9.200000e+1 3.000000e+0
      vertex 1.600000e+2 9.200000e+1 3.000000e+0
      vertex 1.600000e+2 1.060000e+2 3.000000e+0
    endloop
  endfacet
  facet normal 0.000000e+0 0.000000e+0 1.000000e+0
    outer loop
      vertex 1.560000e+2 9.200000e+1 3.000000e+0
      vertex 1.600000e+2 1.060000e+2 3.000000e+0
      vertex 1.560000e+2 1.060000e+2 3.000000e+0
    endloop
  endfacet
  facet normal 0.000000e+0 -1.000000e+0 0.000000e+0
    outer loop
      vertex 1.560000e+2 9.200000e+1 0.000000e+0
      vertex 1.600000e+2 9.200000e+1 0.000000e+0
      vertex 1.600000e+2 9.200000e+1 3.000000e+0
    endloop
  endfacet
  facet normal 0.000000e+0 -1.000000e+0 0.000000e+0
    outer loop
      vertex 1.560000e+2 9.200000e+1 0.000000e+0
      vertex 1.600000e+2 9.200000e+1 3.000000e+0
      vertex 1.560000e+2 9.200000e+1 3.000000e+0
    endloop
  endfacet
  facet normal 0.000000e+0 1.000000e+0 0.000000e+0
    outer loop
      vertex 1.600000e+2 1.060000e+2 0.000000e+0
      vertex 1.560000e+2 1.060000e+2 0.000000e+0
      vertex 1.560000e+2 1.060000e+2 3.000000e+0
    endloop
  endfacet
  facet normal 0.000000e+0 1.000000e+0 0.000000e+0
    outer loop
      vertex 1.600000e+2 1.060000e+2 0.000000e+0
      vertex 1.560000e+2 1.060000e+2 3.000000e+0
      vertex 1.600000e+2 1.060000e+2 3.000000e+0
    endloop
  endfacet
  facet normal -1.000000e+0 0.000000e+0 0.000000e+0
    outer loop
      vertex 1.560000e+2 1.060000e+2 0.000000e+0
      vertex 1.560000e+2 9.200000e+1 0.000000e+0
      vertex 1.560000e+2 9.200000e+1 3.000000e+0
    endloop
  endfacet
  facet normal -1.000000e+0 0.000000e+0 0.000000e+0
    outer loop
      vertex 1.560000e+2 1.060000e+2 0.000000e+0
      vertex 1.560000e+2 9.200000e+1 3.000000e+0
      vertex 1.560000e+2 1.060000e+2 3.000000e+0
    endloop
  endfacet
  facet normal 1.000000e+0 0.000000e+0 0.000000e+0
    outer loop
      vertex 1.600000e+2 9.200000e+1 0.000000e+0
      vertex 1.600000e+2 1.060000e+2 0.000000e+0
      vertex 1.600000e+2 1.060000e+2 3.000000e+0
    endloop
  endfacet
  facet normal 1.000000e+0 0.000000e+0 0.000000e+0
    outer loop
      vertex 1.600000e+2 9.200000e+1 0.000000e+0
      vertex 1.600000e+2 1.060000e+2 3.000000e+0
      vertex 1.600000e+2 9.200000e+1 3.000000e+0
    endloop
  endfacet
  facet normal 0.000000e+0 0.000000e+0 -1.000000e+0
    outer loop
      vertex 1.740000e+2 1.060000e+2 0.000000e+0
      vertex 1.780000e+2 1.060000e+2 0.000000e+0
      vertex 1.780000e+2 9.200000e+1 0.000000e+0
    endloop
  endfacet
  facet normal 0.000000e+0 0.000000e+0 -1.000000e+0
    outer loop
      vertex 1.740000e+2 1.060000e+2 0.000000e+0
      vertex 1.780000e+2 9.200000e+1 0.000000e+0
      vertex 1.740000e+2 9.200000e+1 0.000000e+0
    endloop
  endfacet
  facet normal 0.000000e+0 0.000000e+0 1.000000e+0
    outer loop
      vertex 1.740000e+2 9.200000e+1 3.000000e+0
      vertex 1.780000e+2 9.200000e+1 3.000000e+0
      vertex 1.780000e+2 1.060000e+2 3.000000e+0
    endloop
  endfacet
  facet normal 0.000000e+0 0.000000e+0 1.000000e+0
    outer loop
      vertex 1.740000e+2 9.200000e+1 3.000000e+0
      vertex 1.780000e+2 1.060000e+2 3.000000e+0
      vertex 1.740000e+2 1.060000e+2 3.000000e+0
    endloop
  endfacet
  facet normal 0.000000e+0 -1.000000e+0 0.000000e+0
    outer loop
      vertex 1.740000e+2 9.200000e+1 0.000000e+0
      vertex 1.780000e+2 9.200000e+1 0.000000e+0
      vertex 1.780000e+2 9.200000e+1 3.000000e+0
    endloop
  endfacet
  facet normal 0.000000e+0 -1.000000e+0 0.000000e+0
    outer loop
      vertex 1.740000e+2 9.200000e+1 0.000000e+0
      vertex 1.780000e+2 9.200000e+1 3.000000e+0
      vertex 1.740000e+2 9.200000e+1 3.000000e+0
    endloop
  endfacet
  facet normal 0.000000e+0 1.000000e+0 0.000000e+0
    outer loop
      vertex 1.780000e+2 1.060000e+2 0.000000e+0
      vertex 1.740000e+2 1.060000e+2 0.000000e+0
      vertex 1.740000e+2 1.060000e+2 3.000000e+0
    endloop
  endfacet
  facet normal 0.000000e+0 1.000000e+0 0.000000e+0
    outer loop
      vertex 1.780000e+2 1.060000e+2 0.000000e+0
      vertex 1.740000e+2 1.060000e+2 3.000000e+0
      vertex 1.780000e+2 1.060000e+2 3.000000e+0
    endloop
  endfacet
  facet normal -1.000000e+0 0.000000e+0 0.000000e+0
    outer loop
      vertex 1.740000e+2 1.060000e+2 0.000000e+0
      vertex 1.740000e+2 9.200000e+1 0.000000e+0
      vertex 1.740000e+2 9.200000e+1 3.000000e+0
    endloop
  endfacet
  facet normal -1.000000e+0 0.000000e+0 0.000000e+0
    outer loop
      vertex 1.740000e+2 1.060000e+2 0.000000e+0
      vertex 1.740000e+2 9.200000e+1 3.000000e+0
      vertex 1.740000e+2 1.060000e+2 3.000000e+0
    endloop
  endfacet
  facet normal 1.000000e+0 0.000000e+0 0.000000e+0
    outer loop
      vertex 1.780000e+2 9.200000e+1 0.000000e+0
      vertex 1.780000e+2 1.060000e+2 0.000000e+0
      vertex 1.780000e+2 1.060000e+2 3.000000e+0
    endloop
  endfacet
  facet normal 1.000000e+0 0.000000e+0 0.000000e+0
    outer loop
      vertex 1.780000e+2 9.200000e+1 0.000000e+0
      vertex 1.780000e+2 1.060000e+2 3.000000e+0
      vertex 1.780000e+2 9.200000e+1 3.000000e+0
    endloop
  endfacet
  facet normal 0.000000e+0 0.000000e+0 -1.000000e+0
    outer loop
      vertex 1.920000e+2 1.060000e+2 0.000000e+0
      vertex 1.960000e+2 1.060000e+2 0.000000e+0
      vertex 1.960000e+2 9.200000e+1 0.000000e+0
    endloop
  endfacet
  facet normal 0.000000e+0 0.000000e+0 -1.000000e+0
    outer loop
      vertex 1.920000e+2 1.060000e+2 0.000000e+0
      vertex 1.960000e+2 9.200000e+1 0.000000e+0
      vertex 1.920000e+2 9.200000e+1 0.000000e+0
    endloop
  endfacet
  facet normal 0.000000e+0 0.000000e+0 1.000000e+0
    outer loop
      vertex 1.920000e+2 9.200000e+1 3.000000e+0
      vertex 1.960000e+2 9.200000e+1 3.000000e+0
      vertex 1.960000e+2 1.060000e+2 3.000000e+0
    endloop
  endfacet
  facet normal 0.000000e+0 0.000000e+0 1.000000e+0
    outer loop
      vertex 1.920000e+2 9.200000e+1 3.000000e+0
      vertex 1.960000e+2 1.060000e+2 3.000000e+0
      vertex 1.920000e+2 1.060000e+2 3.000000e+0
    endloop
  endfacet
  facet normal 0.000000e+0 -1.000000e+0 0.000000e+0
    outer loop
      vertex 1.920000e+2 9.200000e+1 0.000000e+0
      vertex 1.960000e+2 9.200000e+1 0.000000e+0
      vertex 1.960000e+2 9.200000e+1 3.000000e+0
    endloop
  endfacet
  facet normal 0.000000e+0 -1.000000e+0 0.000000e+0
    outer loop
      vertex 1.920000e+2 9.200000e+1 0.000000e+0
      vertex 1.960000e+2 9.200000e+1 3.000000e+0
      vertex 1.920000e+2 9.200000e+1 3.000000e+0
    endloop
  endfacet
  facet normal 0.000000e+0 1.000000e+0 0.000000e+0
    outer loop
      vertex 1.960000e+2 1.060000e+2 0.000000e+0
      vertex 1.920000e+2 1.060000e+2 0.000000e+0
      vertex 1.920000e+2 1.060000e+2 3.000000e+0
    endloop
  endfacet
  facet normal 0.000000e+0 1.000000e+0 0.000000e+0
    outer loop
      vertex 1.960000e+2 1.060000e+2 0.000000e+0
      vertex 1.920000e+2 1.060000e+2 3.000000e+0
      vertex 1.960000e+2 1.060000e+2 3.000000e+0
    endloop
  endfacet
  facet normal -1.000000e+0 0.000000e+0 0.000000e+0
    outer loop
      vertex 1.920000e+2 1.060000e+2 0.000000e+0
      vertex 1.920000e+2 9.200000e+1 0.000000e+0
      vertex 1.920000e+2 9.200000e+1 3.000000e+0
    endloop
  endfacet
  facet normal -1.000000e+0 0.000000e+0 0.000000e+0
    outer loop
      vertex 1.920000e+2 1.060000e+2 0.000000e+0
      vertex 1.920000e+2 9.200000e+1 3.000000e+0
      vertex 1.920000e+2 1.060000e+2 3.000000e+0
    endloop
  endfacet
  facet normal 1.000000e+0 0.000000e+0 0.000000e+0
    outer loop
      vertex 1.960000e+2 9.200000e+1 0.000000e+0
      vertex 1.960000e+2 1.060000e+2 0.000000e+0
      vertex 1.960000e+2 1.060000e+2 3.000000e+0
    endloop
  endfacet
  facet normal 1.000000e+0 0.000000e+0 0.000000e+0
    outer loop
      vertex 1.960000e+2 9.200000e+1 0.000000e+0
      vertex 1.960000e+2 1.060000e+2 3.000000e+0
      vertex 1.960000e+2 9.200000e+1 3.000000e+0
    endloop
  endfacet
  facet normal 0.000000e+0 0.000000e+0 -1.000000e+0
    outer loop
      vertex 0.000000e+0 1.240000e+2 0.000000e+0
      vertex 2.000000e+0 1.240000e+2 0.000000e+0
      vertex 2.000000e+0 1.100000e+2 0.000000e+0
    endloop
  endfacet
  facet normal 0.000000e+0 0.000000e+0 -1.000000e+0
    outer loop
      vertex 0.000000e+0 1.240000e+2 0.000000e+0
      vertex 2.000000e+0 1.100000e+2 0.000000e+0
      vertex 0.000000e+0 1.100000e+2 0.000000e+0
    endloop
  endfacet
  facet normal 0.000000e+0 0.000000e+0 1.000000e+0
    outer loop
      vertex 0.000000e+0 1.100000e+2 3.000000e+0
      vertex 2.000000e+0 1.100000e+2 3.000000e+0
      vertex 2.000000e+0 1.240000e+2 3.000000e+0
    endloop
  endfacet
  facet normal 0.000000e+0 0.000000e+0 1.000000e+0
    outer loop
      vertex 0.000000e+0 1.100000e+2 3.000000e+0
      vertex 2.000000e+0 1.240000e+2 3.000000e+0
      vertex 0.000000e+0 1.240000e+2 3.000000e+0
    endloop
  endfacet
  facet normal 0.000000e+0 -1.000000e+0 0.000000e+0
    outer loop
      vertex 0.000000e+0 1.100000e+2 0.000000e+0
      vertex 2.000000e+0 1.100000e+2 0.000000e+0
      vertex 2.000000e+0 1.100000e+2 3.000000e+0
    endloop
  endfacet
  facet normal 0.000000e+0 -1.000000e+0 0.000000e+0
    outer loop
      vertex 0.000000e+0 1.100000e+2 0.000000e+0
      vertex 2.000000e+0 1.100000e+2 3.000000e+0
      vertex 0.000000e+0 1.100000e+2 3.000000e+0
    endloop
  endfacet
  facet normal 0.000000e+0 1.000000e+0 0.000000e+0
    outer loop
      vertex 2.000000e+0 1.240000e+2 0.000000e+0
      vertex 0.000000e+0 1.240000e+2 0.000000e+0
      vertex 0.000000e+0 1.240000e+2 3.000000e+0
    endloop
  endfacet
  facet normal 0.000000e+0 1.000000e+0 0.000000e+0
    outer loop
      vertex 2.000000e+0 1.240000e+2 0.000000e+0
      vertex 0.000000e+0 1.240000e+2 3.000000e+0
      vertex 2.000000e+0 1.240000e+2 3.000000e+0
    endloop
  endfacet
  facet normal -1.000000e+0 0.000000e+0 0.000000e+0
    outer loop
      vertex 0.000000e+0 1.240000e+2 0.000000e+0
      vertex 0.000000e+0 1.100000e+2 0.000000e+0
      vertex 0.000000e+0 1.100000e+2 3.000000e+0
    endloop
  endfacet
  facet normal -1.000000e+0 0.000000e+0 0.000000e+0
    outer loop
      vertex 0.000000e+0 1.240000e+2 0.000000e+0
      vertex 0.000000e+0 1.100000e+2 3.000000e+0
      vertex 0.000000e+0 1.240000e+2 3.000000e+0
    endloop
  endfacet
  facet normal 1.000000e+0 0.000000e+0 0.000000e+0
    outer loop
      vertex 2.000000e+0 1.100000e+2 0.000000e+0
      vertex 2.000000e+0 1.240000e+2 0.000000e+0
      vertex 2.000000e+0 1.240000e+2 3.000000e+0
    endloop
  endfacet
  facet normal 1.000000e+0 0.000000e+0 0.000000e+0
    outer loop
      vertex 2.000000e+0 1.100000e+2 0.000000e+0
      vertex 2.000000e+0 1.240000e+2 3.000000e+0
      vertex 2.000000e+0 1.100000e+2 3.000000e+0
    endloop
  endfacet
  facet normal 0.000000e+0 0.000000e+0 -1.000000e+0
    outer loop
      vertex 3.000000e+1 1.240000e+2 0.000000e+0
      vertex 3.400000e+1 1.240000e+2 0.000000e+0
      vertex 3.400000e+1 1.100000e+2 0.000000e+0
    endloop
  endfacet
  facet normal 0.000000e+0 0.000000e+0 -1.000000e+0
    outer loop
      vertex 3.000000e+1 1.240000e+2 0.000000e+0
      vertex 3.400000e+1 1.100000e+2 0.000000e+0
      vertex 3.000000e+1 1.100000e+2 0.000000e+0
    endloop
  endfacet
  facet normal 0.000000e+0 0.000000e+0 1.000000e+0
    outer loop
      vertex 3.000000e+1 1.100000e+2 3.000000e+0
      vertex 3.400000e+1 1.100000e+2 3.000000e+0
      vertex 3.400000e+1 1.240000e+2 3.000000e+0
    endloop
  endfacet
  facet normal 0.000000e+0 0.000000e+0 1.000000e+0
    outer loop
      vertex 3.000000e+1 1.100000e+2 3.000000e+0
      vertex 3.400000e+1 1.240000e+2 3.000000e+0
      vertex 3.000000e+1 1.240000e+2 3.000000e+0
    endloop
  endfacet
  facet normal 0.000000e+0 -1.000000e+0 0.000000e+0
    outer loop
      vertex 3.000000e+1 1.100000e+2 0.000000e+0
      vertex 3.400000e+1 1.100000e+2 0.000000e+0
      vertex 3.400000e+1 1.100000e+2 3.000000e+0
    endloop
  endfacet
  facet normal 0.000000e+0 -1.000000e+0 0.000000e+0
    outer loop
      vertex 3.000000e+1 1.100000e+2 0.000000e+0
      vertex 3.400000e+1 1.100000e+2 3.000000e+0
      vertex 3.000000e+1 1.100000e+2 3.000000e+0
    endloop
  endfacet
  facet normal 0.000000e+0 1.000000e+0 0.000000e+0
    outer loop
      vertex 3.400000e+1 1.240000e+2 0.000000e+0
      vertex 3.000000e+1 1.240000e+2 0.000000e+0
      vertex 3.000000e+1 1.240000e+2 3.000000e+0
    endloop
  endfacet
  facet normal 0.000000e+0 1.000000e+0 0.000000e+0
    outer loop
      vertex 3.400000e+1 1.240000e+2 0.000000e+0
      vertex 3.000000e+1 1.240000e+2 3.000000e+0
      vertex 3.400000e+1 1.240000e+2 3.000000e+0
    endloop
  endfacet
  facet normal -1.000000e+0 0.000000e+0 0.000000e+0
    outer loop
      vertex 3.000000e+1 1.240000e+2 0.000000e+0
      vertex 3.000000e+1 1.100000e+2 0.000000e+0
      vertex 3.000000e+1 1.100000e+2 3.000000e+0
    endloop
  endfacet
  facet normal -1.000000e+0 0.000000e+0 0.000000e+0
    outer loop
      vertex 3.000000e+1 1.240000e+2 0.000000e+0
      vertex 3.000000e+1 1.100000e+2 3.000000e+0
      vertex 3.000000e+1 1.240000e+2 3.000000e+0
    endloop
  endfacet
  facet normal 1.000000e+0 0.000000e+0 0.000000e+0
    outer loop
      vertex 3.400000e+1 1.100000e+2 0.000000e+0
      vertex 3.400000e+1 1.240000e+2 0.000000e+0
      vertex 3.400000e+1 1.240000e+2 3.000000e+0
    endloop
  endfacet
  facet normal 1.000000e+0 0.000000e+0 0.000000e+0
    outer loop
      vertex 3.400000e+1 1.100000e+2 0.000000e+0
      vertex 3.400000e+1 1.240000e+2 3.000000e+0
      vertex 3.400000e+1 1.100000e+2 3.000000e+0
    endloop
  endfacet
  facet normal 0.000000e+0 0.000000e+0 -1.000000e+0
    outer loop
      vertex 4.800000e+1 1.240000e+2 0.000000e+0
      vertex 5.200000e+1 1.240000e+2 0.000000e+0
      vertex 5.200000e+1 1.100000e+2 0.000000e+0
    endloop
  endfacet
  facet normal 0.000000e+0 0.000000e+0 -1.000000e+0
    outer loop
      vertex 4.800000e+1 1.240000e+2 0.000000e+0
      vertex 5.200000e+1 1.100000e+2 0.000000e+0
      vertex 4.800000e+1 1.100000e+2 0.000000e+0
    endloop
  endfacet
  facet normal 0.000000e+0 0.000000e+0 1.000000e+0
    outer loop
      vertex 4.800000e+1 1.100000e+2 3.000000e+0
      vertex 5.200000e+1 1.100000e+2 3.000000e+0
      vertex 5.200000e+1 1.240000e+2 3.000000e+0
    endloop
  endfacet
  facet normal 0.000000e+0 0.000000e+0 1.000000e+0
    outer loop
      vertex 4.800000e+1 1.100000e+2 3.000000e+0
      vertex 5.200000e+1 1.240000e+2 3.000000e+0
      vertex 4.800000e+1 1.240000e+2 3.000000e+0
    endloop
  endfacet
  facet normal 0.000000e+0 -1.000000e+0 0.000000e+0
    outer loop
      vertex 4.800000e+1 1.100000e+2 0.000000e+0
      vertex 5.200000e+1 1.100000e+2 0.000000e+0
      vertex 5.200000e+1 1.100000e+2 3.000000e+0
    endloop
  endfacet
  facet normal 0.000000e+0 -1.000000e+0 0.000000e+0
    outer loop
      vertex 4.800000e+1 1.100000e+2 0.000000e+0
      vertex 5.200000e+1 1.100000e+2 3.000000e+0
      vertex 4.800000e+1 1.100000e+2 3.000000e+0
    endloop
  endfacet
  facet normal 0.000000e+0 1.000000e+0 0.000000e+0
    outer loop
      vertex 5.200000e+1 1.240000e+2 0.000000e+0
      vertex 4.800000e+1 1.240000e+2 0.000000e+0
      vertex 4.800000e+1 1.240000e+2 3.000000e+0
    endloop
  endfacet
  facet normal 0.000000e+0 1.000000e+0 0.000000e+0
    outer loop
      vertex 5.200000e+1 1.240000e+2 0.000000e+0
      vertex 4.800000e+1 1.240000e+2 3.000000e+0
      vertex 5.200000e+1 1.240000e+2 3.000000e+0
    endloop
  endfacet
  facet normal -1.000000e+0 0.000000e+0 0.000000e+0
    outer loop
      vertex 4.800000e+1 1.240000e+2 0.000000e+0
      vertex 4.800000e+1 1.100000e+2 0.000000e+0
      vertex 4.800000e+1 1.100000e+2 3.000000e+0
    endloop
  endfacet
  facet normal -1.000000e+0 0.000000e+0 0.000000e+0
    outer loop
      vertex 4.800000e+1 1.240000e+2 0.000000e+0
      vertex 4.800000e+1 1.100000e+2 3.000000e+0
      vertex 4.800000e+1 1.240000e+2 3.000000e+0
    endloop
  endfacet
  facet normal 1.000000e+0 0.000000e+0 0.000000e+0
    outer loop
      vertex 5.200000e+1 1.100000e+2 0.000000e+0
      vertex 5.200000e+1 1.240000e+2 0.000000e+0
      vertex 5.200000e+1 1.240000e+2 3.000000e+0
    endloop
  endfacet
  facet normal 1.000000e+0 0.000000e+0 0.000000e+0
    outer loop
      vertex 5.200000e+1 1.100000e+2 0.000000e+0
      vertex 5.200000e+1 1.240000e+2 3.000000e+0
      vertex 5.200000e+1 1.100000e+2 3.000000e+0
    endloop
  endfacet
  facet normal 0.000000e+0 0.000000e+0 -1.000000e+0
    outer loop
      vertex 6.600000e+1 1.240000e+2 0.000000e+0
      vertex 7.000000e+1 1.240000e+2 0.000000e+0
      vertex 7.000000e+1 1.100000e+2 0.000000e+0
    endloop
  endfacet
  facet normal 0.000000e+0 0.000000e+0 -1.000000e+0
    outer loop
      vertex 6.600000e+1 1.240000e+2 0.000000e+0
      vertex 7.000000e+1 1.100000e+2 0.000000e+0
      vertex 6.600000e+1 1.100000e+2 0.000000e+0
    endloop
  endfacet
  facet normal 0.000000e+0 0.000000e+0 1.000000e+0
    outer loop
      vertex 6.600000e+1 1.100000e+2 3.000000e+0
      vertex 7.000000e+1 1.100000e+2 3.000000e+0
      vertex 7.000000e+1 1.240000e+2 3.000000e+0
    endloop
  endfacet
  facet normal 0.000000e+0 0.000000e+0 1.000000e+0
    outer loop
      vertex 6.600000e+1 1.100000e+2 3.000000e+0
      vertex 7.000000e+1 1.240000e+2 3.000000e+0
      vertex 6.600000e+1 1.240000e+2 3.000000e+0
    endloop
  endfacet
  facet normal 0.000000e+0 -1.000000e+0 0.000000e+0
    outer loop
      vertex 6.600000e+1 1.100000e+2 0.000000e+0
      vertex 7.000000e+1 1.100000e+2 0.000000e+0
      vertex 7.000000e+1 1.100000e+2 3.000000e+0
    endloop
  endfacet
  facet normal 0.000000e+0 -1.000000e+0 0.000000e+0
    outer loop
      vertex 6.600000e+1 1.100000e+2 0.000000e+0
      vertex 7.000000e+1 1.100000e+2 3.000000e+0
      vertex 6.600000e+1 1.100000e+2 3.000000e+0
    endloop
  endfacet
  facet normal 0.000000e+0 1.000000e+0 0.000000e+0
    outer loop
      vertex 7.000000e+1 1.240000e+2 0.000000e+0
      vertex 6.600000e+1 1.240000e+2 0.000000e+0
      vertex 6.600000e+1 1.240000e+2 3.000000e+0
    endloop
  endfacet
  facet normal 0.000000e+0 1.000000e+0 0.000000e+0
    outer loop
      vertex 7.000000e+1 1.240000e+2 0.000000e+0
      vertex 6.600000e+1 1.240000e+2 3.000000e+0
      vertex 7.000000e+1 1.240000e+2 3.000000e+0
    endloop
  endfacet
  facet normal -1.000000e+0 0.000000e+0 0.000000e+0
    outer loop
      vertex 6.600000e+1 1.240000e+2 0.000000e+0
      vertex 6.600000e+1 1.100000e+2 0.000000e+0
      vertex 6.600000e+1 1.100000e+2 3.000000e+0
    endloop
  endfacet
  facet normal -1.000000e+0 0.000000e+0 0.000000e+0
    outer loop
      vertex 6.600000e+1 1.240000e+2 0.000000e+0
      vertex 6.600000e+1 1.100000e+2 3.000000e+0
      vertex 6.600000e+1 1.240000e+2 3.000000e+0
    endloop
  endfacet
  facet normal 1.000000e+0 0.000000e+0 0.000000e+0
    outer loop
      vertex 7.000000e+1 1.100000e+2 0.000000e+0
      vertex 7.000000e+1 1.240000e+2 0.000000e+0
      vertex 7.000000e+1 1.240000e+2 3.000000e+0
    endloop
  endfacet
  facet normal 1.000000e+0 0.000000e+0 0.000000e+0
    outer loop
      vertex 7.000000e+1 1.100000e+2 0.000000e+0
      vertex 7.000000e+1 1.240000e+2 3.000000e+0
      vertex 7.000000e+1 1.100000e+2 3.000000e+0
    endloop
  endfacet
  facet normal 0.000000e+0 0.000000e+0 -1.000000e+0
    outer loop
      vertex 8.400000e+1 1.240000e+2 0.000000e+0
      vertex 8.800000e+1 1.240000e+2 0.000000e+0
      vertex 8.800000e+1 1.100000e+2 0.000000e+0
    endloop
  endfacet
  facet normal 0.000000e+0 0.000000e+0 -1.000000e+0
    outer loop
      vertex 8.400000e+1 1.240000e+2 0.000000e+0
      vertex 8.800000e+1 1.100000e+2 0.000000e+0
      vertex 8.400000e+1 1.100000e+2 0.000000e+0
    endloop
  endfacet
  facet normal 0.000000e+0 0.000000e+0 1.000000e+0
    outer loop
      vertex 8.400000e+1 1.100000e+2 3.000000e+0
      vertex 8.800000e+1 1.100000e+2 3.000000e+0
      vertex 8.800000e+1 1.240000e+2 3.000000e+0
    endloop
  endfacet
  facet normal 0.000000e+0 0.000000e+0 1.000000e+0
    outer loop
      vertex 8.400000e+1 1.100000e+2 3.000000e+0
      vertex 8.800000e+1 1.240000e+2 3.000000e+0
      vertex 8.400000e+1 1.240000e+2 3.000000e+0
    endloop
  endfacet
  facet normal 0.000000e+0 -1.000000e+0 0.000000e+0
    outer loop
      vertex 8.400000e+1 1.100000e+2 0.000000e+0
      vertex 8.800000e+1 1.100000e+2 0.000000e+0
      vertex 8.800000e+1 1.100000e+2 3.000000e+0
    endloop
  endfacet
  facet normal 0.000000e+0 -1.000000e+0 0.000000e+0
    outer loop
      vertex 8.400000e+1 1.100000e+2 0.000000e+0
      vertex 8.800000e+1 1.100000e+2 3.000000e+0
      vertex 8.400000e+1 1.100000e+2 3.000000e+0
    endloop
  endfacet
  facet normal 0.000000e+0 1.000000e+0 0.000000e+0
    outer loop
      vertex 8.800000e+1 1.240000e+2 0.000000e+0
      vertex 8.400000e+1 1.240000e+2 0.000000e+0
      vertex 8.400000e+1 1.240000e+2 3.000000e+0
    endloop
  endfacet
  facet normal 0.000000e+0 1.000000e+0 0.000000e+0
    outer loop
      vertex 8.800000e+1 1.240000e+2 0.000000e+0
      vertex 8.400000e+1 1.240000e+2 3.000000e+0
      vertex 8.800000e+1 1.240000e+2 3.000000e+0
    endloop
  endfacet
  facet normal -1.000000e+0 0.000000e+0 0.000000e+0
    outer loop
      vertex 8.400000e+1 1.240000e+2 0.000000e+0
      vertex 8.400000e+1 1.100000e+2 0.000000e+0
      vertex 8.400000e+1 1.100000e+2 3.000000e+0
    endloop
  endfacet
  facet normal -1.000000e+0 0.000000e+0 0.000000e+0
    outer loop
      vertex 8.400000e+1 1.240000e+2 0.000000e+0
      vertex 8.400000e+1 1.100000e+2 3.000000e+0
      vertex 8.400000e+1 1.240000e+2 3.000000e+0
    endloop
  endfacet
  facet normal 1.000000e+0 0.000000e+0 0.000000e+0
    outer loop
      vertex 8.800000e+1 1.100000e+2 0.000000e+0
      vertex 8.800000e+1 1.240000e+2 0.000000e+0
      vertex 8.800000e+1 1.240000e+2 3.000000e+0
    endloop
  endfacet
  facet normal 1.000000e+0 0.000000e+0 0.000000e+0
    outer loop
      vertex 8.800000e+1 1.100000e+2 0.000000e+0
      vertex 8.800000e+1 1.240000e+2 3.000000e+0
      vertex 8.800000e+1 1.100000e+2 3.000000e+0
    endloop
  endfacet
  facet normal 0.000000e+0 0.000000e+0 -1.000000e+0
    outer loop
      vertex 1.020000e+2 1.240000e+2 0.000000e+0
      vertex 1.060000e+2 1.240000e+2 0.000000e+0
      vertex 1.060000e+2 1.100000e+2 0.000000e+0
    endloop
  endfacet
  facet normal 0.000000e+0 0.000000e+0 -1.000000e+0
    outer loop
      vertex 1.020000e+2 1.240000e+2 0.000000e+0
      vertex 1.060000e+2 1.100000e+2 0.000000e+0
      vertex 1.020000e+2 1.100000e+2 0.000000e+0
    endloop
  endfacet
  facet normal 0.000000e+0 0.000000e+0 1.000000e+0
    outer loop
      vertex 1.020000e+2 1.100000e+2 3.000000e+0
      vertex 1.060000e+2 1.100000e+2 3.000000e+0
      vertex 1.060000e+2 1.240000e+2 3.000000e+0
    endloop
  endfacet
  facet normal 0.000000e+0 0.000000e+0 1.000000e+0
    outer loop
      vertex 1.020000e+2 1.100000e+2 3.000000e+0
      vertex 1.060000e+2 1.240000e+2 3.000000e+0
      vertex 1.020000e+2 1.240000e+2 3.000000e+0
    endloop
  endfacet
  facet normal 0.000000e+0 -1.000000e+0 0.000000e+0
    outer loop
      vertex 1.020000e+2 1.100000e+2 0.000000e+0
      vertex 1.060000e+2 1.100000e+2 0.000000e+0
      vertex 1.060000e+2 1.100000e+2 3.000000e+0
    endloop
  endfacet
  facet normal 0.000000e+0 -1.000000e+0 0.000000e+0
    outer loop
      vertex 1.020000e+2 1.100000e+2 0.000000e+0
      vertex 1.060000e+2 1.100000e+2 3.000000e+0
      vertex 1.020000e+2 1.100000e+2 3.000000e+0
    endloop
  endfacet
  facet normal 0.000000e+0 1.000000e+0 0.000000e+0
    outer loop
      vertex 1.060000e+2 1.240000e+2 0.000000e+0
      vertex 1.020000e+2 1.240000e+2 0.000000e+0
      vertex 1.020000e+2 1.240000e+2 3.000000e+0
    endloop
  endfacet
  facet normal 0.000000e+0 1.000000e+0 0.000000e+0
    outer loop
      vertex 1.060000e+2 1.240000e+2 0.000000e+0
      vertex 1.020000e+2 1.240000e+2 3.000000e+0
      vertex 1.060000e+2 1.240000e+2 3.000000e+0
    endloop
  endfacet
  facet normal -1.000000e+0 0.000000e+0 0.000000e+0
    outer loop
      vertex 1.020000e+2 1.240000e+2 0.000000e+0
      vertex 1.020000e+2 1.100000e+2 0.000000e+0
      vertex 1.020000e+2 1.100000e+2 3.000000e+0
    endloop
  endfacet
  facet normal -1.000000e+0 0.000000e+0 0.000000e+0
    outer loop
      vertex 1.020000e+2 1.240000e+2 0.000000e+0
      vertex 1.020000e+2 1.100000e+2 3.000000e+0
      vertex 1.020000e+2 1.240000e+2 3.000000e+0
    endloop
  endfacet
  facet normal 1.000000e+0 0.000000e+0 0.000000e+0
    outer loop
      vertex 1.060000e+2 1.100000e+2 0.000000e+0
      vertex 1.060000e+2 1.240000e+2 0.000000e+0
      vertex 1.060000e+2 1.240000e+2 3.000000e+0
    endloop
  endfacet
  facet normal 1.000000e+0 0.000000e+0 0.000000e+0
    outer loop
      vertex 1.060000e+2 1.100000e+2 0.000000e+0
      vertex 1.060000e+2 1.240000e+2 3.000000e+0
      vertex 1.060000e+2 1.100000e+2 3.000000e+0
    endloop
  endfacet
  facet normal 0.000000e+0 0.000000e+0 -1.000000e+0
    outer loop
      vertex 1.200000e+2 1.240000e+2 0.000000e+0
      vertex 1.240000e+2 1.240000e+2 0.000000e+0
      vertex 1.240000e+2 1.100000e+2 0.000000e+0
    endloop
  endfacet
  facet normal 0.000000e+0 0.000000e+0 -1.000000e+0
    outer loop
      vertex 1.200000e+2 1.240000e+2 0.000000e+0
      vertex 1.240000e+2 1.100000e+2 0.000000e+0
      vertex 1.200000e+2 1.100000e+2 0.000000e+0
    endloop
  endfacet
  facet normal 0.000000e+0 0.000000e+0 1.000000e+0
    outer loop
      vertex 1.200000e+2 1.100000e+2 3.000000e+0
      vertex 1.240000e+2 1.100000e+2 3.000000e+0
      vertex 1.240000e+2 1.240000e+2 3.000000e+0
    endloop
  endfacet
  facet normal 0.000000e+0 0.000000e+0 1.000000e+0
    outer loop
      vertex 1.200000e+2 1.100000e+2 3.000000e+0
      vertex 1.240000e+2 1.240000e+2 3.000000e+0
      vertex 1.200000e+2 1.240000e+2 3.000000e+0
    endloop
  endfacet
  facet normal 0.000000e+0 -1.000000e+0 0.000000e+0
    outer loop
      vertex 1.200000e+2 1.100000e+2 0.000000e+0
      vertex 1.240000e+2 1.100000e+2 0.000000e+0
      vertex 1.240000e+2 1.100000e+2 3.000000e+0
    endloop
  endfacet
  facet normal 0.000000e+0 -1.000000e+0 0.000000e+0
    outer loop
      vertex 1.200000e+2 1.100000e+2 0.000000e+0
      vertex 1.240000e+2 1.100000e+2 3.000000e+0
      vertex 1.200000e+2 1.100000e+2 3.000000e+0
    endloop
  endfacet
  facet normal 0.000000e+0 1.000000e+0 0.000000e+0
    outer loop
      vertex 1.240000e+2 1.240000e+2 0.000000e+0
      vertex 1.200000e+2 1.240000e+2 0.000000e+0
      vertex 1.200000e+2 1.240000e+2 3.000000e+0
    endloop
  endfacet
  facet normal 0.000000e+0 1.000000e+0 0.000000e+0
    outer loop
      vertex 1.240000e+2 1.240000e+2 0.000000e+0
      vertex 1.200000e+2 1.240000e+2 3.000000e+0
      vertex 1.240000e+2 1.240000e+2 3.000000e+0
    endloop
  endfacet
  facet normal -1.000000e+0 0.000000e+0 0.000000e+0
    outer loop
      vertex 1.200000e+2 1.240000e+2 0.000000e+0
      vertex 1.200000e+2 1.100000e+2 0.000000e+0
      vertex 1.200000e+2 1.100000e+2 3.000000e+0
    endloop
  endfacet
  facet normal -1.000000e+0 0.000000e+0 0.000000e+0
    outer loop
      vertex 1.200000e+2 1.240000e+2 0.000000e+0
      vertex 1.200000e+2 1.100000e+2 3.000000e+0
      vertex 1.200000e+2 1.240000e+2 3.000000e+0
    endloop
  endfacet
  facet normal 1.000000e+0 0.000000e+0 0.000000e+0
    outer loop
      vertex 1.240000e+2 1.100000e+2 0.000000e+0
      vertex 1.240000e+2 1.240000e+2 0.000000e+0
      vertex 1.240000e+2 1.240000e+2 3.000000e+0
    endloop
  endfacet
  facet normal 1.000000e+0 0.000000e+0 0.000000e+0
    outer loop
      vertex 1.240000e+2 1.100000e+2 0.000000e+0
      vertex 1.240000e+2 1.240000e+2 3.000000e+0
      vertex 1.240000e+2 1.100000e+2 3.000000e+0
    endloop
  endfacet
  facet normal 0.000000e+0 0.000000e+0 -1.000000e+0
    outer loop
      vertex 1.380000e+2 1.240000e+2 0.000000e+0
      vertex 1.420000e+2 1.240000e+2 0.000000e+0
      vertex 1.420000e+2 1.100000e+2 0.000000e+0
    endloop
  endfacet
  facet normal 0.000000e+0 0.000000e+0 -1.000000e+0
    outer loop
      vertex 1.380000e+2 1.240000e+2 0.000000e+0
      vertex 1.420000e+2 1.100000e+2 0.000000e+0
      vertex 1.380000e+2 1.100000e+2 0.000000e+0
    endloop
  endfacet
  facet normal 0.000000e+0 0.000000e+0 1.000000e+0
    outer loop
      vertex 1.380000e+2 1.100000e+2 3.000000e+0
      vertex 1.420000e+2 1.100000e+2 3.000000e+0
      vertex 1.420000e+2 1.240000e+2 3.000000e+0
    endloop
  endfacet
  facet normal 0.000000e+0 0.000000e+0 1.000000e+0
    outer loop
      vertex 1.380000e+2 1.100000e+2 3.000000e+0
      vertex 1.420000e+2 1.240000e+2 3.000000e+0
      vertex 1.380000e+2 1.240000e+2 3.000000e+0
    endloop
  endfacet
  facet normal 0.000000e+0 -1.000000e+0 0.000000e+0
    outer loop
      vertex 1.380000e+2 1.100000e+2 0.000000e+0
      vertex 1.420000e+2 1.100000e+2 0.000000e+0
      vertex 1.420000e+2 1.100000e+2 3.000000e+0
    endloop
  endfacet
  facet normal 0.000000e+0 -1.000000e+0 0.000000e+0
    outer loop
      vertex 1.380000e+2 1.100000e+2 0.000000e+0
      vertex 1.420000e+2 1.100000e+2 3.000000e+0
      vertex 1.380000e+2 1.100000e+2 3.000000e+0
    endloop
  endfacet
  facet normal 0.000000e+0 1.000000e+0 0.000000e+0
    outer loop
      vertex 1.420000e+2 1.240000e+2 0.000000e+0
      vertex 1.380000e+2 1.240000e+2 0.000000e+0
      vertex 1.380000e+2 1.240000e+2 3.000000e+0
    endloop
  endfacet
  facet normal 0.000000e+0 1.000000e+0 0.000000e+0
    outer loop
      vertex 1.420000e+2 1.240000e+2 0.000000e+0
      vertex 1.380000e+2 1.240000e+2 3.000000e+0
      vertex 1.420000e+2 1.240000e+2 3.000000e+0
    endloop
  endfacet
  facet normal -1.000000e+0 0.000000e+0 0.000000e+0
    outer loop
      vertex 1.380000e+2 1.240000e+2 0.000000e+0
      vertex 1.380000e+2 1.100000e+2 0.000000e+0
      vertex 1.380000e+2 1.100000e+2 3.000000e+0
    endloop
  endfacet
  facet normal -1.000000e+0 0.000000e+0 0.000000e+0
    outer loop
      vertex 1.380000e+2 1.240000e+2 0.000000e+0
      vertex 1.380000e+2 1.100000e+2 3.000000e+0
      vertex 1.380000e+2 1.240000e+2 3.000000e+0
    endloop
  endfacet
  facet normal 1.000000e+0 0.000000e+0 0.000000e+0
    outer loop
      vertex 1.420000e+2 1.100000e+2 0.000000e+0
      vertex 1.420000e+2 1.240000e+2 0.000000e+0
      vertex 1.420000e+2 1.240000e+2 3.000000e+0
    endloop
  endfacet
  facet normal 1.000000e+0 0.000000e+0 0.000000e+0
    outer loop
      vertex 1.420000e+2 1.100000e+2 0.000000e+0
      vertex 1.420000e+2 1.240000e+2 3.000000e+0
      vertex 1.420000e+2 1.100000e+2 3.000000e+0
    endloop
  endfacet
  facet normal 0.000000e+0 0.000000e+0 -1.000000e+0
    outer loop
      vertex 1.560000e+2 1.240000e+2 0.000000e+0
      vertex 1.600000e+2 1.240000e+2 0.000000e+0
      vertex 1.600000e+2 1.100000e+2 0.000000e+0
    endloop
  endfacet
  facet normal 0.000000e+0 0.000000e+0 -1.000000e+0
    outer loop
      vertex 1.560000e+2 1.240000e+2 0.000000e+0
      vertex 1.600000e+2 1.100000e+2 0.000000e+0
      vertex 1.560000e+2 1.100000e+2 0.000000e+0
    endloop
  endfacet
  facet normal 0.000000e+0 0.000000e+0 1.000000e+0
    outer loop
      vertex 1.560000e+2 1.100000e+2 3.000000e+0
      vertex 1.600000e+2 1.100000e+2 3.000000e+0
      vertex 1.600000e+2 1.240000e+2 3.000000e+0
    endloop
  endfacet
  facet normal 0.000000e+0 0.000000e+0 1.000000e+0
    outer loop
      vertex 1.560000e+2 1.100000e+2 3.000000e+0
      vertex 1.600000e+2 1.240000e+2 3.000000e+0
      vertex 1.560000e+2 1.240000e+2 3.000000e+0
    endloop
  endfacet
  facet normal 0.000000e+0 -1.000000e+0 0.000000e+0
    outer loop
      vertex 1.560000e+2 1.100000e+2 0.000000e+0
      vertex 1.600000e+2 1.100000e+2 0.000000e+0
      vertex 1.600000e+2 1.100000e+2 3.000000e+0
    endloop
  endfacet
  facet normal 0.000000e+0 -1.000000e+0 0.000000e+0
    outer loop
      vertex 1.560000e+2 1.100000e+2 0.000000e+0
      vertex 1.600000e+2 1.100000e+2 3.000000e+0
      vertex 1.560000e+2 1.100000e+2 3.000000e+0
    endloop
  endfacet
  facet normal 0.000000e+0 1.000000e+0 0.000000e+0
    outer loop
      vertex 1.600000e+2 1.240000e+2 0.000000e+0
      vertex 1.560000e+2 1.240000e+2 0.000000e+0
      vertex 1.560000e+2 1.240000e+2 3.000000e+0
    endloop
  endfacet
  facet normal 0.000000e+0 1.000000e+0 0.000000e+0
    outer loop
      vertex 1.600000e+2 1.240000e+2 0.000000e+0
      vertex 1.560000e+2 1.240000e+2 3.000000e+0
      vertex 1.600000e+2 1.240000e+2 3.000000e+0
    endloop
  endfacet
  facet normal -1.000000e+0 0.000000e+0 0.000000e+0
    outer loop
      vertex 1.560000e+2 1.240000e+2 0.000000e+0
      vertex 1.560000e+2 1.100000e+2 0.000000e+0
      vertex 1.560000e+2 1.100000e+2 3.000000e+0
    endloop
  endfacet
  facet normal -1.000000e+0 0.000000e+0 0.000000e+0
    outer loop
      vertex 1.560000e+2 1.240000e+2 0.000000e+0
      vertex 1.560000e+2 1.100000e+2 3.000000e+0
      vertex 1.560000e+2 1.240000e+2 3.000000e+0
    endloop
  endfacet
  facet normal 1.000000e+0 0.000000e+0 0.000000e+0
    outer loop
      vertex 1.600000e+2 1.100000e+2 0.000000e+0
      vertex 1.600000e+2 1.240000e+2 0.000000e+0
      vertex 1.600000e+2 1.240000e+2 3.000000e+0
    endloop
  endfacet
  facet normal 1.000000e+0 0.000000e+0 0.000000e+0
    outer loop
      vertex 1.600000e+2 1.100000e+2 0.000000e+0
      vertex 1.600000e+2 1.240000e+2 3.000000e+0
      vertex 1.600000e+2 1.100000e+2 3.000000e+0
    endloop
  endfacet
  facet normal 0.000000e+0 0.000000e+0 -1.000000e+0
    outer loop
      vertex 1.740000e+2 1.240000e+2 0.000000e+0
      vertex 1.780000e+2 1.240000e+2 0.000000e+0
      vertex 1.780000e+2 1.100000e+2 0.000000e+0
    endloop
  endfacet
  facet normal 0.000000e+0 0.000000e+0 -1.000000e+0
    outer loop
      vertex 1.740000e+2 1.240000e+2 0.000000e+0
      vertex 1.780000e+2 1.100000e+2 0.000000e+0
      vertex 1.740000e+2 1.100000e+2 0.000000e+0
    endloop
  endfacet
  facet normal 0.000000e+0 0.000000e+0 1.000000e+0
    outer loop
      vertex 1.740000e+2 1.100000e+2 3.000000e+0
      vertex 1.780000e+2 1.100000e+2 3.000000e+0
      vertex 1.780000e+2 1.240000e+2 3.000000e+0
    endloop
  endfacet
  facet normal 0.000000e+0 0.000000e+0 1.000000e+0
    outer loop
      vertex 1.740000e+2 1.100000e+2 3.000000e+0
      vertex 1.780000e+2 1.240000e+2 3.000000e+0
      vertex 1.740000e+2 1.240000e+2 3.000000e+0
    endloop
  endfacet
  facet normal 0.000000e+0 -1.000000e+0 0.000000e+0
    outer loop
      vertex 1.740000e+2 1.100000e+2 0.000000e+0
      vertex 1.780000e+2 1.100000e+2 0.000000e+0
      vertex 1.780000e+2 1.100000e+2 3.000000e+0
    endloop
  endfacet
  facet normal 0.000000e+0 -1.000000e+0 0.000000e+0
    outer loop
      vertex 1.740000e+2 1.100000e+2 0.000000e+0
      vertex 1.780000e+2 1.100000e+2 3.000000e+0
      vertex 1.740000e+2 1.100000e+2 3.000000e+0
    endloop
  endfacet
  facet normal 0.000000e+0 1.000000e+0 0.000000e+0
    outer loop
      vertex 1.780000e+2 1.240000e+2 0.000000e+0
      vertex 1.740000e+2 1.240000e+2 0.000000e+0
      vertex 1.740000e+2 1.240000e+2 3.000000e+0
    endloop
  endfacet
  facet normal 0.000000e+0 1.000000e+0 0.000000e+0
    outer loop
      vertex 1.780000e+2 1.240000e+2 0.000000e+0
      vertex 1.740000e+2 1.240000e+2 3.000000e+0
      vertex 1.780000e+2 1.240000e+2 3.000000e+0
    endloop
  endfacet
  facet normal -1.000000e+0 0.000000e+0 0.000000e+0
    outer loop
      vertex 1.740000e+2 1.240000e+2 0.000000e+0
      vertex 1.740000e+2 1.100000e+2 0.000000e+0
      vertex 1.740000e+2 1.100000e+2 3.000000e+0
    endloop
  endfacet
  facet normal -1.000000e+0 0.000000e+0 0.000000e+0
    outer loop
      vertex 1.740000e+2 1.240000e+2 0.000000e+0
      vertex 1.740000e+2 1.100000e+2 3.000000e+0
      vertex 1.740000e+2 1.240000e+2 3.000000e+0
    endloop
  endfacet
  facet normal 1.000000e+0 0.000000e+0 0.000000e+0
    outer loop
      vertex 1.780000e+2 1.100000e+2 0.000000e+0
      vertex 1.780000e+2 1.240000e+2 0.000000e+0
      vertex 1.780000e+2 1.240000e+2 3.000000e+0
    endloop
  endfacet
  facet normal 1.000000e+0 0.000000e+0 0.000000e+0
    outer loop
      vertex 1.780000e+2 1.100000e+2 0.000000e+0
      vertex 1.780000e+2 1.240000e+2 3.000000e+0
      vertex 1.780000e+2 1.100000e+2 3.000000e+0
    endloop
  endfacet
  facet normal 0.000000e+0 0.000000e+0 -1.000000e+0
    outer loop
      vertex 1.920000e+2 1.240000e+2 0.000000e+0
      vertex 1.960000e+2 1.240000e+2 0.000000e+0
      vertex 1.960000e+2 1.100000e+2 0.000000e+0
    endloop
  endfacet
  facet normal 0.000000e+0 0.000000e+0 -1.000000e+0
    outer loop
      vertex 1.920000e+2 1.240000e+2 0.000000e+0
      vertex 1.960000e+2 1.100000e+2 0.000000e+0
      vertex 1.920000e+2 1.100000e+2 0.000000e+0
    endloop
  endfacet
  facet normal 0.000000e+0 0.000000e+0 1.000000e+0
    outer loop
      vertex 1.920000e+2 1.100000e+2 3.000000e+0
      vertex 1.960000e+2 1.100000e+2 3.000000e+0
      vertex 1.960000e+2 1.240000e+2 3.000000e+0
    endloop
  endfacet
  facet normal 0.000000e+0 0.000000e+0 1.000000e+0
    outer loop
      vertex 1.920000e+2 1.100000e+2 3.000000e+0
      vertex 1.960000e+2 1.240000e+2 3.000000e+0
      vertex 1.920000e+2 1.240000e+2 3.000000e+0
    endloop
  endfacet
  facet normal 0.000000e+0 -1.000000e+0 0.000000e+0
    outer loop
      vertex 1.920000e+2 1.100000e+2 0.000000e+0
      vertex 1.960000e+2 1.100000e+2 0.000000e+0
      vertex 1.960000e+2 1.100000e+2 3.000000e+0
    endloop
  endfacet
  facet normal 0.000000e+0 -1.000000e+0 0.000000e+0
    outer loop
      vertex 1.920000e+2 1.100000e+2 0.000000e+0
      vertex 1.960000e+2 1.100000e+2 3.000000e+0
      vertex 1.920000e+2 1.100000e+2 3.000000e+0
    endloop
  endfacet
  facet normal 0.000000e+0 1.000000e+0 0.000000e+0
    outer loop
      vertex 1.960000e+2 1.240000e+2 0.000000e+0
      vertex 1.920000e+2 1.240000e+2 0.000000e+0
      vertex 1.920000e+2 1.240000e+2 3.000000e+0
    endloop
  endfacet
  facet normal 0.000000e+0 1.000000e+0 0.000000e+0
    outer loop
      vertex 1.960000e+2 1.240000e+2 0.000000e+0
      vertex 1.920000e+2 1.240000e+2 3.000000e+0
      vertex 1.960000e+2 1.240000e+2 3.000000e+0
    endloop
  endfacet
  facet normal -1.000000e+0 0.000000e+0 0.000000e+0
    outer loop
      vertex 1.920000e+2 1.240000e+2 0.000000e+0
      vertex 1.920000e+2 1.100000e+2 0.000000e+0
      vertex 1.920000e+2 1.100000e+2 3.000000e+0
    endloop
  endfacet
  facet normal -1.000000e+0 0.000000e+0 0.000000e+0
    outer loop
      vertex 1.920000e+2 1.240000e+2 0.000000e+0
      vertex 1.920000e+2 1.100000e+2 3.000000e+0
      vertex 1.920000e+2 1.240000e+2 3.000000e+0
    endloop
  endfacet
  facet normal 1.000000e+0 0.000000e+0 0.000000e+0
    outer loop
      vertex 1.960000e+2 1.100000e+2 0.000000e+0
      vertex 1.960000e+2 1.240000e+2 0.000000e+0
      vertex 1.960000e+2 1.240000e+2 3.000000e+0
    endloop
  endfacet
  facet normal 1.000000e+0 0.000000e+0 0.000000e+0
    outer loop
      vertex 1.960000e+2 1.100000e+2 0.000000e+0
      vertex 1.960000e+2 1.240000e+2 3.000000e+0
      vertex 1.960000e+2 1.100000e+2 3.000000e+0
    endloop
  endfacet
  facet normal 0.000000e+0 0.000000e+0 -1.000000e+0
    outer loop
      vertex 0.000000e+0 1.420000e+2 0.000000e+0
      vertex 2.000000e+0 1.420000e+2 0.000000e+0
      vertex 2.000000e+0 1.280000e+2 0.000000e+0
    endloop
  endfacet
  facet normal 0.000000e+0 0.000000e+0 -1.000000e+0
    outer loop
      vertex 0.000000e+0 1.420000e+2 0.000000e+0
      vertex 2.000000e+0 1.280000e+2 0.000000e+0
      vertex 0.000000e+0 1.280000e+2 0.000000e+0
    endloop
  endfacet
  facet normal 0.000000e+0 0.000000e+0 1.000000e+0
    outer loop
      vertex 0.000000e+0 1.280000e+2 3.000000e+0
      vertex 2.000000e+0 1.280000e+2 3.000000e+0
      vertex 2.000000e+0 1.420000e+2 3.000000e+0
    endloop
  endfacet
  facet normal 0.000000e+0 0.000000e+0 1.000000e+0
    outer loop
      vertex 0.000000e+0 1.280000e+2 3.000000e+0
      vertex 2.000000e+0 1.420000e+2 3.000000e+0
      vertex 0.000000e+0 1.420000e+2 3.000000e+0
    endloop
  endfacet
  facet normal 0.000000e+0 -1.000000e+0 0.000000e+0
    outer loop
      vertex 0.000000e+0 1.280000e+2 0.000000e+0
      vertex 2.000000e+0 1.280000e+2 0.000000e+0
      vertex 2.000000e+0 1.280000e+2 3.000000e+0
    endloop
  endfacet
  facet normal 0.000000e+0 -1.000000e+0 0.000000e+0
    outer loop
      vertex 0.000000e+0 1.280000e+2 0.000000e+0
      vertex 2.000000e+0 1.280000e+2 3.000000e+0
      vertex 0.000000e+0 1.280000e+2 3.000000e+0
    endloop
  endfacet
  facet normal 0.000000e+0 1.000000e+0 0.000000e+0
    outer loop
      vertex 2.000000e+0 1.420000e+2 0.000000e+0
      vertex 0.000000e+0 1.420000e+2 0.000000e+0
      vertex 0.000000e+0 1.420000e+2 3.000000e+0
    endloop
  endfacet
  facet normal 0.000000e+0 1.000000e+0 0.000000e+0
    outer loop
      vertex 2.000000e+0 1.420000e+2 0.000000e+0
      vertex 0.000000e+0 1.420000e+2 3.000000e+0
      vertex 2.000000e+0 1.420000e+2 3.000000e+0
    endloop
  endfacet
  facet normal -1.000000e+0 0.000000e+0 0.000000e+0
    outer loop
      vertex 0.000000e+0 1.420000e+2 0.000000e+0
      vertex 0.000000e+0 1.280000e+2 0.000000e+0
      vertex 0.000000e+0 1.280000e+2 3.000000e+0
    endloop
  endfacet
  facet normal -1.000000e+0 0.000000e+0 0.000000e+0
    outer loop
      vertex 0.000000e+0 1.420000e+2 0.000000e+0
      vertex 0.000000e+0 1.280000e+2 3.000000e+0
      vertex 0.000000e+0 1.420000e+2 3.000000e+0
    endloop
  endfacet
  facet normal 1.000000e+0 0.000000e+0 0.000000e+0
    outer loop
      vertex 2.000000e+0 1.280000e+2 0.000000e+0
      vertex 2.000000e+0 1.420000e+2 0.000000e+0
      vertex 2.000000e+0 1.420000e+2 3.000000e+0
    endloop
  endfacet
  facet normal 1.000000e+0 0.000000e+0 0.000000e+0
    outer loop
      vertex 2.000000e+0 1.280000e+2 0.000000e+0
      vertex 2.000000e+0 1.420000e+2 3.000000e+0
      vertex 2.000000e+0 1.280000e+2 3.000000e+0
    endloop
  endfacet
  facet normal 0.000000e+0 0.000000e+0 -1.000000e+0
    outer loop
      vertex 3.000000e+1 1.420000e+2 0.000000e+0
      vertex 3.400000e+1 1.420000e+2 0.000000e+0
      vertex 3.400000e+1 1.280000e+2 0.000000e+0
    endloop
  endfacet
  facet normal 0.000000e+0 0.000000e+0 -1.000000e+0
    outer loop
      vertex 3.000000e+1 1.420000e+2 0.000000e+0
      vertex 3.400000e+1 1.280000e+2 0.000000e+0
      vertex 3.000000e+1 1.280000e+2 0.000000e+0
    endloop
  endfacet
  facet normal 0.000000e+0 0.000000e+0 1.000000e+0
    outer loop
      vertex 3.000000e+1 1.280000e+2 3.000000e+0
      vertex 3.400000e+1 1.280000e+2 3.000000e+0
      vertex 3.400000e+1 1.420000e+2 3.000000e+0
    endloop
  endfacet
  facet normal 0.000000e+0 0.000000e+0 1.000000e+0
    outer loop
      vertex 3.000000e+1 1.280000e+2 3.000000e+0
      vertex 3.400000e+1 1.420000e+2 3.000000e+0
      vertex 3.000000e+1 1.420000e+2 3.000000e+0
    endloop
  endfacet
  facet normal 0.000000e+0 -1.000000e+0 0.000000e+0
    outer loop
      vertex 3.000000e+1 1.280000e+2 0.000000e+0
      vertex 3.400000e+1 1.280000e+2 0.000000e+0
      vertex 3.400000e+1 1.280000e+2 3.000000e+0
    endloop
  endfacet
  facet normal 0.000000e+0 -1.000000e+0 0.000000e+0
    outer loop
      vertex 3.000000e+1 1.280000e+2 0.000000e+0
      vertex 3.400000e+1 1.280000e+2 3.000000e+0
      vertex 3.000000e+1 1.280000e+2 3.000000e+0
    endloop
  endfacet
  facet normal 0.000000e+0 1.000000e+0 0.000000e+0
    outer loop
      vertex 3.400000e+1 1.420000e+2 0.000000e+0
      vertex 3.000000e+1 1.420000e+2 0.000000e+0
      vertex 3.000000e+1 1.420000e+2 3.000000e+0
    endloop
  endfacet
  facet normal 0.000000e+0 1.000000e+0 0.000000e+0
    outer loop
      vertex 3.400000e+1 1.420000e+2 0.000000e+0
      vertex 3.000000e+1 1.420000e+2 3.000000e+0
      vertex 3.400000e+1 1.420000e+2 3.000000e+0
    endloop
  endfacet
  facet normal -1.000000e+0 0.000000e+0 0.000000e+0
    outer loop
      vertex 3.000000e+1 1.420000e+2 0.000000e+0
      vertex 3.000000e+1 1.280000e+2 0.000000e+0
      vertex 3.000000e+1 1.280000e+2 3.000000e+0
    endloop
  endfacet
  facet normal -1.000000e+0 0.000000e+0 0.000000e+0
    outer loop
      vertex 3.000000e+1 1.420000e+2 0.000000e+0
      vertex 3.000000e+1 1.280000e+2 3.000000e+0
      vertex 3.000000e+1 1.420000e+2 3.000000e+0
    endloop
  endfacet
  facet normal 1.000000e+0 0.000000e+0 0.000000e+0
    outer loop
      vertex 3.400000e+1 1.280000e+2 0.000000e+0
      vertex 3.400000e+1 1.420000e+2 0.000000e+0
      vertex 3.400000e+1 1.420000e+2 3.000000e+0
    endloop
  endfacet
  facet normal 1.000000e+0 0.000000e+0 0.000000e+0
    outer loop
      vertex 3.400000e+1 1.280000e+2 0.000000e+0
      vertex 3.400000e+1 1.420000e+2 3.000000e+0
      vertex 3.400000e+1 1.280000e+2 3.000000e+0
    endloop
  endfacet
  facet normal 0.000000e+0 0.000000e+0 -1.000000e+0
    outer loop
      vertex 4.800000e+1 1.420000e+2 0.000000e+0
      vertex 5.200000e+1 1.420000e+2 0.000000e+0
      vertex 5.200000e+1 1.280000e+2 0.000000e+0
    endloop
  endfacet
  facet normal 0.000000e+0 0.000000e+0 -1.000000e+0
    outer loop
      vertex 4.800000e+1 1.420000e+2 0.000000e+0
      vertex 5.200000e+1 1.280000e+2 0.000000e+0
      vertex 4.800000e+1 1.280000e+2 0.000000e+0
    endloop
  endfacet
  facet normal 0.000000e+0 0.000000e+0 1.000000e+0
    outer loop
      vertex 4.800000e+1 1.280000e+2 3.000000e+0
      vertex 5.200000e+1 1.280000e+2 3.000000e+0
      vertex 5.200000e+1 1.420000e+2 3.000000e+0
    endloop
  endfacet
  facet normal 0.000000e+0 0.000000e+0 1.000000e+0
    outer loop
      vertex 4.800000e+1 1.280000e+2 3.000000e+0
      vertex 5.200000e+1 1.420000e+2 3.000000e+0
      vertex 4.800000e+1 1.420000e+2 3.000000e+0
    endloop
  endfacet
  facet normal 0.000000e+0 -1.000000e+0 0.000000e+0
    outer loop
      vertex 4.800000e+1 1.280000e+2 0.000000e+0
      vertex 5.200000e+1 1.280000e+2 0.000000e+0
      vertex 5.200000e+1 1.280000e+2 3.000000e+0
    endloop
  endfacet
  facet normal 0.000000e+0 -1.000000e+0 0.000000e+0
    outer loop
      vertex 4.800000e+1 1.280000e+2 0.000000e+0
      vertex 5.200000e+1 1.280000e+2 3.000000e+0
      vertex 4.800000e+1 1.280000e+2 3.000000e+0
    endloop
  endfacet
  facet normal 0.000000e+0 1.000000e+0 0.000000e+0
    outer loop
      vertex 5.200000e+1 1.420000e+2 0.000000e+0
      vertex 4.800000e+1 1.420000e+2 0.000000e+0
      vertex 4.800000e+1 1.420000e+2 3.000000e+0
    endloop
  endfacet
  facet normal 0.000000e+0 1.000000e+0 0.000000e+0
    outer loop
      vertex 5.200000e+1 1.420000e+2 0.000000e+0
      vertex 4.800000e+1 1.420000e+2 3.000000e+0
      vertex 5.200000e+1 1.420000e+2 3.000000e+0
    endloop
  endfacet
  facet normal -1.000000e+0 0.000000e+0 0.000000e+0
    outer loop
      vertex 4.800000e+1 1.420000e+2 0.000000e+0
      vertex 4.800000e+1 1.280000e+2 0.000000e+0
      vertex 4.800000e+1 1.280000e+2 3.000000e+0
    endloop
  endfacet
  facet normal -1.000000e+0 0.000000e+0 0.000000e+0
    outer loop
      vertex 4.800000e+1 1.420000e+2 0.000000e+0
      vertex 4.800000e+1 1.280000e+2 3.000000e+0
      vertex 4.800000e+1 1.420000e+2 3.000000e+0
    endloop
  endfacet
  facet normal 1.000000e+0 0.000000e+0 0.000000e+0
    outer loop
      vertex 5.200000e+1 1.280000e+2 0.000000e+0
      vertex 5.200000e+1 1.420000e+2 0.000000e+0
      vertex 5.200000e+1 1.420000e+2 3.000000e+0
    endloop
  endfacet
  facet normal 1.000000e+0 0.000000e+0 0.000000e+0
    outer loop
      vertex 5.200000e+1 1.280000e+2 0.000000e+0
      vertex 5.200000e+1 1.420000e+2 3.000000e+0
      vertex 5.200000e+1 1.280000e+2 3.000000e+0
    endloop
  endfacet
  facet normal 0.000000e+0 0.000000e+0 -1.000000e+0
    outer loop
      vertex 6.600000e+1 1.420000e+2 0.000000e+0
      vertex 7.000000e+1 1.420000e+2 0.000000e+0
      vertex 7.000000e+1 1.280000e+2 0.000000e+0
    endloop
  endfacet
  facet normal 0.000000e+0 0.000000e+0 -1.000000e+0
    outer loop
      vertex 6.600000e+1 1.420000e+2 0.000000e+0
      vertex 7.000000e+1 1.280000e+2 0.000000e+0
      vertex 6.600000e+1 1.280000e+2 0.000000e+0
    endloop
  endfacet
  facet normal 0.000000e+0 0.000000e+0 1.000000e+0
    outer loop
      vertex 6.600000e+1 1.280000e+2 3.000000e+0
      vertex 7.000000e+1 1.280000e+2 3.000000e+0
      vertex 7.000000e+1 1.420000e+2 3.000000e+0
    endloop
  endfacet
  facet normal 0.000000e+0 0.000000e+0 1.000000e+0
    outer loop
      vertex 6.600000e+1 1.280000e+2 3.000000e+0
      vertex 7.000000e+1 1.420000e+2 3.000000e+0
      vertex 6.600000e+1 1.420000e+2 3.000000e+0
    endloop
  endfacet
  facet normal 0.000000e+0 -1.000000e+0 0.000000e+0
    outer loop
      vertex 6.600000e+1 1.280000e+2 0.000000e+0
      vertex 7.000000e+1 1.280000e+2 0.000000e+0
      vertex 7.000000e+1 1.280000e+2 3.000000e+0
    endloop
  endfacet
  facet normal 0.000000e+0 -1.000000e+0 0.000000e+0
    outer loop
      vertex 6.600000e+1 1.280000e+2 0.000000e+0
      vertex 7.000000e+1 1.280000e+2 3.000000e+0
      vertex 6.600000e+1 1.280000e+2 3.000000e+0
    endloop
  endfacet
  facet normal 0.000000e+0 1.000000e+0 0.000000e+0
    outer loop
      vertex 7.000000e+1 1.420000e+2 0.000000e+0
      vertex 6.600000e+1 1.420000e+2 0.000000e+0
      vertex 6.600000e+1 1.420000e+2 3.000000e+0
    endloop
  endfacet
  facet normal 0.000000e+0 1.000000e+0 0.000000e+0
    outer loop
      vertex 7.000000e+1 1.420000e+2 0.000000e+0
      vertex 6.600000e+1 1.420000e+2 3.000000e+0
      vertex 7.000000e+1 1.420000e+2 3.000000e+0
    endloop
  endfacet
  facet normal -1.000000e+0 0.000000e+0 0.000000e+0
    outer loop
      vertex 6.600000e+1 1.420000e+2 0.000000e+0
      vertex 6.600000e+1 1.280000e+2 0.000000e+0
      vertex 6.600000e+1 1.280000e+2 3.000000e+0
    endloop
  endfacet
  facet normal -1.000000e+0 0.000000e+0 0.000000e+0
    outer loop
      vertex 6.600000e+1 1.420000e+2 0.000000e+0
      vertex 6.600000e+1 1.280000e+2 3.000000e+0
      vertex 6.600000e+1 1.420000e+2 3.000000e+0
    endloop
  endfacet
  facet normal 1.000000e+0 0.000000e+0 0.000000e+0
    outer loop
      vertex 7.000000e+1 1.280000e+2 0.000000e+0
      vertex 7.000000e+1 1.420000e+2 0.000000e+0
      vertex 7.000000e+1 1.420000e+2 3.000000e+0
    endloop
  endfacet
  facet normal 1.000000e+0 0.000000e+0 0.000000e+0
    outer loop
      vertex 7.000000e+1 1.280000e+2 0.000000e+0
      vertex 7.000000e+1 1.420000e+2 3.000000e+0
      vertex 7.000000e+1 1.280000e+2 3.000000e+0
    endloop
  endfacet
  facet normal 0.000000e+0 0.000000e+0 -1.000000e+0
    outer loop
      vertex 8.400000e+1 1.420000e+2 0.000000e+0
      vertex 8.800000e+1 1.420000e+2 0.000000e+0
      vertex 8.800000e+1 1.280000e+2 0.000000e+0
    endloop
  endfacet
  facet normal 0.000000e+0 0.000000e+0 -1.000000e+0
    outer loop
      vertex 8.400000e+1 1.420000e+2 0.000000e+0
      vertex 8.800000e+1 1.280000e+2 0.000000e+0
      vertex 8.400000e+1 1.280000e+2 0.000000e+0
    endloop
  endfacet
  facet normal 0.000000e+0 0.000000e+0 1.000000e+0
    outer loop
      vertex 8.400000e+1 1.280000e+2 3.000000e+0
      vertex 8.800000e+1 1.280000e+2 3.000000e+0
      vertex 8.800000e+1 1.420000e+2 3.000000e+0
    endloop
  endfacet
  facet normal 0.000000e+0 0.000000e+0 1.000000e+0
    outer loop
      vertex 8.400000e+1 1.280000e+2 3.000000e+0
      vertex 8.800000e+1 1.420000e+2 3.000000e+0
      vertex 8.400000e+1 1.420000e+2 3.000000e+0
    endloop
  endfacet
  facet normal 0.000000e+0 -1.000000e+0 0.000000e+0
    outer loop
      vertex 8.400000e+1 1.280000e+2 0.000000e+0
      vertex 8.800000e+1 1.280000e+2 0.000000e+0
      vertex 8.800000e+1 1.280000e+2 3.000000e+0
    endloop
  endfacet
  facet normal 0.000000e+0 -1.000000e+0 0.000000e+0
    outer loop
      vertex 8.400000e+1 1.280000e+2 0.000000e+0
      vertex 8.800000e+1 1.280000e+2 3.000000e+0
      vertex 8.400000e+1 1.280000e+2 3.000000e+0
    endloop
  endfacet
  facet normal 0.000000e+0 1.000000e+0 0.000000e+0
    outer loop
      vertex 8.800000e+1 1.420000e+2 0.000000e+0
      vertex 8.400000e+1 1.420000e+2 0.000000e+0
      vertex 8.400000e+1 1.420000e+2 3.000000e+0
    endloop
  endfacet
  facet normal 0.000000e+0 1.000000e+0 0.000000e+0
    outer loop
      vertex 8.800000e+1 1.420000e+2 0.000000e+0
      vertex 8.400000e+1 1.420000e+2 3.000000e+0
      vertex 8.800000e+1 1.420000e+2 3.000000e+0
    endloop
  endfacet
  facet normal -1.000000e+0 0.000000e+0 0.000000e+0
    outer loop
      vertex 8.400000e+1 1.420000e+2 0.000000e+0
      vertex 8.400000e+1 1.280000e+2 0.000000e+0
      vertex 8.400000e+1 1.280000e+2 3.000000e+0
    endloop
  endfacet
  facet normal -1.000000e+0 0.000000e+0 0.000000e+0
    outer loop
      vertex 8.400000e+1 1.420000e+2 0.000000e+0
      vertex 8.400000e+1 1.280000e+2 3.000000e+0
      vertex 8.400000e+1 1.420000e+2 3.000000e+0
    endloop
  endfacet
  facet normal 1.000000e+0 0.000000e+0 0.000000e+0
    outer loop
      vertex 8.800000e+1 1.280000e+2 0.000000e+0
      vertex 8.800000e+1 1.420000e+2 0.000000e+0
      vertex 8.800000e+1 1.420000e+2 3.000000e+0
    endloop
  endfacet
  facet normal 1.000000e+0 0.000000e+0 0.000000e+0
    outer loop
      vertex 8.800000e+1 1.280000e+2 0.000000e+0
      vertex 8.800000e+1 1.420000e+2 3.000000e+0
      vertex 8.800000e+1 1.280000e+2 3.000000e+0
    endloop
  endfacet
  facet normal 0.000000e+0 0.000000e+0 -1.000000e+0
    outer loop
      vertex 1.020000e+2 1.420000e+2 0.000000e+0
      vertex 1.060000e+2 1.420000e+2 0.000000e+0
      vertex 1.060000e+2 1.280000e+2 0.000000e+0
    endloop
  endfacet
  facet normal 0.000000e+0 0.000000e+0 -1.000000e+0
    outer loop
      vertex 1.020000e+2 1.420000e+2 0.000000e+0
      vertex 1.060000e+2 1.280000e+2 0.000000e+0
      vertex 1.020000e+2 1.280000e+2 0.000000e+0
    endloop
  endfacet
  facet normal 0.000000e+0 0.000000e+0 1.000000e+0
    outer loop
      vertex 1.020000e+2 1.280000e+2 3.000000e+0
      vertex 1.060000e+2 1.280000e+2 3.000000e+0
      vertex 1.060000e+2 1.420000e+2 3.000000e+0
    endloop
  endfacet
  facet normal 0.000000e+0 0.000000e+0 1.000000e+0
    outer loop
      vertex 1.020000e+2 1.280000e+2 3.000000e+0
      vertex 1.060000e+2 1.420000e+2 3.000000e+0
      vertex 1.020000e+2 1.420000e+2 3.000000e+0
    endloop
  endfacet
  facet normal 0.000000e+0 -1.000000e+0 0.000000e+0
    outer loop
      vertex 1.020000e+2 1.280000e+2 0.000000e+0
      vertex 1.060000e+2 1.280000e+2 0.000000e+0
      vertex 1.060000e+2 1.280000e+2 3.000000e+0
    endloop
  endfacet
  facet normal 0.000000e+0 -1.000000e+0 0.000000e+0
    outer loop
      vertex 1.020000e+2 1.280000e+2 0.000000e+0
      vertex 1.060000e+2 1.280000e+2 3.000000e+0
      vertex 1.020000e+2 1.280000e+2 3.000000e+0
    endloop
  endfacet
  facet normal 0.000000e+0 1.000000e+0 0.000000e+0
    outer loop
      vertex 1.060000e+2 1.420000e+2 0.000000e+0
      vertex 1.020000e+2 1.420000e+2 0.000000e+0
      vertex 1.020000e+2 1.420000e+2 3.000000e+0
    endloop
  endfacet
  facet normal 0.000000e+0 1.000000e+0 0.000000e+0
    outer loop
      vertex 1.060000e+2 1.420000e+2 0.000000e+0
      vertex 1.020000e+2 1.420000e+2 3.000000e+0
      vertex 1.060000e+2 1.420000e+2 3.000000e+0
    endloop
  endfacet
  facet normal -1.000000e+0 0.000000e+0 0.000000e+0
    outer loop
      vertex 1.020000e+2 1.420000e+2 0.000000e+0
      vertex 1.020000e+2 1.280000e+2 0.000000e+0
      vertex 1.020000e+2 1.280000e+2 3.000000e+0
    endloop
  endfacet
  facet normal -1.000000e+0 0.000000e+0 0.000000e+0
    outer loop
      vertex 1.020000e+2 1.420000e+2 0.000000e+0
      vertex 1.020000e+2 1.280000e+2 3.000000e+0
      vertex 1.020000e+2 1.420000e+2 3.000000e+0
    endloop
  endfacet
  facet normal 1.000000e+0 0.000000e+0 0.000000e+0
    outer loop
      vertex 1.060000e+2 1.280000e+2 0.000000e+0
      vertex 1.060000e+2 1.420000e+2 0.000000e+0
      vertex 1.060000e+2 1.420000e+2 3.000000e+0
    endloop
  endfacet
  facet normal 1.000000e+0 0.000000e+0 0.000000e+0
    outer loop
      vertex 1.060000e+2 1.280000e+2 0.000000e+0
      vertex 1.060000e+2 1.420000e+2 3.000000e+0
      vertex 1.060000e+2 1.280000e+2 3.000000e+0
    endloop
  endfacet
  facet normal 0.000000e+0 0.000000e+0 -1.000000e+0
    outer loop
      vertex 1.200000e+2 1.420000e+2 0.000000e+0
      vertex 1.240000e+2 1.420000e+2 0.000000e+0
      vertex 1.240000e+2 1.280000e+2 0.000000e+0
    endloop
  endfacet
  facet normal 0.000000e+0 0.000000e+0 -1.000000e+0
    outer loop
      vertex 1.200000e+2 1.420000e+2 0.000000e+0
      vertex 1.240000e+2 1.280000e+2 0.000000e+0
      vertex 1.200000e+2 1.280000e+2 0.000000e+0
    endloop
  endfacet
  facet normal 0.000000e+0 0.000000e+0 1.000000e+0
    outer loop
      vertex 1.200000e+2 1.280000e+2 3.000000e+0
      vertex 1.240000e+2 1.280000e+2 3.000000e+0
      vertex 1.240000e+2 1.420000e+2 3.000000e+0
    endloop
  endfacet
  facet normal 0.000000e+0 0.000000e+0 1.000000e+0
    outer loop
      vertex 1.200000e+2 1.280000e+2 3.000000e+0
      vertex 1.240000e+2 1.420000e+2 3.000000e+0
      vertex 1.200000e+2 1.420000e+2 3.000000e+0
    endloop
  endfacet
  facet normal 0.000000e+0 -1.000000e+0 0.000000e+0
    outer loop
      vertex 1.200000e+2 1.280000e+2 0.000000e+0
      vertex 1.240000e+2 1.280000e+2 0.000000e+0
      vertex 1.240000e+2 1.280000e+2 3.000000e+0
    endloop
  endfacet
  facet normal 0.000000e+0 -1.000000e+0 0.000000e+0
    outer loop
      vertex 1.200000e+2 1.280000e+2 0.000000e+0
      vertex 1.240000e+2 1.280000e+2 3.000000e+0
      vertex 1.200000e+2 1.280000e+2 3.000000e+0
    endloop
  endfacet
  facet normal 0.000000e+0 1.000000e+0 0.000000e+0
    outer loop
      vertex 1.240000e+2 1.420000e+2 0.000000e+0
      vertex 1.200000e+2 1.420000e+2 0.000000e+0
      vertex 1.200000e+2 1.420000e+2 3.000000e+0
    endloop
  endfacet
  facet normal 0.000000e+0 1.000000e+0 0.000000e+0
    outer loop
      vertex 1.240000e+2 1.420000e+2 0.000000e+0
      vertex 1.200000e+2 1.420000e+2 3.000000e+0
      vertex 1.240000e+2 1.420000e+2 3.000000e+0
    endloop
  endfacet
  facet normal -1.000000e+0 0.000000e+0 0.000000e+0
    outer loop
      vertex 1.200000e+2 1.420000e+2 0.000000e+0
      vertex 1.200000e+2 1.280000e+2 0.000000e+0
      vertex 1.200000e+2 1.280000e+2 3.000000e+0
    endloop
  endfacet
  facet normal -1.000000e+0 0.000000e+0 0.000000e+0
    outer loop
      vertex 1.200000e+2 1.420000e+2 0.000000e+0
      vertex 1.200000e+2 1.280000e+2 3.000000e+0
      vertex 1.200000e+2 1.420000e+2 3.000000e+0
    endloop
  endfacet
  facet normal 1.000000e+0 0.000000e+0 0.000000e+0
    outer loop
      vertex 1.240000e+2 1.280000e+2 0.000000e+0
      vertex 1.240000e+2 1.420000e+2 0.000000e+0
      vertex 1.240000e+2 1.420000e+2 3.000000e+0
    endloop
  endfacet
  facet normal 1.000000e+0 0.000000e+0 0.000000e+0
    outer loop
      vertex 1.240000e+2 1.280000e+2 0.000000e+0
      vertex 1.240000e+2 1.420000e+2 3.000000e+0
      vertex 1.240000e+2 1.280000e+2 3.000000e+0
    endloop
  endfacet
  facet normal 0.000000e+0 0.000000e+0 -1.000000e+0
    outer loop
      vertex 1.380000e+2 1.420000e+2 0.000000e+0
      vertex 1.420000e+2 1.420000e+2 0.000000e+0
      vertex 1.420000e+2 1.280000e+2 0.000000e+0
    endloop
  endfacet
  facet normal 0.000000e+0 0.000000e+0 -1.000000e+0
    outer loop
      vertex 1.380000e+2 1.420000e+2 0.000000e+0
      vertex 1.420000e+2 1.280000e+2 0.000000e+0
      vertex 1.380000e+2 1.280000e+2 0.000000e+0
    endloop
  endfacet
  facet normal 0.000000e+0 0.000000e+0 1.000000e+0
    outer loop
      vertex 1.380000e+2 1.280000e+2 3.000000e+0
      vertex 1.420000e+2 1.280000e+2 3.000000e+0
      vertex 1.420000e+2 1.420000e+2 3.000000e+0
    endloop
  endfacet
  facet normal 0.000000e+0 0.000000e+0 1.000000e+0
    outer loop
      vertex 1.380000e+2 1.280000e+2 3.000000e+0
      vertex 1.420000e+2 1.420000e+2 3.000000e+0
      vertex 1.380000e+2 1.420000e+2 3.000000e+0
    endloop
  endfacet
  facet normal 0.000000e+0 -1.000000e+0 0.000000e+0
    outer loop
      vertex 1.380000e+2 1.280000e+2 0.000000e+0
      vertex 1.420000e+2 1.280000e+2 0.000000e+0
      vertex 1.420000e+2 1.280000e+2 3.000000e+0
    endloop
  endfacet
  facet normal 0.000000e+0 -1.000000e+0 0.000000e+0
    outer loop
      vertex 1.380000e+2 1.280000e+2 0.000000e+0
      vertex 1.420000e+2 1.280000e+2 3.000000e+0
      vertex 1.380000e+2 1.280000e+2 3.000000e+0
    endloop
  endfacet
  facet normal 0.000000e+0 1.000000e+0 0.000000e+0
    outer loop
      vertex 1.420000e+2 1.420000e+2 0.000000e+0
      vertex 1.380000e+2 1.420000e+2 0.000000e+0
      vertex 1.380000e+2 1.420000e+2 3.000000e+0
    endloop
  endfacet
  facet normal 0.000000e+0 1.000000e+0 0.000000e+0
    outer loop
      vertex 1.420000e+2 1.420000e+2 0.000000e+0
      vertex 1.380000e+2 1.420000e+2 3.000000e+0
      vertex 1.420000e+2 1.420000e+2 3.000000e+0
    endloop
  endfacet
  facet normal -1.000000e+0 0.000000e+0 0.000000e+0
    outer loop
      vertex 1.380000e+2 1.420000e+2 0.000000e+0
      vertex 1.380000e+2 1.280000e+2 0.000000e+0
      vertex 1.380000e+2 1.280000e+2 3.000000e+0
    endloop
  endfacet
  facet normal -1.000000e+0 0.000000e+0 0.000000e+0
    outer loop
      vertex 1.380000e+2 1.420000e+2 0.000000e+0
      vertex 1.380000e+2 1.280000e+2 3.000000e+0
      vertex 1.380000e+2 1.420000e+2 3.000000e+0
    endloop
  endfacet
  facet normal 1.000000e+0 0.000000e+0 0.000000e+0
    outer loop
      vertex 1.420000e+2 1.280000e+2 0.000000e+0
      vertex 1.420000e+2 1.420000e+2 0.000000e+0
      vertex 1.420000e+2 1.420000e+2 3.000000e+0
    endloop
  endfacet
  facet normal 1.000000e+0 0.000000e+0 0.000000e+0
    outer loop
      vertex 1.420000e+2 1.280000e+2 0.000000e+0
      vertex 1.420000e+2 1.420000e+2 3.000000e+0
      vertex 1.420000e+2 1.280000e+2 3.000000e+0
    endloop
  endfacet
  facet normal 0.000000e+0 0.000000e+0 -1.000000e+0
    outer loop
      vertex 1.560000e+2 1.420000e+2 0.000000e+0
      vertex 1.600000e+2 1.420000e+2 0.000000e+0
      vertex 1.600000e+2 1.280000e+2 0.000000e+0
    endloop
  endfacet
  facet normal 0.000000e+0 0.000000e+0 -1.000000e+0
    outer loop
      vertex 1.560000e+2 1.420000e+2 0.000000e+0
      vertex 1.600000e+2 1.280000e+2 0.000000e+0
      vertex 1.560000e+2 1.280000e+2 0.000000e+0
    endloop
  endfacet
  facet normal 0.000000e+0 0.000000e+0 1.000000e+0
    outer loop
      vertex 1.560000e+2 1.280000e+2 3.000000e+0
      vertex 1.600000e+2 1.280000e+2 3.000000e+0
      vertex 1.600000e+2 1.420000e+2 3.000000e+0
    endloop
  endfacet
  facet normal 0.000000e+0 0.000000e+0 1.000000e+0
    outer loop
      vertex 1.560000e+2 1.280000e+2 3.000000e+0
      vertex 1.600000e+2 1.420000e+2 3.000000e+0
      vertex 1.560000e+2 1.420000e+2 3.000000e+0
    endloop
  endfacet
  facet normal 0.000000e+0 -1.000000e+0 0.000000e+0
    outer loop
      vertex 1.560000e+2 1.280000e+2 0.000000e+0
      vertex 1.600000e+2 1.280000e+2 0.000000e+0
      vertex 1.600000e+2 1.280000e+2 3.000000e+0
    endloop
  endfacet
  facet normal 0.000000e+0 -1.000000e+0 0.000000e+0
    outer loop
      vertex 1.560000e+2 1.280000e+2 0.000000e+0
      vertex 1.600000e+2 1.280000e+2 3.000000e+0
      vertex 1.560000e+2 1.280000e+2 3.000000e+0
    endloop
  endfacet
  facet normal 0.000000e+0 1.000000e+0 0.000000e+0
    outer loop
      vertex 1.600000e+2 1.420000e+2 0.000000e+0
      vertex 1.560000e+2 1.420000e+2 0.000000e+0
      vertex 1.560000e+2 1.420000e+2 3.000000e+0
    endloop
  endfacet
  facet normal 0.000000e+0 1.000000e+0 0.000000e+0
    outer loop
      vertex 1.600000e+2 1.420000e+2 0.000000e+0
      vertex 1.560000e+2 1.420000e+2 3.000000e+0
      vertex 1.600000e+2 1.420000e+2 3.000000e+0
    endloop
  endfacet
  facet normal -1.000000e+0 0.000000e+0 0.000000e+0
    outer loop
      vertex 1.560000e+2 1.420000e+2 0.000000e+0
      vertex 1.560000e+2 1.280000e+2 0.000000e+0
      vertex 1.560000e+2 1.280000e+2 3.000000e+0
    endloop
  endfacet
  facet normal -1.000000e+0 0.000000e+0 0.000000e+0
    outer loop
      vertex 1.560000e+2 1.420000e+2 0.000000e+0
      vertex 1.560000e+2 1.280000e+2 3.000000e+0
      vertex 1.560000e+2 1.420000e+2 3.000000e+0
    endloop
  endfacet
  facet normal 1.000000e+0 0.000000e+0 0.000000e+0
    outer loop
      vertex 1.600000e+2 1.280000e+2 0.000000e+0
      vertex 1.600000e+2 1.420000e+2 0.000000e+0
      vertex 1.600000e+2 1.420000e+2 3.000000e+0
    endloop
  endfacet
  facet normal 1.000000e+0 0.000000e+0 0.000000e+0
    outer loop
      vertex 1.600000e+2 1.280000e+2 0.000000e+0
      vertex 1.600000e+2 1.420000e+2 3.000000e+0
      vertex 1.600000e+2 1.280000e+2 3.000000e+0
    endloop
  endfacet
  facet normal 0.000000e+0 0.000000e+0 -1.000000e+0
    outer loop
      vertex 1.740000e+2 1.420000e+2 0.000000e+0
      vertex 1.780000e+2 1.420000e+2 0.000000e+0
      vertex 1.780000e+2 1.280000e+2 0.000000e+0
    endloop
  endfacet
  facet normal 0.000000e+0 0.000000e+0 -1.000000e+0
    outer loop
      vertex 1.740000e+2 1.420000e+2 0.000000e+0
      vertex 1.780000e+2 1.280000e+2 0.000000e+0
      vertex 1.740000e+2 1.280000e+2 0.000000e+0
    endloop
  endfacet
  facet normal 0.000000e+0 0.000000e+0 1.000000e+0
    outer loop
      vertex 1.740000e+2 1.280000e+2 3.000000e+0
      vertex 1.780000e+2 1.280000e+2 3.000000e+0
      vertex 1.780000e+2 1.420000e+2 3.000000e+0
    endloop
  endfacet
  facet normal 0.000000e+0 0.000000e+0 1.000000e+0
    outer loop
      vertex 1.740000e+2 1.280000e+2 3.000000e+0
      vertex 1.780000e+2 1.420000e+2 3.000000e+0
      vertex 1.740000e+2 1.420000e+2 3.000000e+0
    endloop
  endfacet
  facet normal 0.000000e+0 -1.000000e+0 0.000000e+0
    outer loop
      vertex 1.740000e+2 1.280000e+2 0.000000e+0
      vertex 1.780000e+2 1.280000e+2 0.000000e+0
      vertex 1.780000e+2 1.280000e+2 3.000000e+0
    endloop
  endfacet
  facet normal 0.000000e+0 -1.000000e+0 0.000000e+0
    outer loop
      vertex 1.740000e+2 1.280000e+2 0.000000e+0
      vertex 1.780000e+2 1.280000e+2 3.000000e+0
      vertex 1.740000e+2 1.280000e+2 3.000000e+0
    endloop
  endfacet
  facet normal 0.000000e+0 1.000000e+0 0.000000e+0
    outer loop
      vertex 1.780000e+2 1.420000e+2 0.000000e+0
      vertex 1.740000e+2 1.420000e+2 0.000000e+0
      vertex 1.740000e+2 1.420000e+2 3.000000e+0
    endloop
  endfacet
  facet normal 0.000000e+0 1.000000e+0 0.000000e+0
    outer loop
      vertex 1.780000e+2 1.420000e+2 0.000000e+0
      vertex 1.740000e+2 1.420000e+2 3.000000e+0
      vertex 1.780000e+2 1.420000e+2 3.000000e+0
    endloop
  endfacet
  facet normal -1.000000e+0 0.000000e+0 0.000000e+0
    outer loop
      vertex 1.740000e+2 1.420000e+2 0.000000e+0
      vertex 1.740000e+2 1.280000e+2 0.000000e+0
      vertex 1.740000e+2 1.280000e+2 3.000000e+0
    endloop
  endfacet
  facet normal -1.000000e+0 0.000000e+0 0.000000e+0
    outer loop
      vertex 1.740000e+2 1.420000e+2 0.000000e+0
      vertex 1.740000e+2 1.280000e+2 3.000000e+0
      vertex 1.740000e+2 1.420000e+2 3.000000e+0
    endloop
  endfacet
  facet normal 1.000000e+0 0.000000e+0 0.000000e+0
    outer loop
      vertex 1.780000e+2 1.280000e+2 0.000000e+0
      vertex 1.780000e+2 1.420000e+2 0.000000e+0
      vertex 1.780000e+2 1.420000e+2 3.000000e+0
    endloop
  endfacet
  facet normal 1.000000e+0 0.000000e+0 0.000000e+0
    outer loop
      vertex 1.780000e+2 1.280000e+2 0.000000e+0
      vertex 1.780000e+2 1.420000e+2 3.000000e+0
      vertex 1.780000e+2 1.280000e+2 3.000000e+0
    endloop
  endfacet
  facet normal 0.000000e+0 0.000000e+0 -1.000000e+0
    outer loop
      vertex 1.920000e+2 1.420000e+2 0.000000e+0
      vertex 1.960000e+2 1.420000e+2 0.000000e+0
      vertex 1.960000e+2 1.280000e+2 0.000000e+0
    endloop
  endfacet
  facet normal 0.000000e+0 0.000000e+0 -1.000000e+0
    outer loop
      vertex 1.920000e+2 1.420000e+2 0.000000e+0
      vertex 1.960000e+2 1.280000e+2 0.000000e+0
      vertex 1.920000e+2 1.280000e+2 0.000000e+0
    endloop
  endfacet
  facet normal 0.000000e+0 0.000000e+0 1.000000e+0
    outer loop
      vertex 1.920000e+2 1.280000e+2 3.000000e+0
      vertex 1.960000e+2 1.280000e+2 3.000000e+0
      vertex 1.960000e+2 1.420000e+2 3.000000e+0
    endloop
  endfacet
  facet normal 0.000000e+0 0.000000e+0 1.000000e+0
    outer loop
      vertex 1.920000e+2 1.280000e+2 3.000000e+0
      vertex 1.960000e+2 1.420000e+2 3.000000e+0
      vertex 1.920000e+2 1.420000e+2 3.000000e+0
    endloop
  endfacet
  facet normal 0.000000e+0 -1.000000e+0 0.000000e+0
    outer loop
      vertex 1.920000e+2 1.280000e+2 0.000000e+0
      vertex 1.960000e+2 1.280000e+2 0.000000e+0
      vertex 1.960000e+2 1.280000e+2 3.000000e+0
    endloop
  endfacet
  facet normal 0.000000e+0 -1.000000e+0 0.000000e+0
    outer loop
      vertex 1.920000e+2 1.280000e+2 0.000000e+0
      vertex 1.960000e+2 1.280000e+2 3.000000e+0
      vertex 1.920000e+2 1.280000e+2 3.000000e+0
    endloop
  endfacet
  facet normal 0.000000e+0 1.000000e+0 0.000000e+0
    outer loop
      vertex 1.960000e+2 1.420000e+2 0.000000e+0
      vertex 1.920000e+2 1.420000e+2 0.000000e+0
      vertex 1.920000e+2 1.420000e+2 3.000000e+0
    endloop
  endfacet
  facet normal 0.000000e+0 1.000000e+0 0.000000e+0
    outer loop
      vertex 1.960000e+2 1.420000e+2 0.000000e+0
      vertex 1.920000e+2 1.420000e+2 3.000000e+0
      vertex 1.960000e+2 1.420000e+2 3.000000e+0
    endloop
  endfacet
  facet normal -1.000000e+0 0.000000e+0 0.000000e+0
    outer loop
      vertex 1.920000e+2 1.420000e+2 0.000000e+0
      vertex 1.920000e+2 1.280000e+2 0.000000e+0
      vertex 1.920000e+2 1.280000e+2 3.000000e+0
    endloop
  endfacet
  facet normal -1.000000e+0 0.000000e+0 0.000000e+0
    outer loop
      vertex 1.920000e+2 1.420000e+2 0.000000e+0
      vertex 1.920000e+2 1.280000e+2 3.000000e+0
      vertex 1.920000e+2 1.420000e+2 3.000000e+0
    endloop
  endfacet
  facet normal 1.000000e+0 0.000000e+0 0.000000e+0
    outer loop
      vertex 1.960000e+2 1.280000e+2 0.000000e+0
      vertex 1.960000e+2 1.420000e+2 0.000000e+0
      vertex 1.960000e+2 1.420000e+2 3.000000e+0
    endloop
  endfacet
  facet normal 1.000000e+0 0.000000e+0 0.000000e+0
    outer loop
      vertex 1.960000e+2 1.280000e+2 0.000000e+0
      vertex 1.960000e+2 1.420000e+2 3.000000e+0
      vertex 1.960000e+2 1.280000e+2 3.000000e+0
    endloop
  endfacet
  facet normal 0.000000e+0 0.000000e+0 -1.000000e+0
    outer loop
      vertex 0.000000e+0 1.600000e+2 0.000000e+0
      vertex 2.000000e+0 1.600000e+2 0.000000e+0
      vertex 2.000000e+0 1.460000e+2 0.000000e+0
    endloop
  endfacet
  facet normal 0.000000e+0 0.000000e+0 -1.000000e+0
    outer loop
      vertex 0.000000e+0 1.600000e+2 0.000000e+0
      vertex 2.000000e+0 1.460000e+2 0.000000e+0
      vertex 0.000000e+0 1.460000e+2 0.000000e+0
    endloop
  endfacet
  facet normal 0.000000e+0 0.000000e+0 1.000000e+0
    outer loop
      vertex 0.000000e+0 1.460000e+2 3.000000e+0
      vertex 2.000000e+0 1.460000e+2 3.000000e+0
      vertex 2.000000e+0 1.600000e+2 3.000000e+0
    endloop
  endfacet
  facet normal 0.000000e+0 0.000000e+0 1.000000e+0
    outer loop
      vertex 0.000000e+0 1.460000e+2 3.000000e+0
      vertex 2.000000e+0 1.600000e+2 3.000000e+0
      vertex 0.000000e+0 1.600000e+2 3.000000e+0
    endloop
  endfacet
  facet normal 0.000000e+0 -1.000000e+0 0.000000e+0
    outer loop
      vertex 0.000000e+0 1.460000e+2 0.000000e+0
      vertex 2.000000e+0 1.460000e+2 0.000000e+0
      vertex 2.000000e+0 1.460000e+2 3.000000e+0
    endloop
  endfacet
  facet normal 0.000000e+0 -1.000000e+0 0.000000e+0
    outer loop
      vertex 0.000000e+0 1.460000e+2 0.000000e+0
      vertex 2.000000e+0 1.460000e+2 3.000000e+0
      vertex 0.000000e+0 1.460000e+2 3.000000e+0
    endloop
  endfacet
  facet normal 0.000000e+0 1.000000e+0 0.000000e+0
    outer loop
      vertex 2.000000e+0 1.600000e+2 0.000000e+0
      vertex 0.000000e+0 1.600000e+2 0.000000e+0
      vertex 0.000000e+0 1.600000e+2 3.000000e+0
    endloop
  endfacet
  facet normal 0.000000e+0 1.000000e+0 0.000000e+0
    outer loop
      vertex 2.000000e+0 1.600000e+2 0.000000e+0
      vertex 0.000000e+0 1.600000e+2 3.000000e+0
      vertex 2.000000e+0 1.600000e+2 3.000000e+0
    endloop
  endfacet
  facet normal -1.000000e+0 0.000000e+0 0.000000e+0
    outer loop
      vertex 0.000000e+0 1.600000e+2 0.000000e+0
      vertex 0.000000e+0 1.460000e+2 0.000000e+0
      vertex 0.000000e+0 1.460000e+2 3.000000e+0
    endloop
  endfacet
  facet normal -1.000000e+0 0.000000e+0 0.000000e+0
    outer loop
      vertex 0.000000e+0 1.600000e+2 0.000000e+0
      vertex 0.000000e+0 1.460000e+2 3.000000e+0
      vertex 0.000000e+0 1.600000e+2 3.000000e+0
    endloop
  endfacet
  facet normal 1.000000e+0 0.000000e+0 0.000000e+0
    outer loop
      vertex 2.000000e+0 1.460000e+2 0.000000e+0
      vertex 2.000000e+0 1.600000e+2 0.000000e+0
      vertex 2.000000e+0 1.600000e+2 3.000000e+0
    endloop
  endfacet
  facet normal 1.000000e+0 0.000000e+0 0.000000e+0
    outer loop
      vertex 2.000000e+0 1.460000e+2 0.000000e+0
      vertex 2.000000e+0 1.600000e+2 3.000000e+0
      vertex 2.000000e+0 1.460000e+2 3.000000e+0
    endloop
  endfacet
  facet normal 0.000000e+0 0.000000e+0 -1.000000e+0
    outer loop
      vertex 3.000000e+1 1.600000e+2 0.000000e+0
      vertex 3.400000e+1 1.600000e+2 0.000000e+0
      vertex 3.400000e+1 1.460000e+2 0.000000e+0
    endloop
  endfacet
  facet normal 0.000000e+0 0.000000e+0 -1.000000e+0
    outer loop
      vertex 3.000000e+1 1.600000e+2 0.000000e+0
      vertex 3.400000e+1 1.460000e+2 0.000000e+0
      vertex 3.000000e+1 1.460000e+2 0.000000e+0
    endloop
  endfacet
  facet normal 0.000000e+0 0.000000e+0 1.000000e+0
    outer loop
      vertex 3.000000e+1 1.460000e+2 3.000000e+0
      vertex 3.400000e+1 1.460000e+2 3.000000e+0
      vertex 3.400000e+1 1.600000e+2 3.000000e+0
    endloop
  endfacet
  facet normal 0.000000e+0 0.000000e+0 1.000000e+0
    outer loop
      vertex 3.000000e+1 1.460000e+2 3.000000e+0
      vertex 3.400000e+1 1.600000e+2 3.000000e+0
      vertex 3.000000e+1 1.600000e+2 3.000000e+0
    endloop
  endfacet
  facet normal 0.000000e+0 -1.000000e+0 0.000000e+0
    outer loop
      vertex 3.000000e+1 1.460000e+2 0.000000e+0
      vertex 3.400000e+1 1.460000e+2 0.000000e+0
      vertex 3.400000e+1 1.460000e+2 3.000000e+0
    endloop
  endfacet
  facet normal 0.000000e+0 -1.000000e+0 0.000000e+0
    outer loop
      vertex 3.000000e+1 1.460000e+2 0.000000e+0
      vertex 3.400000e+1 1.460000e+2 3.000000e+0
      vertex 3.000000e+1 1.460000e+2 3.000000e+0
    endloop
  endfacet
  facet normal 0.000000e+0 1.000000e+0 0.000000e+0
    outer loop
      vertex 3.400000e+1 1.600000e+2 0.000000e+0
      vertex 3.000000e+1 1.600000e+2 0.000000e+0
      vertex 3.000000e+1 1.600000e+2 3.000000e+0
    endloop
  endfacet
  facet normal 0.000000e+0 1.000000e+0 0.000000e+0
    outer loop
      vertex 3.400000e+1 1.600000e+2 0.000000e+0
      vertex 3.000000e+1 1.600000e+2 3.000000e+0
      vertex 3.400000e+1 1.600000e+2 3.000000e+0
    endloop
  endfacet
  facet normal -1.000000e+0 0.000000e+0 0.000000e+0
    outer loop
      vertex 3.000000e+1 1.600000e+2 0.000000e+0
      vertex 3.000000e+1 1.460000e+2 0.000000e+0
      vertex 3.000000e+1 1.460000e+2 3.000000e+0
    endloop
  endfacet
  facet normal -1.000000e+0 0.000000e+0 0.000000e+0
    outer loop
      vertex 3.000000e+1 1.600000e+2 0.000000e+0
      vertex 3.000000e+1 1.460000e+2 3.000000e+0
      vertex 3.000000e+1 1.600000e+2 3.000000e+0
    endloop
  endfacet
  facet normal 1.000000e+0 0.000000e+0 0.000000e+0
    outer loop
      vertex 3.400000e+1 1.460000e+2 0.000000e+0
      vertex 3.400000e+1 1.600000e+2 0.000000e+0
      vertex 3.400000e+1 1.600000e+2 3.000000e+0
    endloop
  endfacet
  facet normal 1.000000e+0 0.000000e+0 0.000000e+0
    outer loop
      vertex 3.400000e+1 1.460000e+2 0.000000e+0
      vertex 3.400000e+1 1.600000e+2 3.000000e+0
      vertex 3.400000e+1 1.460000e+2 3.000000e+0
    endloop
  endfacet
  facet normal 0.000000e+0 0.000000e+0 -1.000000e+0
    outer loop
      vertex 4.800000e+1 1.600000e+2 0.000000e+0
      vertex 5.200000e+1 1.600000e+2 0.000000e+0
      vertex 5.200000e+1 1.460000e+2 0.000000e+0
    endloop
  endfacet
  facet normal 0.000000e+0 0.000000e+0 -1.000000e+0
    outer loop
      vertex 4.800000e+1 1.600000e+2 0.000000e+0
      vertex 5.200000e+1 1.460000e+2 0.000000e+0
      vertex 4.800000e+1 1.460000e+2 0.000000e+0
    endloop
  endfacet
  facet normal 0.000000e+0 0.000000e+0 1.000000e+0
    outer loop
      vertex 4.800000e+1 1.460000e+2 3.000000e+0
      vertex 5.200000e+1 1.460000e+2 3.000000e+0
      vertex 5.200000e+1 1.600000e+2 3.000000e+0
    endloop
  endfacet
  facet normal 0.000000e+0 0.000000e+0 1.000000e+0
    outer loop
      vertex 4.800000e+1 1.460000e+2 3.000000e+0
      vertex 5.200000e+1 1.600000e+2 3.000000e+0
      vertex 4.800000e+1 1.600000e+2 3.000000e+0
    endloop
  endfacet
  facet normal 0.000000e+0 -1.000000e+0 0.000000e+0
    outer loop
      vertex 4.800000e+1 1.460000e+2 0.000000e+0
      vertex 5.200000e+1 1.460000e+2 0.000000e+0
      vertex 5.200000e+1 1.460000e+2 3.000000e+0
    endloop
  endfacet
  facet normal 0.000000e+0 -1.000000e+0 0.000000e+0
    outer loop
      vertex 4.800000e+1 1.460000e+2 0.000000e+0
      vertex 5.200000e+1 1.460000e+2 3.000000e+0
      vertex 4.800000e+1 1.460000e+2 3.000000e+0
    endloop
  endfacet
  facet normal 0.000000e+0 1.000000e+0 0.000000e+0
    outer loop
      vertex 5.200000e+1 1.600000e+2 0.000000e+0
      vertex 4.800000e+1 1.600000e+2 0.000000e+0
      vertex 4.800000e+1 1.600000e+2 3.000000e+0
    endloop
  endfacet
  facet normal 0.000000e+0 1.000000e+0 0.000000e+0
    outer loop
      vertex 5.200000e+1 1.600000e+2 0.000000e+0
      vertex 4.800000e+1 1.600000e+2 3.000000e+0
      vertex 5.200000e+1 1.600000e+2 3.000000e+0
    endloop
  endfacet
  facet normal -1.000000e+0 0.000000e+0 0.000000e+0
    outer loop
      vertex 4.800000e+1 1.600000e+2 0.000000e+0
      vertex 4.800000e+1 1.460000e+2 0.000000e+0
      vertex 4.800000e+1 1.460000e+2 3.000000e+0
    endloop
  endfacet
  facet normal -1.000000e+0 0.000000e+0 0.000000e+0
    outer loop
      vertex 4.800000e+1 1.600000e+2 0.000000e+0
      vertex 4.800000e+1 1.460000e+2 3.000000e+0
      vertex 4.800000e+1 1.600000e+2 3.000000e+0
    endloop
  endfacet
  facet normal 1.000000e+0 0.000000e+0 0.000000e+0
    outer loop
      vertex 5.200000e+1 1.460000e+2 0.000000e+0
      vertex 5.200000e+1 1.600000e+2 0.000000e+0
      vertex 5.200000e+1 1.600000e+2 3.000000e+0
    endloop
  endfacet
  facet normal 1.000000e+0 0.000000e+0 0.000000e+0
    outer loop
      vertex 5.200000e+1 1.460000e+2 0.000000e+0
      vertex 5.200000e+1 1.600000e+2 3.000000e+0
      vertex 5.200000e+1 1.460000e+2 3.000000e+0
    endloop
  endfacet
  facet normal 0.000000e+0 0.000000e+0 -1.000000e+0
    outer loop
      vertex 6.600000e+1 1.600000e+2 0.000000e+0
      vertex 7.000000e+1 1.600000e+2 0.000000e+0
      vertex 7.000000e+1 1.460000e+2 0.000000e+0
    endloop
  endfacet
  facet normal 0.000000e+0 0.000000e+0 -1.000000e+0
    outer loop
      vertex 6.600000e+1 1.600000e+2 0.000000e+0
      vertex 7.000000e+1 1.460000e+2 0.000000e+0
      vertex 6.600000e+1 1.460000e+2 0.000000e+0
    endloop
  endfacet
  facet normal 0.000000e+0 0.000000e+0 1.000000e+0
    outer loop
      vertex 6.600000e+1 1.460000e+2 3.000000e+0
      vertex 7.000000e+1 1.460000e+2 3.000000e+0
      vertex 7.000000e+1 1.600000e+2 3.000000e+0
    endloop
  endfacet
  facet normal 0.000000e+0 0.000000e+0 1.000000e+0
    outer loop
      vertex 6.600000e+1 1.460000e+2 3.000000e+0
      vertex 7.000000e+1 1.600000e+2 3.000000e+0
      vertex 6.600000e+1 1.600000e+2 3.000000e+0
    endloop
  endfacet
  facet normal 0.000000e+0 -1.000000e+0 0.000000e+0
    outer loop
      vertex 6.600000e+1 1.460000e+2 0.000000e+0
      vertex 7.000000e+1 1.460000e+2 0.000000e+0
      vertex 7.000000e+1 1.460000e+2 3.000000e+0
    endloop
  endfacet
  facet normal 0.000000e+0 -1.000000e+0 0.000000e+0
    outer loop
      vertex 6.600000e+1 1.460000e+2 0.000000e+0
      vertex 7.000000e+1 1.460000e+2 3.000000e+0
      vertex 6.600000e+1 1.460000e+2 3.000000e+0
    endloop
  endfacet
  facet normal 0.000000e+0 1.000000e+0 0.000000e+0
    outer loop
      vertex 7.000000e+1 1.600000e+2 0.000000e+0
      vertex 6.600000e+1 1.600000e+2 0.000000e+0
      vertex 6.600000e+1 1.600000e+2 3.000000e+0
    endloop
  endfacet
  facet normal 0.000000e+0 1.000000e+0 0.000000e+0
    outer loop
      vertex 7.000000e+1 1.600000e+2 0.000000e+0
      vertex 6.600000e+1 1.600000e+2 3.000000e+0
      vertex 7.000000e+1 1.600000e+2 3.000000e+0
    endloop
  endfacet
  facet normal -1.000000e+0 0.000000e+0 0.000000e+0
    outer loop
      vertex 6.600000e+1 1.600000e+2 0.000000e+0
      vertex 6.600000e+1 1.460000e+2 0.000000e+0
      vertex 6.600000e+1 1.460000e+2 3.000000e+0
    endloop
  endfacet
  facet normal -1.000000e+0 0.000000e+0 0.000000e+0
    outer loop
      vertex 6.600000e+1 1.600000e+2 0.000000e+0
      vertex 6.600000e+1 1.460000e+2 3.000000e+0
      vertex 6.600000e+1 1.600000e+2 3.000000e+0
    endloop
  endfacet
  facet normal 1.000000e+0 0.000000e+0 0.000000e+0
    outer loop
      vertex 7.000000e+1 1.460000e+2 0.000000e+0
      vertex 7.000000e+1 1.600000e+2 0.000000e+0
      vertex 7.000000e+1 1.600000e+2 3.000000e+0
    endloop
  endfacet
  facet normal 1.000000e+0 0.000000e+0 0.000000e+0
    outer loop
      vertex 7.000000e+1 1.460000e+2 0.000000e+0
      vertex 7.000000e+1 1.600000e+2 3.000000e+0
      vertex 7.000000e+1 1.460000e+2 3.000000e+0
    endloop
  endfacet
  facet normal 0.000000e+0 0.000000e+0 -1.000000e+0
    outer loop
      vertex 8.400000e+1 1.600000e+2 0.000000e+0
      vertex 8.800000e+1 1.600000e+2 0.000000e+0
      vertex 8.800000e+1 1.460000e+2 0.000000e+0
    endloop
  endfacet
  facet normal 0.000000e+0 0.000000e+0 -1.000000e+0
    outer loop
      vertex 8.400000e+1 1.600000e+2 0.000000e+0
      vertex 8.800000e+1 1.460000e+2 0.000000e+0
      vertex 8.400000e+1 1.460000e+2 0.000000e+0
    endloop
  endfacet
  facet normal 0.000000e+0 0.000000e+0 1.000000e+0
    outer loop
      vertex 8.400000e+1 1.460000e+2 3.000000e+0
      vertex 8.800000e+1 1.460000e+2 3.000000e+0
      vertex 8.800000e+1 1.600000e+2 3.000000e+0
    endloop
  endfacet
  facet normal 0.000000e+0 0.000000e+0 1.000000e+0
    outer loop
      vertex 8.400000e+1 1.460000e+2 3.000000e+0
      vertex 8.800000e+1 1.600000e+2 3.000000e+0
      vertex 8.400000e+1 1.600000e+2 3.000000e+0
    endloop
  endfacet
  facet normal 0.000000e+0 -1.000000e+0 0.000000e+0
    outer loop
      vertex 8.400000e+1 1.460000e+2 0.000000e+0
      vertex 8.800000e+1 1.460000e+2 0.000000e+0
      vertex 8.800000e+1 1.460000e+2 3.000000e+0
    endloop
  endfacet
  facet normal 0.000000e+0 -1.000000e+0 0.000000e+0
    outer loop
      vertex 8.400000e+1 1.460000e+2 0.000000e+0
      vertex 8.800000e+1 1.460000e+2 3.000000e+0
      vertex 8.400000e+1 1.460000e+2 3.000000e+0
    endloop
  endfacet
  facet normal 0.000000e+0 1.000000e+0 0.000000e+0
    outer loop
      vertex 8.800000e+1 1.600000e+2 0.000000e+0
      vertex 8.400000e+1 1.600000e+2 0.000000e+0
      vertex 8.400000e+1 1.600000e+2 3.000000e+0
    endloop
  endfacet
  facet normal 0.000000e+0 1.000000e+0 0.000000e+0
    outer loop
      vertex 8.800000e+1 1.600000e+2 0.000000e+0
      vertex 8.400000e+1 1.600000e+2 3.000000e+0
      vertex 8.800000e+1 1.600000e+2 3.000000e+0
    endloop
  endfacet
  facet normal -1.000000e+0 0.000000e+0 0.000000e+0
    outer loop
      vertex 8.400000e+1 1.600000e+2 0.000000e+0
      vertex 8.400000e+1 1.460000e+2 0.000000e+0
      vertex 8.400000e+1 1.460000e+2 3.000000e+0
    endloop
  endfacet
  facet normal -1.000000e+0 0.000000e+0 0.000000e+0
    outer loop
      vertex 8.400000e+1 1.600000e+2 0.000000e+0
      vertex 8.400000e+1 1.460000e+2 3.000000e+0
      vertex 8.400000e+1 1.600000e+2 3.000000e+0
    endloop
  endfacet
  facet normal 1.000000e+0 0.000000e+0 0.000000e+0
    outer loop
      vertex 8.800000e+1 1.460000e+2 0.000000e+0
      vertex 8.800000e+1 1.600000e+2 0.000000e+0
      vertex 8.800000e+1 1.600000e+2 3.000000e+0
    endloop
  endfacet
  facet normal 1.000000e+0 0.000000e+0 0.000000e+0
    outer loop
      vertex 8.800000e+1 1.460000e+2 0.000000e+0
      vertex 8.800000e+1 1.600000e+2 3.000000e+0
      vertex 8.800000e+1 1.460000e+2 3.000000e+0
    endloop
  endfacet
  facet normal 0.000000e+0 0.000000e+0 -1.000000e+0
    outer loop
      vertex 1.020000e+2 1.600000e+2 0.000000e+0
      vertex 1.060000e+2 1.600000e+2 0.000000e+0
      vertex 1.060000e+2 1.460000e+2 0.000000e+0
    endloop
  endfacet
  facet normal 0.000000e+0 0.000000e+0 -1.000000e+0
    outer loop
      vertex 1.020000e+2 1.600000e+2 0.000000e+0
      vertex 1.060000e+2 1.460000e+2 0.000000e+0
      vertex 1.020000e+2 1.460000e+2 0.000000e+0
    endloop
  endfacet
  facet normal 0.000000e+0 0.000000e+0 1.000000e+0
    outer loop
      vertex 1.020000e+2 1.460000e+2 3.000000e+0
      vertex 1.060000e+2 1.460000e+2 3.000000e+0
      vertex 1.060000e+2 1.600000e+2 3.000000e+0
    endloop
  endfacet
  facet normal 0.000000e+0 0.000000e+0 1.000000e+0
    outer loop
      vertex 1.020000e+2 1.460000e+2 3.000000e+0
      vertex 1.060000e+2 1.600000e+2 3.000000e+0
      vertex 1.020000e+2 1.600000e+2 3.000000e+0
    endloop
  endfacet
  facet normal 0.000000e+0 -1.000000e+0 0.000000e+0
    outer loop
      vertex 1.020000e+2 1.460000e+2 0.000000e+0
      vertex 1.060000e+2 1.460000e+2 0.000000e+0
      vertex 1.060000e+2 1.460000e+2 3.000000e+0
    endloop
  endfacet
  facet normal 0.000000e+0 -1.000000e+0 0.000000e+0
    outer loop
      vertex 1.020000e+2 1.460000e+2 0.000000e+0
      vertex 1.060000e+2 1.460000e+2 3.000000e+0
      vertex 1.020000e+2 1.460000e+2 3.000000e+0
    endloop
  endfacet
  facet normal 0.000000e+0 1.000000e+0 0.000000e+0
    outer loop
      vertex 1.060000e+2 1.600000e+2 0.000000e+0
      vertex 1.020000e+2 1.600000e+2 0.000000e+0
      vertex 1.020000e+2 1.600000e+2 3.000000e+0
    endloop
  endfacet
  facet normal 0.000000e+0 1.000000e+0 0.000000e+0
    outer loop
      vertex 1.060000e+2 1.600000e+2 0.000000e+0
      vertex 1.020000e+2 1.600000e+2 3.000000e+0
      vertex 1.060000e+2 1.600000e+2 3.000000e+0
    endloop
  endfacet
  facet normal -1.000000e+0 0.000000e+0 0.000000e+0
    outer loop
      vertex 1.020000e+2 1.600000e+2 0.000000e+0
      vertex 1.020000e+2 1.460000e+2 0.000000e+0
      vertex 1.020000e+2 1.460000e+2 3.000000e+0
    endloop
  endfacet
  facet normal -1.000000e+0 0.000000e+0 0.000000e+0
    outer loop
      vertex 1.020000e+2 1.600000e+2 0.000000e+0
      vertex 1.020000e+2 1.460000e+2 3.000000e+0
      vertex 1.020000e+2 1.600000e+2 3.000000e+0
    endloop
  endfacet
  facet normal 1.000000e+0 0.000000e+0 0.000000e+0
    outer loop
      vertex 1.060000e+2 1.460000e+2 0.000000e+0
      vertex 1.060000e+2 1.600000e+2 0.000000e+0
      vertex 1.060000e+2 1.600000e+2 3.000000e+0
    endloop
  endfacet
  facet normal 1.000000e+0 0.000000e+0 0.000000e+0
    outer loop
      vertex 1.060000e+2 1.460000e+2 0.000000e+0
      vertex 1.060000e+2 1.600000e+2 3.000000e+0
      vertex 1.060000e+2 1.460000e+2 3.000000e+0
    endloop
  endfacet
  facet normal 0.000000e+0 0.000000e+0 -1.000000e+0
    outer loop
      vertex 1.200000e+2 1.600000e+2 0.000000e+0
      vertex 1.240000e+2 1.600000e+2 0.000000e+0
      vertex 1.240000e+2 1.460000e+2 0.000000e+0
    endloop
  endfacet
  facet normal 0.000000e+0 0.000000e+0 -1.000000e+0
    outer loop
      vertex 1.200000e+2 1.600000e+2 0.000000e+0
      vertex 1.240000e+2 1.460000e+2 0.000000e+0
      vertex 1.200000e+2 1.460000e+2 0.000000e+0
    endloop
  endfacet
  facet normal 0.000000e+0 0.000000e+0 1.000000e+0
    outer loop
      vertex 1.200000e+2 1.460000e+2 3.000000e+0
      vertex 1.240000e+2 1.460000e+2 3.000000e+0
      vertex 1.240000e+2 1.600000e+2 3.000000e+0
    endloop
  endfacet
  facet normal 0.000000e+0 0.000000e+0 1.000000e+0
    outer loop
      vertex 1.200000e+2 1.460000e+2 3.000000e+0
      vertex 1.240000e+2 1.600000e+2 3.000000e+0
      vertex 1.200000e+2 1.600000e+2 3.000000e+0
    endloop
  endfacet
  facet normal 0.000000e+0 -1.000000e+0 0.000000e+0
    outer loop
      vertex 1.200000e+2 1.460000e+2 0.000000e+0
      vertex 1.240000e+2 1.460000e+2 0.000000e+0
      vertex 1.240000e+2 1.460000e+2 3.000000e+0
    endloop
  endfacet
  facet normal 0.000000e+0 -1.000000e+0 0.000000e+0
    outer loop
      vertex 1.200000e+2 1.460000e+2 0.000000e+0
      vertex 1.240000e+2 1.460000e+2 3.000000e+0
      vertex 1.200000e+2 1.460000e+2 3.000000e+0
    endloop
  endfacet
  facet normal 0.000000e+0 1.000000e+0 0.000000e+0
    outer loop
      vertex 1.240000e+2 1.600000e+2 0.000000e+0
      vertex 1.200000e+2 1.600000e+2 0.000000e+0
      vertex 1.200000e+2 1.600000e+2 3.000000e+0
    endloop
  endfacet
  facet normal 0.000000e+0 1.000000e+0 0.000000e+0
    outer loop
      vertex 1.240000e+2 1.600000e+2 0.000000e+0
      vertex 1.200000e+2 1.600000e+2 3.000000e+0
      vertex 1.240000e+2 1.600000e+2 3.000000e+0
    endloop
  endfacet
  facet normal -1.000000e+0 0.000000e+0 0.000000e+0
    outer loop
      vertex 1.200000e+2 1.600000e+2 0.000000e+0
      vertex 1.200000e+2 1.460000e+2 0.000000e+0
      vertex 1.200000e+2 1.460000e+2 3.000000e+0
    endloop
  endfacet
  facet normal -1.000000e+0 0.000000e+0 0.000000e+0
    outer loop
      vertex 1.200000e+2 1.600000e+2 0.000000e+0
      vertex 1.200000e+2 1.460000e+2 3.000000e+0
      vertex 1.200000e+2 1.600000e+2 3.000000e+0
    endloop
  endfacet
  facet normal 1.000000e+0 0.000000e+0 0.000000e+0
    outer loop
      vertex 1.240000e+2 1.460000e+2 0.000000e+0
      vertex 1.240000e+2 1.600000e+2 0.000000e+0
      vertex 1.240000e+2 1.600000e+2 3.000000e+0
    endloop
  endfacet
  facet normal 1.000000e+0 0.000000e+0 0.000000e+0
    outer loop
      vertex 1.240000e+2 1.460000e+2 0.000000e+0
      vertex 1.240000e+2 1.600000e+2 3.000000e+0
      vertex 1.240000e+2 1.460000e+2 3.000000e+0
    endloop
  endfacet
  facet normal 0.000000e+0 0.000000e+0 -1.000000e+0
    outer loop
      vertex 1.380000e+2 1.600000e+2 0.000000e+0
      vertex 1.420000e+2 1.600000e+2 0.000000e+0
      vertex 1.420000e+2 1.460000e+2 0.000000e+0
    endloop
  endfacet
  facet normal 0.000000e+0 0.000000e+0 -1.000000e+0
    outer loop
      vertex 1.380000e+2 1.600000e+2 0.000000e+0
      vertex 1.420000e+2 1.460000e+2 0.000000e+0
      vertex 1.380000e+2 1.460000e+2 0.000000e+0
    endloop
  endfacet
  facet normal 0.000000e+0 0.000000e+0 1.000000e+0
    outer loop
      vertex 1.380000e+2 1.460000e+2 3.000000e+0
      vertex 1.420000e+2 1.460000e+2 3.000000e+0
      vertex 1.420000e+2 1.600000e+2 3.000000e+0
    endloop
  endfacet
  facet normal 0.000000e+0 0.000000e+0 1.000000e+0
    outer loop
      vertex 1.380000e+2 1.460000e+2 3.000000e+0
      vertex 1.420000e+2 1.600000e+2 3.000000e+0
      vertex 1.380000e+2 1.600000e+2 3.000000e+0
    endloop
  endfacet
  facet normal 0.000000e+0 -1.000000e+0 0.000000e+0
    outer loop
      vertex 1.380000e+2 1.460000e+2 0.000000e+0
      vertex 1.420000e+2 1.460000e+2 0.000000e+0
      vertex 1.420000e+2 1.460000e+2 3.000000e+0
    endloop
  endfacet
  facet normal 0.000000e+0 -1.000000e+0 0.000000e+0
    outer loop
      vertex 1.380000e+2 1.460000e+2 0.000000e+0
      vertex 1.420000e+2 1.460000e+2 3.000000e+0
      vertex 1.380000e+2 1.460000e+2 3.000000e+0
    endloop
  endfacet
  facet normal 0.000000e+0 1.000000e+0 0.000000e+0
    outer loop
      vertex 1.420000e+2 1.600000e+2 0.000000e+0
      vertex 1.380000e+2 1.600000e+2 0.000000e+0
      vertex 1.380000e+2 1.600000e+2 3.000000e+0
    endloop
  endfacet
  facet normal 0.000000e+0 1.000000e+0 0.000000e+0
    outer loop
      vertex 1.420000e+2 1.600000e+2 0.000000e+0
      vertex 1.380000e+2 1.600000e+2 3.000000e+0
      vertex 1.420000e+2 1.600000e+2 3.000000e+0
    endloop
  endfacet
  facet normal -1.000000e+0 0.000000e+0 0.000000e+0
    outer loop
      vertex 1.380000e+2 1.600000e+2 0.000000e+0
      vertex 1.380000e+2 1.460000e+2 0.000000e+0
      vertex 1.380000e+2 1.460000e+2 3.000000e+0
    endloop
  endfacet
  facet normal -1.000000e+0 0.000000e+0 0.000000e+0
    outer loop
      vertex 1.380000e+2 1.600000e+2 0.000000e+0
      vertex 1.380000e+2 1.460000e+2 3.000000e+0
      vertex 1.380000e+2 1.600000e+2 3.000000e+0
    endloop
  endfacet
  facet normal 1.000000e+0 0.000000e+0 0.000000e+0
    outer loop
      vertex 1.420000e+2 1.460000e+2 0.000000e+0
      vertex 1.420000e+2 1.600000e+2 0.000000e+0
      vertex 1.420000e+2 1.600000e+2 3.000000e+0
    endloop
  endfacet
  facet normal 1.000000e+0 0.000000e+0 0.000000e+0
    outer loop
      vertex 1.420000e+2 1.460000e+2 0.000000e+0
      vertex 1.420000e+2 1.600000e+2 3.000000e+0
      vertex 1.420000e+2 1.460000e+2 3.000000e+0
    endloop
  endfacet
  facet normal 0.000000e+0 0.000000e+0 -1.000000e+0
    outer loop
      vertex 1.560000e+2 1.600000e+2 0.000000e+0
      vertex 1.600000e+2 1.600000e+2 0.000000e+0
      vertex 1.600000e+2 1.460000e+2 0.000000e+0
    endloop
  endfacet
  facet normal 0.000000e+0 0.000000e+0 -1.000000e+0
    outer loop
      vertex 1.560000e+2 1.600000e+2 0.000000e+0
      vertex 1.600000e+2 1.460000e+2 0.000000e+0
      vertex 1.560000e+2 1.460000e+2 0.000000e+0
    endloop
  endfacet
  facet normal 0.000000e+0 0.000000e+0 1.000000e+0
    outer loop
      vertex 1.560000e+2 1.460000e+2 3.000000e+0
      vertex 1.600000e+2 1.460000e+2 3.000000e+0
      vertex 1.600000e+2 1.600000e+2 3.000000e+0
    endloop
  endfacet
  facet normal 0.000000e+0 0.000000e+0 1.000000e+0
    outer loop
      vertex 1.560000e+2 1.460000e+2 3.000000e+0
      vertex 1.600000e+2 1.600000e+2 3.000000e+0
      vertex 1.560000e+2 1.600000e+2 3.000000e+0
    endloop
  endfacet
  facet normal 0.000000e+0 -1.000000e+0 0.000000e+0
    outer loop
      vertex 1.560000e+2 1.460000e+2 0.000000e+0
      vertex 1.600000e+2 1.460000e+2 0.000000e+0
      vertex 1.600000e+2 1.460000e+2 3.000000e+0
    endloop
  endfacet
  facet normal 0.000000e+0 -1.000000e+0 0.000000e+0
    outer loop
      vertex 1.560000e+2 1.460000e+2 0.000000e+0
      vertex 1.600000e+2 1.460000e+2 3.000000e+0
      vertex 1.560000e+2 1.460000e+2 3.000000e+0
    endloop
  endfacet
  facet normal 0.000000e+0 1.000000e+0 0.000000e+0
    outer loop
      vertex 1.600000e+2 1.600000e+2 0.000000e+0
      vertex 1.560000e+2 1.600000e+2 0.000000e+0
      vertex 1.560000e+2 1.600000e+2 3.000000e+0
    endloop
  endfacet
  facet normal 0.000000e+0 1.000000e+0 0.000000e+0
    outer loop
      vertex 1.600000e+2 1.600000e+2 0.000000e+0
      vertex 1.560000e+2 1.600000e+2 3.000000e+0
      vertex 1.600000e+2 1.600000e+2 3.000000e+0
    endloop
  endfacet
  facet normal -1.000000e+0 0.000000e+0 0.000000e+0
    outer loop
      vertex 1.560000e+2 1.600000e+2 0.000000e+0
      vertex 1.560000e+2 1.460000e+2 0.000000e+0
      vertex 1.560000e+2 1.460000e+2 3.000000e+0
    endloop
  endfacet
  facet normal -1.000000e+0 0.000000e+0 0.000000e+0
    outer loop
      vertex 1.560000e+2 1.600000e+2 0.000000e+0
      vertex 1.560000e+2 1.460000e+2 3.000000e+0
      vertex 1.560000e+2 1.600000e+2 3.000000e+0
    endloop
  endfacet
  facet normal 1.000000e+0 0.000000e+0 0.000000e+0
    outer loop
      vertex 1.600000e+2 1.460000e+2 0.000000e+0
      vertex 1.600000e+2 1.600000e+2 0.000000e+0
      vertex 1.600000e+2 1.600000e+2 3.000000e+0
    endloop
  endfacet
  facet normal 1.000000e+0 0.000000e+0 0.000000e+0
    outer loop
      vertex 1.600000e+2 1.460000e+2 0.000000e+0
      vertex 1.600000e+2 1.600000e+2 3.000000e+0
      vertex 1.600000e+2 1.460000e+2 3.000000e+0
    endloop
  endfacet
  facet normal 0.000000e+0 0.000000e+0 -1.000000e+0
    outer loop
      vertex 1.740000e+2 1.600000e+2 0.000000e+0
      vertex 1.780000e+2 1.600000e+2 0.000000e+0
      vertex 1.780000e+2 1.460000e+2 0.000000e+0
    endloop
  endfacet
  facet normal 0.000000e+0 0.000000e+0 -1.000000e+0
    outer loop
      vertex 1.740000e+2 1.600000e+2 0.000000e+0
      vertex 1.780000e+2 1.460000e+2 0.000000e+0
      vertex 1.740000e+2 1.460000e+2 0.000000e+0
    endloop
  endfacet
  facet normal 0.000000e+0 0.000000e+0 1.000000e+0
    outer loop
      vertex 1.740000e+2 1.460000e+2 3.000000e+0
      vertex 1.780000e+2 1.460000e+2 3.000000e+0
      vertex 1.780000e+2 1.600000e+2 3.000000e+0
    endloop
  endfacet
  facet normal 0.000000e+0 0.000000e+0 1.000000e+0
    outer loop
      vertex 1.740000e+2 1.460000e+2 3.000000e+0
      vertex 1.780000e+2 1.600000e+2 3.000000e+0
      vertex 1.740000e+2 1.600000e+2 3.000000e+0
    endloop
  endfacet
  facet normal 0.000000e+0 -1.000000e+0 0.000000e+0
    outer loop
      vertex 1.740000e+2 1.460000e+2 0.000000e+0
      vertex 1.780000e+2 1.460000e+2 0.000000e+0
      vertex 1.780000e+2 1.460000e+2 3.000000e+0
    endloop
  endfacet
  facet normal 0.000000e+0 -1.000000e+0 0.000000e+0
    outer loop
      vertex 1.740000e+2 1.460000e+2 0.000000e+0
      vertex 1.780000e+2 1.460000e+2 3.000000e+0
      vertex 1.740000e+2 1.460000e+2 3.000000e+0
    endloop
  endfacet
  facet normal 0.000000e+0 1.000000e+0 0.000000e+0
    outer loop
      vertex 1.780000e+2 1.600000e+2 0.000000e+0
      vertex 1.740000e+2 1.600000e+2 0.000000e+0
      vertex 1.740000e+2 1.600000e+2 3.000000e+0
    endloop
  endfacet
  facet normal 0.000000e+0 1.000000e+0 0.000000e+0
    outer loop
      vertex 1.780000e+2 1.600000e+2 0.000000e+0
      vertex 1.740000e+2 1.600000e+2 3.000000e+0
      vertex 1.780000e+2 1.600000e+2 3.000000e+0
    endloop
  endfacet
  facet normal -1.000000e+0 0.000000e+0 0.000000e+0
    outer loop
      vertex 1.740000e+2 1.600000e+2 0.000000e+0
      vertex 1.740000e+2 1.460000e+2 0.000000e+0
      vertex 1.740000e+2 1.460000e+2 3.000000e+0
    endloop
  endfacet
  facet normal -1.000000e+0 0.000000e+0 0.000000e+0
    outer loop
      vertex 1.740000e+2 1.600000e+2 0.000000e+0
      vertex 1.740000e+2 1.460000e+2 3.000000e+0
      vertex 1.740000e+2 1.600000e+2 3.000000e+0
    endloop
  endfacet
  facet normal 1.000000e+0 0.000000e+0 0.000000e+0
    outer loop
      vertex 1.780000e+2 1.460000e+2 0.000000e+0
      vertex 1.780000e+2 1.600000e+2 0.000000e+0
      vertex 1.780000e+2 1.600000e+2 3.000000e+0
    endloop
  endfacet
  facet normal 1.000000e+0 0.000000e+0 0.000000e+0
    outer loop
      vertex 1.780000e+2 1.460000e+2 0.000000e+0
      vertex 1.780000e+2 1.600000e+2 3.000000e+0
      vertex 1.780000e+2 1.460000e+2 3.000000e+0
    endloop
  endfacet
  facet normal 0.000000e+0 0.000000e+0 -1.000000e+0
    outer loop
      vertex 1.920000e+2 1.600000e+2 0.000000e+0
      vertex 1.960000e+2 1.600000e+2 0.000000e+0
      vertex 1.960000e+2 1.460000e+2 0.000000e+0
    endloop
  endfacet
  facet normal 0.000000e+0 0.000000e+0 -1.000000e+0
    outer loop
      vertex 1.920000e+2 1.600000e+2 0.000000e+0
      vertex 1.960000e+2 1.460000e+2 0.000000e+0
      vertex 1.920000e+2 1.460000e+2 0.000000e+0
    endloop
  endfacet
  facet normal 0.000000e+0 0.000000e+0 1.000000e+0
    outer loop
      vertex 1.920000e+2 1.460000e+2 3.000000e+0
      vertex 1.960000e+2 1.460000e+2 3.000000e+0
      vertex 1.960000e+2 1.600000e+2 3.000000e+0
    endloop
  endfacet
  facet normal 0.000000e+0 0.000000e+0 1.000000e+0
    outer loop
      vertex 1.920000e+2 1.460000e+2 3.000000e+0
      vertex 1.960000e+2 1.600000e+2 3.000000e+0
      vertex 1.920000e+2 1.600000e+2 3.000000e+0
    endloop
  endfacet
  facet normal 0.000000e+0 -1.000000e+0 0.000000e+0
    outer loop
      vertex 1.920000e+2 1.460000e+2 0.000000e+0
      vertex 1.960000e+2 1.460000e+2 0.000000e+0
      vertex 1.960000e+2 1.460000e+2 3.000000e+0
    endloop
  endfacet
  facet normal 0.000000e+0 -1.000000e+0 0.000000e+0
    outer loop
      vertex 1.920000e+2 1.460000e+2 0.000000e+0
      vertex 1.960000e+2 1.460000e+2 3.000000e+0
      vertex 1.920000e+2 1.460000e+2 3.000000e+0
    endloop
  endfacet
  facet normal 0.000000e+0 1.000000e+0 0.000000e+0
    outer loop
      vertex 1.960000e+2 1.600000e+2 0.000000e+0
      vertex 1.920000e+2 1.600000e+2 0.000000e+0
      vertex 1.920000e+2 1.600000e+2 3.000000e+0
    endloop
  endfacet
  facet normal 0.000000e+0 1.000000e+0 0.000000e+0
    outer loop
      vertex 1.960000e+2 1.600000e+2 0.000000e+0
      vertex 1.920000e+2 1.600000e+2 3.000000e+0
      vertex 1.960000e+2 1.600000e+2 3.000000e+0
    endloop
  endfacet
  facet normal -1.000000e+0 0.000000e+0 0.000000e+0
    outer loop
      vertex 1.920000e+2 1.600000e+2 0.000000e+0
      vertex 1.920000e+2 1.460000e+2 0.000000e+0
      vertex 1.920000e+2 1.460000e+2 3.000000e+0
    endloop
  endfacet
  facet normal -1.000000e+0 0.000000e+0 0.000000e+0
    outer loop
      vertex 1.920000e+2 1.600000e+2 0.000000e+0
      vertex 1.920000e+2 1.460000e+2 3.000000e+0
      vertex 1.920000e+2 1.600000e+2 3.000000e+0
    endloop
  endfacet
  facet normal 1.000000e+0 0.000000e+0 0.000000e+0
    outer loop
      vertex 1.960000e+2 1.460000e+2 0.000000e+0
      vertex 1.960000e+2 1.600000e+2 0.000000e+0
      vertex 1.960000e+2 1.600000e+2 3.000000e+0
    endloop
  endfacet
  facet normal 1.000000e+0 0.000000e+0 0.000000e+0
    outer loop
      vertex 1.960000e+2 1.460000e+2 0.000000e+0
      vertex 1.960000e+2 1.600000e+2 3.000000e+0
      vertex 1.960000e+2 1.460000e+2 3.000000e+0
    endloop
  endfacet
  facet normal 0.000000e+0 0.000000e+0 -1.000000e+0
    outer loop
      vertex 0.000000e+0 1.780000e+2 0.000000e+0
      vertex 2.000000e+0 1.780000e+2 0.000000e+0
      vertex 2.000000e+0 1.640000e+2 0.000000e+0
    endloop
  endfacet
  facet normal 0.000000e+0 0.000000e+0 -1.000000e+0
    outer loop
      vertex 0.000000e+0 1.780000e+2 0.000000e+0
      vertex 2.000000e+0 1.640000e+2 0.000000e+0
      vertex 0.000000e+0 1.640000e+2 0.000000e+0
    endloop
  endfacet
  facet normal 0.000000e+0 0.000000e+0 1.000000e+0
    outer loop
      vertex 0.000000e+0 1.640000e+2 3.000000e+0
      vertex 2.000000e+0 1.640000e+2 3.000000e+0
      vertex 2.000000e+0 1.780000e+2 3.000000e+0
    endloop
  endfacet
  facet normal 0.000000e+0 0.000000e+0 1.000000e+0
    outer loop
      vertex 0.000000e+0 1.640000e+2 3.000000e+0
      vertex 2.000000e+0 1.780000e+2 3.000000e+0
      vertex 0.000000e+0 1.780000e+2 3.000000e+0
    endloop
  endfacet
  facet normal 0.000000e+0 -1.000000e+0 0.000000e+0
    outer loop
      vertex 0.000000e+0 1.640000e+2 0.000000e+0
      vertex 2.000000e+0 1.640000e+2 0.000000e+0
      vertex 2.000000e+0 1.640000e+2 3.000000e+0
    endloop
  endfacet
  facet normal 0.000000e+0 -1.000000e+0 0.000000e+0
    outer loop
      vertex 0.000000e+0 1.640000e+2 0.000000e+0
      vertex 2.000000e+0 1.640000e+2 3.000000e+0
      vertex 0.000000e+0 1.640000e+2 3.000000e+0
    endloop
  endfacet
  facet normal 0.000000e+0 1.000000e+0 0.000000e+0
    outer loop
      vertex 2.000000e+0 1.780000e+2 0.000000e+0
      vertex 0.000000e+0 1.780000e+2 0.000000e+0
      vertex 0.000000e+0 1.780000e+2 3.000000e+0
    endloop
  endfacet
  facet normal 0.000000e+0 1.000000e+0 0.000000e+0
    outer loop
      vertex 2.000000e+0 1.780000e+2 0.000000e+0
      vertex 0.000000e+0 1.780000e+2 3.000000e+0
      vertex 2.000000e+0 1.780000e+2 3.000000e+0
    endloop
  endfacet
  facet normal -1.000000e+0 0.000000e+0 0.000000e+0
    outer loop
      vertex 0.000000e+0 1.780000e+2 0.000000e+0
      vertex 0.000000e+0 1.640000e+2 0.000000e+0
      vertex 0.000000e+0 1.640000e+2 3.000000e+0
    endloop
  endfacet
  facet normal -1.000000e+0 0.000000e+0 0.000000e+0
    outer loop
      vertex 0.000000e+0 1.780000e+2 0.000000e+0
      vertex 0.000000e+0 1.640000e+2 3.000000e+0
      vertex 0.000000e+0 1.780000e+2 3.000000e+0
    endloop
  endfacet
  facet normal 1.000000e+0 0.000000e+0 0.000000e+0
    outer loop
      vertex 2.000000e+0 1.640000e+2 0.000000e+0
      vertex 2.000000e+0 1.780000e+2 0.000000e+0
      vertex 2.000000e+0 1.780000e+2 3.000000e+0
    endloop
  endfacet
  facet normal 1.000000e+0 0.000000e+0 0.000000e+0
    outer loop
      vertex 2.000000e+0 1.640000e+2 0.000000e+0
      vertex 2.000000e+0 1.780000e+2 3.000000e+0
      vertex 2.000000e+0 1.640000e+2 3.000000e+0
    endloop
  endfacet
  facet normal 0.000000e+0 0.000000e+0 -1.000000e+0
    outer loop
      vertex 3.000000e+1 1.780000e+2 0.000000e+0
      vertex 3.400000e+1 1.780000e+2 0.000000e+0
      vertex 3.400000e+1 1.640000e+2 0.000000e+0
    endloop
  endfacet
  facet normal 0.000000e+0 0.000000e+0 -1.000000e+0
    outer loop
      vertex 3.000000e+1 1.780000e+2 0.000000e+0
      vertex 3.400000e+1 1.640000e+2 0.000000e+0
      vertex 3.000000e+1 1.640000e+2 0.000000e+0
    endloop
  endfacet
  facet normal 0.000000e+0 0.000000e+0 1.000000e+0
    outer loop
      vertex 3.000000e+1 1.640000e+2 3.000000e+0
      vertex 3.400000e+1 1.640000e+2 3.000000e+0
      vertex 3.400000e+1 1.780000e+2 3.000000e+0
    endloop
  endfacet
  facet normal 0.000000e+0 0.000000e+0 1.000000e+0
    outer loop
      vertex 3.000000e+1 1.640000e+2 3.000000e+0
      vertex 3.400000e+1 1.780000e+2 3.000000e+0
      vertex 3.000000e+1 1.780000e+2 3.000000e+0
    endloop
  endfacet
  facet normal 0.000000e+0 -1.000000e+0 0.000000e+0
    outer loop
      vertex 3.000000e+1 1.640000e+2 0.000000e+0
      vertex 3.400000e+1 1.640000e+2 0.000000e+0
      vertex 3.400000e+1 1.640000e+2 3.000000e+0
    endloop
  endfacet
  facet normal 0.000000e+0 -1.000000e+0 0.000000e+0
    outer loop
      vertex 3.000000e+1 1.640000e+2 0.000000e+0
      vertex 3.400000e+1 1.640000e+2 3.000000e+0
      vertex 3.000000e+1 1.640000e+2 3.000000e+0
    endloop
  endfacet
  facet normal 0.000000e+0 1.000000e+0 0.000000e+0
    outer loop
      vertex 3.400000e+1 1.780000e+2 0.000000e+0
      vertex 3.000000e+1 1.780000e+2 0.000000e+0
      vertex 3.000000e+1 1.780000e+2 3.000000e+0
    endloop
  endfacet
  facet normal 0.000000e+0 1.000000e+0 0.000000e+0
    outer loop
      vertex 3.400000e+1 1.780000e+2 0.000000e+0
      vertex 3.000000e+1 1.780000e+2 3.000000e+0
      vertex 3.400000e+1 1.780000e+2 3.000000e+0
    endloop
  endfacet
  facet normal -1.000000e+0 0.000000e+0 0.000000e+0
    outer loop
      vertex 3.000000e+1 1.780000e+2 0.000000e+0
      vertex 3.000000e+1 1.640000e+2 0.000000e+0
      vertex 3.000000e+1 1.640000e+2 3.000000e+0
    endloop
  endfacet
  facet normal -1.000000e+0 0.000000e+0 0.000000e+0
    outer loop
      vertex 3.000000e+1 1.780000e+2 0.000000e+0
      vertex 3.000000e+1 1.640000e+2 3.000000e+0
      vertex 3.000000e+1 1.780000e+2 3.000000e+0
    endloop
  endfacet
  facet normal 1.000000e+0 0.000000e+0 0.000000e+0
    outer loop
      vertex 3.400000e+1 1.640000e+2 0.000000e+0
      vertex 3.400000e+1 1.780000e+2 0.000000e+0
      vertex 3.400000e+1 1.780000e+2 3.000000e+0
    endloop
  endfacet
  facet normal 1.000000e+0 0.000000e+0 0.000000e+0
    outer loop
      vertex 3.400000e+1 1.640000e+2 0.000000e+0
      vertex 3.400000e+1 1.780000e+2 3.000000e+0
      vertex 3.400000e+1 1.640000e+2 3.000000e+0
    endloop
  endfacet
  facet normal 0.000000e+0 0.000000e+0 -1.000000e+0
    outer loop
      vertex 4.800000e+1 1.780000e+2 0.000000e+0
      vertex 5.200000e+1 1.780000e+2 0.000000e+0
      vertex 5.200000e+1 1.640000e+2 0.000000e+0
    endloop
  endfacet
  facet normal 0.000000e+0 0.000000e+0 -1.000000e+0
    outer loop
      vertex 4.800000e+1 1.780000e+2 0.000000e+0
      vertex 5.200000e+1 1.640000e+2 0.000000e+0
      vertex 4.800000e+1 1.640000e+2 0.000000e+0
    endloop
  endfacet
  facet normal 0.000000e+0 0.000000e+0 1.000000e+0
    outer loop
      vertex 4.800000e+1 1.640000e+2 3.000000e+0
      vertex 5.200000e+1 1.640000e+2 3.000000e+0
      vertex 5.200000e+1 1.780000e+2 3.000000e+0
    endloop
  endfacet
  facet normal 0.000000e+0 0.000000e+0 1.000000e+0
    outer loop
      vertex 4.800000e+1 1.640000e+2 3.000000e+0
      vertex 5.200000e+1 1.780000e+2 3.000000e+0
      vertex 4.800000e+1 1.780000e+2 3.000000e+0
    endloop
  endfacet
  facet normal 0.000000e+0 -1.000000e+0 0.000000e+0
    outer loop
      vertex 4.800000e+1 1.640000e+2 0.000000e+0
      vertex 5.200000e+1 1.640000e+2 0.000000e+0
      vertex 5.200000e+1 1.640000e+2 3.000000e+0
    endloop
  endfacet
  facet normal 0.000000e+0 -1.000000e+0 0.000000e+0
    outer loop
      vertex 4.800000e+1 1.640000e+2 0.000000e+0
      vertex 5.200000e+1 1.640000e+2 3.000000e+0
      vertex 4.800000e+1 1.640000e+2 3.000000e+0
    endloop
  endfacet
  facet normal 0.000000e+0 1.000000e+0 0.000000e+0
    outer loop
      vertex 5.200000e+1 1.780000e+2 0.000000e+0
      vertex 4.800000e+1 1.780000e+2 0.000000e+0
      vertex 4.800000e+1 1.780000e+2 3.000000e+0
    endloop
  endfacet
  facet normal 0.000000e+0 1.000000e+0 0.000000e+0
    outer loop
      vertex 5.200000e+1 1.780000e+2 0.000000e+0
      vertex 4.800000e+1 1.780000e+2 3.000000e+0
      vertex 5.200000e+1 1.780000e+2 3.000000e+0
    endloop
  endfacet
  facet normal -1.000000e+0 0.000000e+0 0.000000e+0
    outer loop
      vertex 4.800000e+1 1.780000e+2 0.000000e+0
      vertex 4.800000e+1 1.640000e+2 0.000000e+0
      vertex 4.800000e+1 1.640000e+2 3.000000e+0
    endloop
  endfacet
  facet normal -1.000000e+0 0.000000e+0 0.000000e+0
    outer loop
      vertex 4.800000e+1 1.780000e+2 0.000000e+0
      vertex 4.800000e+1 1.640000e+2 3.000000e+0
      vertex 4.800000e+1 1.780000e+2 3.000000e+0
    endloop
  endfacet
  facet normal 1.000000e+0 0.000000e+0 0.000000e+0
    outer loop
      vertex 5.200000e+1 1.640000e+2 0.000000e+0
      vertex 5.200000e+1 1.780000e+2 0.000000e+0
      vertex 5.200000e+1 1.780000e+2 3.000000e+0
    endloop
  endfacet
  facet normal 1.000000e+0 0.000000e+0 0.000000e+0
    outer loop
      vertex 5.200000e+1 1.640000e+2 0.000000e+0
      vertex 5.200000e+1 1.780000e+2 3.000000e+0
      vertex 5.200000e+1 1.640000e+2 3.000000e+0
    endloop
  endfacet
  facet normal 0.000000e+0 0.000000e+0 -1.000000e+0
    outer loop
      vertex 6.600000e+1 1.780000e+2 0.000000e+0
      vertex 7.000000e+1 1.780000e+2 0.000000e+0
      vertex 7.000000e+1 1.640000e+2 0.000000e+0
    endloop
  endfacet
  facet normal 0.000000e+0 0.000000e+0 -1.000000e+0
    outer loop
      vertex 6.600000e+1 1.780000e+2 0.000000e+0
      vertex 7.000000e+1 1.640000e+2 0.000000e+0
      vertex 6.600000e+1 1.640000e+2 0.000000e+0
    endloop
  endfacet
  facet normal 0.000000e+0 0.000000e+0 1.000000e+0
    outer loop
      vertex 6.600000e+1 1.640000e+2 3.000000e+0
      vertex 7.000000e+1 1.640000e+2 3.000000e+0
      vertex 7.000000e+1 1.780000e+2 3.000000e+0
    endloop
  endfacet
  facet normal 0.000000e+0 0.000000e+0 1.000000e+0
    outer loop
      vertex 6.600000e+1 1.640000e+2 3.000000e+0
      vertex 7.000000e+1 1.780000e+2 3.000000e+0
      vertex 6.600000e+1 1.780000e+2 3.000000e+0
    endloop
  endfacet
  facet normal 0.000000e+0 -1.000000e+0 0.000000e+0
    outer loop
      vertex 6.600000e+1 1.640000e+2 0.000000e+0
      vertex 7.000000e+1 1.640000e+2 0.000000e+0
      vertex 7.000000e+1 1.640000e+2 3.000000e+0
    endloop
  endfacet
  facet normal 0.000000e+0 -1.000000e+0 0.000000e+0
    outer loop
      vertex 6.600000e+1 1.640000e+2 0.000000e+0
      vertex 7.000000e+1 1.640000e+2 3.000000e+0
      vertex 6.600000e+1 1.640000e+2 3.000000e+0
    endloop
  endfacet
  facet normal 0.000000e+0 1.000000e+0 0.000000e+0
    outer loop
      vertex 7.000000e+1 1.780000e+2 0.000000e+0
      vertex 6.600000e+1 1.780000e+2 0.000000e+0
      vertex 6.600000e+1 1.780000e+2 3.000000e+0
    endloop
  endfacet
  facet normal 0.000000e+0 1.000000e+0 0.000000e+0
    outer loop
      vertex 7.000000e+1 1.780000e+2 0.000000e+0
      vertex 6.600000e+1 1.780000e+2 3.000000e+0
      vertex 7.000000e+1 1.780000e+2 3.000000e+0
    endloop
  endfacet
  facet normal -1.000000e+0 0.000000e+0 0.000000e+0
    outer loop
      vertex 6.600000e+1 1.780000e+2 0.000000e+0
      vertex 6.600000e+1 1.640000e+2 0.000000e+0
      vertex 6.600000e+1 1.640000e+2 3.000000e+0
    endloop
  endfacet
  facet normal -1.000000e+0 0.000000e+0 0.000000e+0
    outer loop
      vertex 6.600000e+1 1.780000e+2 0.000000e+0
      vertex 6.600000e+1 1.640000e+2 3.000000e+0
      vertex 6.600000e+1 1.780000e+2 3.000000e+0
    endloop
  endfacet
  facet normal 1.000000e+0 0.000000e+0 0.000000e+0
    outer loop
      vertex 7.000000e+1 1.640000e+2 0.000000e+0
      vertex 7.000000e+1 1.780000e+2 0.000000e+0
      vertex 7.000000e+1 1.780000e+2 3.000000e+0
    endloop
  endfacet
  facet normal 1.000000e+0 0.000000e+0 0.000000e+0
    outer loop
      vertex 7.000000e+1 1.640000e+2 0.000000e+0
      vertex 7.000000e+1 1.780000e+2 3.000000e+0
      vertex 7.000000e+1 1.640000e+2 3.000000e+0
    endloop
  endfacet
  facet normal 0.000000e+0 0.000000e+0 -1.000000e+0
    outer loop
      vertex 8.400000e+1 1.780000e+2 0.000000e+0
      vertex 8.800000e+1 1.780000e+2 0.000000e+0
      vertex 8.800000e+1 1.640000e+2 0.000000e+0
    endloop
  endfacet
  facet normal 0.000000e+0 0.000000e+0 -1.000000e+0
    outer loop
      vertex 8.400000e+1 1.780000e+2 0.000000e+0
      vertex 8.800000e+1 1.640000e+2 0.000000e+0
      vertex 8.400000e+1 1.640000e+2 0.000000e+0
    endloop
  endfacet
  facet normal 0.000000e+0 0.000000e+0 1.000000e+0
    outer loop
      vertex 8.400000e+1 1.640000e+2 3.000000e+0
      vertex 8.800000e+1 1.640000e+2 3.000000e+0
      vertex 8.800000e+1 1.780000e+2 3.000000e+0
    endloop
  endfacet
  facet normal 0.000000e+0 0.000000e+0 1.000000e+0
    outer loop
      vertex 8.400000e+1 1.640000e+2 3.000000e+0
      vertex 8.800000e+1 1.780000e+2 3.000000e+0
      vertex 8.400000e+1 1.780000e+2 3.000000e+0
    endloop
  endfacet
  facet normal 0.000000e+0 -1.000000e+0 0.000000e+0
    outer loop
      vertex 8.400000e+1 1.640000e+2 0.000000e+0
      vertex 8.800000e+1 1.640000e+2 0.000000e+0
      vertex 8.800000e+1 1.640000e+2 3.000000e+0
    endloop
  endfacet
  facet normal 0.000000e+0 -1.000000e+0 0.000000e+0
    outer loop
      vertex 8.400000e+1 1.640000e+2 0.000000e+0
      vertex 8.800000e+1 1.640000e+2 3.000000e+0
      vertex 8.400000e+1 1.640000e+2 3.000000e+0
    endloop
  endfacet
  facet normal 0.000000e+0 1.000000e+0 0.000000e+0
    outer loop
      vertex 8.800000e+1 1.780000e+2 0.000000e+0
      vertex 8.400000e+1 1.780000e+2 0.000000e+0
      vertex 8.400000e+1 1.780000e+2 3.000000e+0
    endloop
  endfacet
  facet normal 0.000000e+0 1.000000e+0 0.000000e+0
    outer loop
      vertex 8.800000e+1 1.780000e+2 0.000000e+0
      vertex 8.400000e+1 1.780000e+2 3.000000e+0
      vertex 8.800000e+1 1.780000e+2 3.000000e+0
    endloop
  endfacet
  facet normal -1.000000e+0 0.000000e+0 0.000000e+0
    outer loop
      vertex 8.400000e+1 1.780000e+2 0.000000e+0
      vertex 8.400000e+1 1.640000e+2 0.000000e+0
      vertex 8.400000e+1 1.640000e+2 3.000000e+0
    endloop
  endfacet
  facet normal -1.000000e+0 0.000000e+0 0.000000e+0
    outer loop
      vertex 8.400000e+1 1.780000e+2 0.000000e+0
      vertex 8.400000e+1 1.640000e+2 3.000000e+0
      vertex 8.400000e+1 1.780000e+2 3.000000e+0
    endloop
  endfacet
  facet normal 1.000000e+0 0.000000e+0 0.000000e+0
    outer loop
      vertex 8.800000e+1 1.640000e+2 0.000000e+0
      vertex 8.800000e+1 1.780000e+2 0.000000e+0
      vertex 8.800000e+1 1.780000e+2 3.000000e+0
    endloop
  endfacet
  facet normal 1.000000e+0 0.000000e+0 0.000000e+0
    outer loop
      vertex 8.800000e+1 1.640000e+2 0.000000e+0
      vertex 8.800000e+1 1.780000e+2 3.000000e+0
      vertex 8.800000e+1 1.640000e+2 3.000000e+0
    endloop
  endfacet
  facet normal 0.000000e+0 0.000000e+0 -1.000000e+0
    outer loop
      vertex 1.020000e+2 1.780000e+2 0.000000e+0
      vertex 1.060000e+2 1.780000e+2 0.000000e+0
      vertex 1.060000e+2 1.640000e+2 0.000000e+0
    endloop
  endfacet
  facet normal 0.000000e+0 0.000000e+0 -1.000000e+0
    outer loop
      vertex 1.020000e+2 1.780000e+2 0.000000e+0
      vertex 1.060000e+2 1.640000e+2 0.000000e+0
      vertex 1.020000e+2 1.640000e+2 0.000000e+0
    endloop
  endfacet
  facet normal 0.000000e+0 0.000000e+0 1.000000e+0
    outer loop
      vertex 1.020000e+2 1.640000e+2 3.000000e+0
      vertex 1.060000e+2 1.640000e+2 3.000000e+0
      vertex 1.060000e+2 1.780000e+2 3.000000e+0
    endloop
  endfacet
  facet normal 0.000000e+0 0.000000e+0 1.000000e+0
    outer loop
      vertex 1.020000e+2 1.640000e+2 3.000000e+0
      vertex 1.060000e+2 1.780000e+2 3.000000e+0
      vertex 1.020000e+2 1.780000e+2 3.000000e+0
    endloop
  endfacet
  facet normal 0.000000e+0 -1.000000e+0 0.000000e+0
    outer loop
      vertex 1.020000e+2 1.640000e+2 0.000000e+0
      vertex 1.060000e+2 1.640000e+2 0.000000e+0
      vertex 1.060000e+2 1.640000e+2 3.000000e+0
    endloop
  endfacet
  facet normal 0.000000e+0 -1.000000e+0 0.000000e+0
    outer loop
      vertex 1.020000e+2 1.640000e+2 0.000000e+0
      vertex 1.060000e+2 1.640000e+2 3.000000e+0
      vertex 1.020000e+2 1.640000e+2 3.000000e+0
    endloop
  endfacet
  facet normal 0.000000e+0 1.000000e+0 0.000000e+0
    outer loop
      vertex 1.060000e+2 1.780000e+2 0.000000e+0
      vertex 1.020000e+2 1.780000e+2 0.000000e+0
      vertex 1.020000e+2 1.780000e+2 3.000000e+0
    endloop
  endfacet
  facet normal 0.000000e+0 1.000000e+0 0.000000e+0
    outer loop
      vertex 1.060000e+2 1.780000e+2 0.000000e+0
      vertex 1.020000e+2 1.780000e+2 3.000000e+0
      vertex 1.060000e+2 1.780000e+2 3.000000e+0
    endloop
  endfacet
  facet normal -1.000000e+0 0.000000e+0 0.000000e+0
    outer loop
      vertex 1.020000e+2 1.780000e+2 0.000000e+0
      vertex 1.020000e+2 1.640000e+2 0.000000e+0
      vertex 1.020000e+2 1.640000e+2 3.000000e+0
    endloop
  endfacet
  facet normal -1.000000e+0 0.000000e+0 0.000000e+0
    outer loop
      vertex 1.020000e+2 1.780000e+2 0.000000e+0
      vertex 1.020000e+2 1.640000e+2 3.000000e+0
      vertex 1.020000e+2 1.780000e+2 3.000000e+0
    endloop
  endfacet
  facet normal 1.000000e+0 0.000000e+0 0.000000e+0
    outer loop
      vertex 1.060000e+2 1.640000e+2 0.000000e+0
      vertex 1.060000e+2 1.780000e+2 0.000000e+0
      vertex 1.060000e+2 1.780000e+2 3.000000e+0
    endloop
  endfacet
  facet normal 1.000000e+0 0.000000e+0 0.000000e+0
    outer loop
      vertex 1.060000e+2 1.640000e+2 0.000000e+0
      vertex 1.060000e+2 1.780000e+2 3.000000e+0
      vertex 1.060000e+2 1.640000e+2 3.000000e+0
    endloop
  endfacet
  facet normal 0.000000e+0 0.000000e+0 -1.000000e+0
    outer loop
      vertex 1.200000e+2 1.780000e+2 0.000000e+0
      vertex 1.240000e+2 1.780000e+2 0.000000e+0
      vertex 1.240000e+2 1.640000e+2 0.000000e+0
    endloop
  endfacet
  facet normal 0.000000e+0 0.000000e+0 -1.000000e+0
    outer loop
      vertex 1.200000e+2 1.780000e+2 0.000000e+0
      vertex 1.240000e+2 1.640000e+2 0.000000e+0
      vertex 1.200000e+2 1.640000e+2 0.000000e+0
    endloop
  endfacet
  facet normal 0.000000e+0 0.000000e+0 1.000000e+0
    outer loop
      vertex 1.200000e+2 1.640000e+2 3.000000e+0
      vertex 1.240000e+2 1.640000e+2 3.000000e+0
      vertex 1.240000e+2 1.780000e+2 3.000000e+0
    endloop
  endfacet
  facet normal 0.000000e+0 0.000000e+0 1.000000e+0
    outer loop
      vertex 1.200000e+2 1.640000e+2 3.000000e+0
      vertex 1.240000e+2 1.780000e+2 3.000000e+0
      vertex 1.200000e+2 1.780000e+2 3.000000e+0
    endloop
  endfacet
  facet normal 0.000000e+0 -1.000000e+0 0.000000e+0
    outer loop
      vertex 1.200000e+2 1.640000e+2 0.000000e+0
      vertex 1.240000e+2 1.640000e+2 0.000000e+0
      vertex 1.240000e+2 1.640000e+2 3.000000e+0
    endloop
  endfacet
  facet normal 0.000000e+0 -1.000000e+0 0.000000e+0
    outer loop
      vertex 1.200000e+2 1.640000e+2 0.000000e+0
      vertex 1.240000e+2 1.640000e+2 3.000000e+0
      vertex 1.200000e+2 1.640000e+2 3.000000e+0
    endloop
  endfacet
  facet normal 0.000000e+0 1.000000e+0 0.000000e+0
    outer loop
      vertex 1.240000e+2 1.780000e+2 0.000000e+0
      vertex 1.200000e+2 1.780000e+2 0.000000e+0
      vertex 1.200000e+2 1.780000e+2 3.000000e+0
    endloop
  endfacet
  facet normal 0.000000e+0 1.000000e+0 0.000000e+0
    outer loop
      vertex 1.240000e+2 1.780000e+2 0.000000e+0
      vertex 1.200000e+2 1.780000e+2 3.000000e+0
      vertex 1.240000e+2 1.780000e+2 3.000000e+0
    endloop
  endfacet
  facet normal -1.000000e+0 0.000000e+0 0.000000e+0
    outer loop
      vertex 1.200000e+2 1.780000e+2 0.000000e+0
      vertex 1.200000e+2 1.640000e+2 0.000000e+0
      vertex 1.200000e+2 1.640000e+2 3.000000e+0
    endloop
  endfacet
  facet normal -1.000000e+0 0.000000e+0 0.000000e+0
    outer loop
      vertex 1.200000e+2 1.780000e+2 0.000000e+0
      vertex 1.200000e+2 1.640000e+2 3.000000e+0
      vertex 1.200000e+2 1.780000e+2 3.000000e+0
    endloop
  endfacet
  facet normal 1.000000e+0 0.000000e+0 0.000000e+0
    outer loop
      vertex 1.240000e+2 1.640000e+2 0.000000e+0
      vertex 1.240000e+2 1.780000e+2 0.000000e+0
      vertex 1.240000e+2 1.780000e+2 3.000000e+0
    endloop
  endfacet
  facet normal 1.000000e+0 0.000000e+0 0.000000e+0
    outer loop
      vertex 1.240000e+2 1.640000e+2 0.000000e+0
      vertex 1.240000e+2 1.780000e+2 3.000000e+0
      vertex 1.240000e+2 1.640000e+2 3.000000e+0
    endloop
  endfacet
  facet normal 0.000000e+0 0.000000e+0 -1.000000e+0
    outer loop
      vertex 1.380000e+2 1.780000e+2 0.000000e+0
      vertex 1.420000e+2 1.780000e+2 0.000000e+0
      vertex 1.420000e+2 1.640000e+2 0.000000e+0
    endloop
  endfacet
  facet normal 0.000000e+0 0.000000e+0 -1.000000e+0
    outer loop
      vertex 1.380000e+2 1.780000e+2 0.000000e+0
      vertex 1.420000e+2 1.640000e+2 0.000000e+0
      vertex 1.380000e+2 1.640000e+2 0.000000e+0
    endloop
  endfacet
  facet normal 0.000000e+0 0.000000e+0 1.000000e+0
    outer loop
      vertex 1.380000e+2 1.640000e+2 3.000000e+0
      vertex 1.420000e+2 1.640000e+2 3.000000e+0
      vertex 1.420000e+2 1.780000e+2 3.000000e+0
    endloop
  endfacet
  facet normal 0.000000e+0 0.000000e+0 1.000000e+0
    outer loop
      vertex 1.380000e+2 1.640000e+2 3.000000e+0
      vertex 1.420000e+2 1.780000e+2 3.000000e+0
      vertex 1.380000e+2 1.780000e+2 3.000000e+0
    endloop
  endfacet
  facet normal 0.000000e+0 -1.000000e+0 0.000000e+0
    outer loop
      vertex 1.380000e+2 1.640000e+2 0.000000e+0
      vertex 1.420000e+2 1.640000e+2 0.000000e+0
      vertex 1.420000e+2 1.640000e+2 3.000000e+0
    endloop
  endfacet
  facet normal 0.000000e+0 -1.000000e+0 0.000000e+0
    outer loop
      vertex 1.380000e+2 1.640000e+2 0.000000e+0
      vertex 1.420000e+2 1.640000e+2 3.000000e+0
      vertex 1.380000e+2 1.640000e+2 3.000000e+0
    endloop
  endfacet
  facet normal 0.000000e+0 1.000000e+0 0.000000e+0
    outer loop
      vertex 1.420000e+2 1.780000e+2 0.000000e+0
      vertex 1.380000e+2 1.780000e+2 0.000000e+0
      vertex 1.380000e+2 1.780000e+2 3.000000e+0
    endloop
  endfacet
  facet normal 0.000000e+0 1.000000e+0 0.000000e+0
    outer loop
      vertex 1.420000e+2 1.780000e+2 0.000000e+0
      vertex 1.380000e+2 1.780000e+2 3.000000e+0
      vertex 1.420000e+2 1.780000e+2 3.000000e+0
    endloop
  endfacet
  facet normal -1.000000e+0 0.000000e+0 0.000000e+0
    outer loop
      vertex 1.380000e+2 1.780000e+2 0.000000e+0
      vertex 1.380000e+2 1.640000e+2 0.000000e+0
      vertex 1.380000e+2 1.640000e+2 3.000000e+0
    endloop
  endfacet
  facet normal -1.000000e+0 0.000000e+0 0.000000e+0
    outer loop
      vertex 1.380000e+2 1.780000e+2 0.000000e+0
      vertex 1.380000e+2 1.640000e+2 3.000000e+0
      vertex 1.380000e+2 1.780000e+2 3.000000e+0
    endloop
  endfacet
  facet normal 1.000000e+0 0.000000e+0 0.000000e+0
    outer loop
      vertex 1.420000e+2 1.640000e+2 0.000000e+0
      vertex 1.420000e+2 1.780000e+2 0.000000e+0
      vertex 1.420000e+2 1.780000e+2 3.000000e+0
    endloop
  endfacet
  facet normal 1.000000e+0 0.000000e+0 0.000000e+0
    outer loop
      vertex 1.420000e+2 1.640000e+2 0.000000e+0
      vertex 1.420000e+2 1.780000e+2 3.000000e+0
      vertex 1.420000e+2 1.640000e+2 3.000000e+0
    endloop
  endfacet
  facet normal 0.000000e+0 0.000000e+0 -1.000000e+0
    outer loop
      vertex 1.560000e+2 1.780000e+2 0.000000e+0
      vertex 1.600000e+2 1.780000e+2 0.000000e+0
      vertex 1.600000e+2 1.640000e+2 0.000000e+0
    endloop
  endfacet
  facet normal 0.000000e+0 0.000000e+0 -1.000000e+0
    outer loop
      vertex 1.560000e+2 1.780000e+2 0.000000e+0
      vertex 1.600000e+2 1.640000e+2 0.000000e+0
      vertex 1.560000e+2 1.640000e+2 0.000000e+0
    endloop
  endfacet
  facet normal 0.000000e+0 0.000000e+0 1.000000e+0
    outer loop
      vertex 1.560000e+2 1.640000e+2 3.000000e+0
      vertex 1.600000e+2 1.640000e+2 3.000000e+0
      vertex 1.600000e+2 1.780000e+2 3.000000e+0
    endloop
  endfacet
  facet normal 0.000000e+0 0.000000e+0 1.000000e+0
    outer loop
      vertex 1.560000e+2 1.640000e+2 3.000000e+0
      vertex 1.600000e+2 1.780000e+2 3.000000e+0
      vertex 1.560000e+2 1.780000e+2 3.000000e+0
    endloop
  endfacet
  facet normal 0.000000e+0 -1.000000e+0 0.000000e+0
    outer loop
      vertex 1.560000e+2 1.640000e+2 0.000000e+0
      vertex 1.600000e+2 1.640000e+2 0.000000e+0
      vertex 1.600000e+2 1.640000e+2 3.000000e+0
    endloop
  endfacet
  facet normal 0.000000e+0 -1.000000e+0 0.000000e+0
    outer loop
      vertex 1.560000e+2 1.640000e+2 0.000000e+0
      vertex 1.600000e+2 1.640000e+2 3.000000e+0
      vertex 1.560000e+2 1.640000e+2 3.000000e+0
    endloop
  endfacet
  facet normal 0.000000e+0 1.000000e+0 0.000000e+0
    outer loop
      vertex 1.600000e+2 1.780000e+2 0.000000e+0
      vertex 1.560000e+2 1.780000e+2 0.000000e+0
      vertex 1.560000e+2 1.780000e+2 3.000000e+0
    endloop
  endfacet
  facet normal 0.000000e+0 1.000000e+0 0.000000e+0
    outer loop
      vertex 1.600000e+2 1.780000e+2 0.000000e+0
      vertex 1.560000e+2 1.780000e+2 3.000000e+0
      vertex 1.600000e+2 1.780000e+2 3.000000e+0
    endloop
  endfacet
  facet normal -1.000000e+0 0.000000e+0 0.000000e+0
    outer loop
      vertex 1.560000e+2 1.780000e+2 0.000000e+0
      vertex 1.560000e+2 1.640000e+2 0.000000e+0
      vertex 1.560000e+2 1.640000e+2 3.000000e+0
    endloop
  endfacet
  facet normal -1.000000e+0 0.000000e+0 0.000000e+0
    outer loop
      vertex 1.560000e+2 1.780000e+2 0.000000e+0
      vertex 1.560000e+2 1.640000e+2 3.000000e+0
      vertex 1.560000e+2 1.780000e+2 3.000000e+0
    endloop
  endfacet
  facet normal 1.000000e+0 0.000000e+0 0.000000e+0
    outer loop
      vertex 1.600000e+2 1.640000e+2 0.000000e+0
      vertex 1.600000e+2 1.780000e+2 0.000000e+0
      vertex 1.600000e+2 1.780000e+2 3.000000e+0
    endloop
  endfacet
  facet normal 1.000000e+0 0.000000e+0 0.000000e+0
    outer loop
      vertex 1.600000e+2 1.640000e+2 0.000000e+0
      vertex 1.600000e+2 1.780000e+2 3.000000e+0
      vertex 1.600000e+2 1.640000e+2 3.000000e+0
    endloop
  endfacet
  facet normal 0.000000e+0 0.000000e+0 -1.000000e+0
    outer loop
      vertex 1.740000e+2 1.780000e+2 0.000000e+0
      vertex 1.780000e+2 1.780000e+2 0.000000e+0
      vertex 1.780000e+2 1.640000e+2 0.000000e+0
    endloop
  endfacet
  facet normal 0.000000e+0 0.000000e+0 -1.000000e+0
    outer loop
      vertex 1.740000e+2 1.780000e+2 0.000000e+0
      vertex 1.780000e+2 1.640000e+2 0.000000e+0
      vertex 1.740000e+2 1.640000e+2 0.000000e+0
    endloop
  endfacet
  facet normal 0.000000e+0 0.000000e+0 1.000000e+0
    outer loop
      vertex 1.740000e+2 1.640000e+2 3.000000e+0
      vertex 1.780000e+2 1.640000e+2 3.000000e+0
      vertex 1.780000e+2 1.780000e+2 3.000000e+0
    endloop
  endfacet
  facet normal 0.000000e+0 0.000000e+0 1.000000e+0
    outer loop
      vertex 1.740000e+2 1.640000e+2 3.000000e+0
      vertex 1.780000e+2 1.780000e+2 3.000000e+0
      vertex 1.740000e+2 1.780000e+2 3.000000e+0
    endloop
  endfacet
  facet normal 0.000000e+0 -1.000000e+0 0.000000e+0
    outer loop
      vertex 1.740000e+2 1.640000e+2 0.000000e+0
      vertex 1.780000e+2 1.640000e+2 0.000000e+0
      vertex 1.780000e+2 1.640000e+2 3.000000e+0
    endloop
  endfacet
  facet normal 0.000000e+0 -1.000000e+0 0.000000e+0
    outer loop
      vertex 1.740000e+2 1.640000e+2 0.000000e+0
      vertex 1.780000e+2 1.640000e+2 3.000000e+0
      vertex 1.740000e+2 1.640000e+2 3.000000e+0
    endloop
  endfacet
  facet normal 0.000000e+0 1.000000e+0 0.000000e+0
    outer loop
      vertex 1.780000e+2 1.780000e+2 0.000000e+0
      vertex 1.740000e+2 1.780000e+2 0.000000e+0
      vertex 1.740000e+2 1.780000e+2 3.000000e+0
    endloop
  endfacet
  facet normal 0.000000e+0 1.000000e+0 0.000000e+0
    outer loop
      vertex 1.780000e+2 1.780000e+2 0.000000e+0
      vertex 1.740000e+2 1.780000e+2 3.000000e+0
      vertex 1.780000e+2 1.780000e+2 3.000000e+0
    endloop
  endfacet
  facet normal -1.000000e+0 0.000000e+0 0.000000e+0
    outer loop
      vertex 1.740000e+2 1.780000e+2 0.000000e+0
      vertex 1.740000e+2 1.640000e+2 0.000000e+0
      vertex 1.740000e+2 1.640000e+2 3.000000e+0
    endloop
  endfacet
  facet normal -1.000000e+0 0.000000e+0 0.000000e+0
    outer loop
      vertex 1.740000e+2 1.780000e+2 0.000000e+0
      vertex 1.740000e+2 1.640000e+2 3.000000e+0
      vertex 1.740000e+2 1.780000e+2 3.000000e+0
    endloop
  endfacet
  facet normal 1.000000e+0 0.000000e+0 0.000000e+0
    outer loop
      vertex 1.780000e+2 1.640000e+2 0.000000e+0
      vertex 1.780000e+2 1.780000e+2 0.000000e+0
      vertex 1.780000e+2 1.780000e+2 3.000000e+0
    endloop
  endfacet
  facet normal 1.000000e+0 0.000000e+0 0.000000e+0
    outer loop
      vertex 1.780000e+2 1.640000e+2 0.000000e+0
      vertex 1.780000e+2 1.780000e+2 3.000000e+0
      vertex 1.780000e+2 1.640000e+2 3.000000e+0
    endloop
  endfacet
  facet normal 0.000000e+0 0.000000e+0 -1.000000e+0
    outer loop
      vertex 1.920000e+2 1.780000e+2 0.000000e+0
      vertex 1.960000e+2 1.780000e+2 0.000000e+0
      vertex 1.960000e+2 1.640000e+2 0.000000e+0
    endloop
  endfacet
  facet normal 0.000000e+0 0.000000e+0 -1.000000e+0
    outer loop
      vertex 1.920000e+2 1.780000e+2 0.000000e+0
      vertex 1.960000e+2 1.640000e+2 0.000000e+0
      vertex 1.920000e+2 1.640000e+2 0.000000e+0
    endloop
  endfacet
  facet normal 0.000000e+0 0.000000e+0 1.000000e+0
    outer loop
      vertex 1.920000e+2 1.640000e+2 3.000000e+0
      vertex 1.960000e+2 1.640000e+2 3.000000e+0
      vertex 1.960000e+2 1.780000e+2 3.000000e+0
    endloop
  endfacet
  facet normal 0.000000e+0 0.000000e+0 1.000000e+0
    outer loop
      vertex 1.920000e+2 1.640000e+2 3.000000e+0
      vertex 1.960000e+2 1.780000e+2 3.000000e+0
      vertex 1.920000e+2 1.780000e+2 3.000000e+0
    endloop
  endfacet
  facet normal 0.000000e+0 -1.000000e+0 0.000000e+0
    outer loop
      vertex 1.920000e+2 1.640000e+2 0.000000e+0
      vertex 1.960000e+2 1.640000e+2 0.000000e+0
      vertex 1.960000e+2 1.640000e+2 3.000000e+0
    endloop
  endfacet
  facet normal 0.000000e+0 -1.000000e+0 0.000000e+0
    outer loop
      vertex 1.920000e+2 1.640000e+2 0.000000e+0
      vertex 1.960000e+2 1.640000e+2 3.000000e+0
      vertex 1.920000e+2 1.640000e+2 3.000000e+0
    endloop
  endfacet
  facet normal 0.000000e+0 1.000000e+0 0.000000e+0
    outer loop
      vertex 1.960000e+2 1.780000e+2 0.000000e+0
      vertex 1.920000e+2 1.780000e+2 0.000000e+0
      vertex 1.920000e+2 1.780000e+2 3.000000e+0
    endloop
  endfacet
  facet normal 0.000000e+0 1.000000e+0 0.000000e+0
    outer loop
      vertex 1.960000e+2 1.780000e+2 0.000000e+0
      vertex 1.920000e+2 1.780000e+2 3.000000e+0
      vertex 1.960000e+2 1.780000e+2 3.000000e+0
    endloop
  endfacet
  facet normal -1.000000e+0 0.000000e+0 0.000000e+0
    outer loop
      vertex 1.920000e+2 1.780000e+2 0.000000e+0
      vertex 1.920000e+2 1.640000e+2 0.000000e+0
      vertex 1.920000e+2 1.640000e+2 3.000000e+0
    endloop
  endfacet
  facet normal -1.000000e+0 0.000000e+0 0.000000e+0
    outer loop
      vertex 1.920000e+2 1.780000e+2 0.000000e+0
      vertex 1.920000e+2 1.640000e+2 3.000000e+0
      vertex 1.920000e+2 1.780000e+2 3.000000e+0
    endloop
  endfacet
  facet normal 1.000000e+0 0.000000e+0 0.000000e+0
    outer loop
      vertex 1.960000e+2 1.640000e+2 0.000000e+0
      vertex 1.960000e+2 1.780000e+2 0.000000e+0
      vertex 1.960000e+2 1.780000e+2 3.000000e+0
    endloop
  endfacet
  facet normal 1.000000e+0 0.000000e+0 0.000000e+0
    outer loop
      vertex 1.960000e+2 1.640000e+2 0.000000e+0
      vertex 1.960000e+2 1.780000e+2 3.000000e+0
      vertex 1.960000e+2 1.640000e+2 3.000000e+0
    endloop
  endfacet
  facet normal 0.000000e+0 0.000000e+0 -1.000000e+0
    outer loop
      vertex -8.000000e+0 1.905000e+2 0.000000e+0
      vertex 0.000000e+0 1.905000e+2 0.000000e+0
      vertex 0.000000e+0 -8.000000e+0 0.000000e+0
    endloop
  endfacet
  facet normal 0.000000e+0 0.000000e+0 -1.000000e+0
    outer loop
      vertex -8.000000e+0 1.905000e+2 0.000000e+0
      vertex 0.000000e+0 -8.000000e+0 0.000000e+0
      vertex -8.000000e+0 -8.000000e+0 0.000000e+0
    endloop
  endfacet
  facet normal 0.000000e+0 0.000000e+0 1.000000e+0
    outer loop
      vertex -8.000000e+0 -8.000000e+0 3.000000e+0
      vertex 0.000000e+0 -8.000000e+0 3.000000e+0
      vertex 0.000000e+0 1.905000e+2 3.000000e+0
    endloop
  endfacet
  facet normal 0.000000e+0 0.000000e+0 1.000000e+0
    outer loop
      vertex -8.000000e+0 -8.000000e+0 3.000000e+0
      vertex 0.000000e+0 1.905000e+2 3.000000e+0
      vertex -8.000000e+0 1.905000e+2 3.000000e+0
    endloop
  endfacet
  facet normal 0.000000e+0 -1.000000e+0 0.000000e+0
    outer loop
      vertex -8.000000e+0 -8.000000e+0 0.000000e+0
      vertex 0.000000e+0 -8.000000e+0 0.000000e+0
      vertex 0.000000e+0 -8.000000e+0 3.000000e+0
    endloop
  endfacet
  facet normal 0.000000e+0 -1.000000e+0 0.000000e+0
    outer loop
      vertex -8.000000e+0 -8.000000e+0 0.000000e+0
      vertex 0.000000e+0 -8.000000e+0 3.000000e+0
      vertex -8.000000e+0 -8.000000e+0 3.000000e+0
    endloop
  endfacet
  facet normal 0.000000e+0 1.000000e+0 0.000000e+0
    outer loop
      vertex 0.000000e+0 1.905000e+2 0.000000e+0
      vertex -8.000000e+0 1.905000e+2 0.000000e+0
      vertex -8.000000e+0 1.905000e+2 3.000000e+0
    endloop
  endfacet
  facet normal 0.000000e+0 1.000000e+0 0.000000e+0
    outer loop
      vertex 0.000000e+0 1.905000e+2 0.000000e+0
      vertex -8.000000e+0 1.905000e+2 3.000000e+0
      vertex 0.000000e+0 1.905000e+2 3.000000e+0
    endloop
  endfacet
  facet normal -1.000000e+0 0.000000e+0 0.000000e+0
    outer loop
      vertex -8.000000e+0 1.905000e+2 0.000000e+0
      vertex -8.000000e+0 -8.000000e+0 0.000000e+0
      vertex -8.000000e+0 -8.000000e+0 3.000000e+0
    endloop
  endfacet
  facet normal -1.000000e+0 0.000000e+0 0.000000e+0
    outer loop
      vertex -8.000000e+0 1.905000e+2 0.000000e+0
      vertex -8.000000e+0 -8.000000e+0 3.000000e+0
      vertex -8.000000e+0 1.905000e+2 3.000000e+0
    endloop
  endfacet
  facet normal 1.000000e+0 0.000000e+0 0.000000e+0
    outer loop
      vertex 0.000000e+0 -8.000000e+0 0.000000e+0
      vertex 0.000000e+0 1.905000e+2 0.000000e+0
      vertex 0.000000e+0 1.905000e+2 3.000000e+0
    endloop
  endfacet
  facet normal 1.000000e+0 0.000000e+0 0.000000e+0
    outer loop
      vertex 0.000000e+0 -8.000000e+0 0.000000e+0
      vertex 0.000000e+0 1.905000e+2 3.000000e+0
      vertex 0.000000e+0 -8.000000e+0 3.000000e+0
    endloop
  endfacet
  facet normal 0.000000e+0 0.000000e+0 -1.000000e+0
    outer loop
      vertex 2.005000e+2 1.905000e+2 0.000000e+0
      vertex 2.085000e+2 1.905000e+2 0.000000e+0
      vertex 2.085000e+2 -8.000000e+0 0.000000e+0
    endloop
  endfacet
  facet normal 0.000000e+0 0.000000e+0 -1.000000e+0
    outer loop
      vertex 2.005000e+2 1.905000e+2 0.000000e+0
      vertex 2.085000e+2 -8.000000e+0 0.000000e+0
      vertex 2.005000e+2 -8.000000e+0 0.000000e+0
    endloop
  endfacet
  facet normal 0.000000e+0 0.000000e+0 1.000000e+0
    outer loop
      vertex 2.005000e+2 -8.000000e+0 3.000000e+0
      vertex 2.085000e+2 -8.000000e+0 3.000000e+0
      vertex 2.085000e+2 1.905000e+2 3.000000e+0
    endloop
  endfacet
  facet normal 0.000000e+0 0.000000e+0 1.000000e+0
    outer loop
      vertex 2.005000e+2 -8.000000e+0 3.000000e+0
      vertex 2.085000e+2 1.905000e+2 3.000000e+0
      vertex 2.005000e+2 1.905000e+2 3.000000e+0
    endloop
  endfacet
  facet normal 0.000000e+0 -1.000000e+0 0.000000e+0
    outer loop
      vertex 2.005000e+2 -8.000000e+0 0.000000e+0
      vertex 2.085000e+2 -8.000000e+0 0.000000e+0
      vertex 2.085000e+2 -8.000000e+0 3.000000e+0
    endloop
  endfacet
  facet normal 0.000000e+0 -1.000000e+0 0.000000e+0
    outer loop
      vertex 2.005000e+2 -8.000000e+0 0.000000e+0
      vertex 2.085000e+2 -8.000000e+0 3.000000e+0
      vertex 2.005000e+2 -8.000000e+0 3.000000e+0
    endloop
  endfacet
  facet normal 0.000000e+0 1.000000e+0 0.000000e+0
    outer loop
      vertex 2.085000e+2 1.905000e+2 0.000000e+0
      vertex 2.005000e+2 1.905000e+2 0.000000e+0
      vertex 2.005000e+2 1.905000e+2 3.000000e+0
    endloop
  endfacet
  facet normal 0.000000e+0 1.000000e+0 0.000000e+0
    outer loop
      vertex 2.085000e+2 1.905000e+2 0.000000e+0
      vertex 2.005000e+2 1.905000e+2 3.000000e+0
      vertex 2.085000e+2 1.905000e+2 3.000000e+0
    endloop
  endfacet
  facet normal -1.000000e+0 0.000000e+0 0.000000e+0
    outer loop
      vertex 2.005000e+2 1.905000e+2 0.000000e+0
      vertex 2.005000e+2 -8.000000e+0 0.000000e+0
      vertex 2.005000e+2 -8.000000e+0 3.000000e+0
    endloop
  endfacet
  facet normal -1.000000e+0 0.000000e+0 0.000000e+0
    outer loop
      vertex 2.005000e+2 1.905000e+2 0.000000e+0
      vertex 2.005000e+2 -8.000000e+0 3.000000e+0
      vertex 2.005000e+2 1.905000e+2 3.000000e+0
    endloop
  endfacet
  facet normal 1.000000e+0 0.000000e+0 0.000000e+0
    outer loop
      vertex 2.085000e+2 -8.000000e+0 0.000000e+0
      vertex 2.085000e+2 1.905000e+2 0.000000e+0
      vertex 2.085000e+2 1.905000e+2 3.000000e+0
    endloop
  endfacet
  facet normal 1.000000e+0 0.000000e+0 0.000000e+0
    outer loop
      vertex 2.085000e+2 -8.000000e+0 0.000000e+0
      vertex 2.085000e+2 1.905000e+2 3.000000e+0
      vertex 2.085000e+2 -8.000000e+0 3.000000e+0
    endloop
  endfacet
  facet normal 0.000000e+0 0.000000e+0 -1.000000e+0
    outer loop
      vertex 0.000000e+0 0.000000e+0 0.000000e+0
      vertex 2.005000e+2 0.000000e+0 0.000000e+0
      vertex 2.005000e+2 -8.000000e+0 0.000000e+0
    endloop
  endfacet
  facet normal 0.000000e+0 0.000000e+0 -1.000000e+0
    outer loop
      vertex 0.000000e+0 0.000000e+0 0.000000e+0
      vertex 2.005000e+2 -8.000000e+0 0.000000e+0
      vertex 0.000000e+0 -8.000000e+0 0.000000e+0
    endloop
  endfacet
  facet normal 0.000000e+0 0.000000e+0 1.000000e+0
    outer loop
      vertex 0.000000e+0 -8.000000e+0 3.000000e+0
      vertex 2.005000e+2 -8.000000e+0 3.000000e+0
      vertex 2.005000e+2 0.000000e+0 3.000000e+0
    endloop
  endfacet
  facet normal 0.000000e+0 0.000000e+0 1.000000e+0
    outer loop
      vertex 0.000000e+0 -8.000000e+0 3.000000e+0
      vertex 2.005000e+2 0.000000e+0 3.000000e+0
      vertex 0.000000e+0 0.000000e+0 3.000000e+0
    endloop
  endfacet
  facet normal 0.000000e+0 -1.000000e+0 0.000000e+0
    outer loop
      vertex 0.000000e+0 -8.000000e+0 0.000000e+0
      vertex 2.005000e+2 -8.000000e+0 0.000000e+0
      vertex 2.005000e+2 -8.000000e+0 3.000000e+0
    endloop
  endfacet
  facet normal 0.000000e+0 -1.000000e+0 0.000000e+0
    outer loop
      vertex 0.000000e+0 -8.000000e+0 0.000000e+0
      vertex 2.005000e+2 -8.000000e+0 3.000000e+0
      vertex 0.000000e+0 -8.000000e+0 3.000000e+0
    endloop
  endfacet
  facet normal 0.000000e+0 1.000000e+0 0.000000e+0
    outer loop
      vertex 2.005000e+2 0.000000e+0 0.000000e+0
      vertex 0.000000e+0 0.000000e+0 0.000000e+0
      vertex 0.000000e+0 0.000000e+0 3.000000e+0
    endloop
  endfacet
  facet normal 0.000000e+0 1.000000e+0 0.000000e+0
    outer loop
      vertex 2.005000e+2 0.000000e+0 0.000000e+0
      vertex 0.000000e+0 0.000000e+0 3.000000e+0
      vertex 2.005000e+2 0.000000e+0 3.000000e+0
    endloop
  endfacet
  facet normal -1.000000e+0 0.000000e+0 0.000000e+0
    outer loop
      vertex 0.000000e+0 0.000000e+0 0.000000e+0
      vertex 0.000000e+0 -8.000000e+0 0.000000e+0
      vertex 0.000000e+0 -8.000000e+0 3.000000e+0
    endloop
  endfacet
  facet normal -1.000000e+0 0.000000e+0 0.000000e+0
    outer loop
      vertex 0.000000e+0 0.000000e+0 0.000000e+0
      vertex 0.000000e+0 -8.000000e+0 3.000000e+0
      vertex 0.000000e+0 0.000000e+0 3.000000e+0
    endloop
  endfacet
  facet normal 1.000000e+0 0.000000e+0 0.000000e+0
    outer loop
      vertex 2.005000e+2 -8.000000e+0 0.000000e+0
      vertex 2.005000e+2 0.000000e+0 0.000000e+0
      vertex 2.005000e+2 0.000000e+0 3.000000e+0
    endloop
  endfacet
  facet normal 1.000000e+0 0.000000e+0 0.000000e+0
    outer loop
      vertex 2.005000e+2 -8.000000e+0 0.000000e+0
      vertex 2.005000e+2 0.000000e+0 3.000000e+0
      vertex 2.005000e+2 -8.000000e+0 3.000000e+0
    endloop
  endfacet
  facet normal 0.000000e+0 0.000000e+0 -1.000000e+0
    outer loop
      vertex 0.000000e+0 1.905000e+2 0.000000e+0
      vertex 2.005000e+2 1.905000e+2 0.000000e+0
      vertex 2.005000e+2 1.825000e+2 0.000000e+0
    endloop
  endfacet
  facet normal 0.000000e+0 0.000000e+0 -1.000000e+0
    outer loop
      vertex 0.000000e+0 1.905000e+2 0.000000e+0
      vertex 2.005000e+2 1.825000e+2 0.000000e+0
      vertex 0.000000e+0 1.825000e+2 0.000000e+0
    endloop
  endfacet
  facet normal 0.000000e+0 0.000000e+0 1.000000e+0
    outer loop
      vertex 0.000000e+0 1.825000e+2 3.000000e+0
      vertex 2.005000e+2 1.825000e+2 3.000000e+0
      vertex 2.005000e+2 1.905000e+2 3.000000e+0
    endloop
  endfacet
  facet normal 0.000000e+0 0.000000e+0 1.000000e+0
    outer loop
      vertex 0.000000e+0 1.825000e+2 3.000000e+0
      vertex 2.005000e+2 1.905000e+2 3.000000e+0
      vertex 0.000000e+0 1.905000e+2 3.000000e+0
    endloop
  endfacet
  facet normal 0.000000e+0 -1.000000e+0 0.000000e+0
    outer loop
      vertex 0.000000e+0 1.825000e+2 0.000000e+0
      vertex 2.005000e+2 1.825000e+2 0.000000e+0
      vertex 2.005000e+2 1.825000e+2 3.000000e+0
    endloop
  endfacet
  facet normal 0.000000e+0 -1.000000e+0 0.000000e+0
    outer loop
      vertex 0.000000e+0 1.825000e+2 0.000000e+0
      vertex 2.005000e+2 1.825000e+2 3.000000e+0
      vertex 0.000000e+0 1.825000e+2 3.000000e+0
    endloop
  endfacet
  facet normal 0.000000e+0 1.000000e+0 0.000000e+0
    outer loop
      vertex 2.005000e+2 1.905000e+2 0.000000e+0
      vertex 0.000000e+0 1.905000e+2 0.000000e+0
      vertex 0.000000e+0 1.905000e+2 3.000000e+0
    endloop
  endfacet
  facet normal 0.000000e+0 1.000000e+0 0.000000e+0
    outer loop
      vertex 2.005000e+2 1.905000e+2 0.000000e+0
      vertex 0.000000e+0 1.905000e+2 3.000000e+0
      vertex 2.005000e+2 1.905000e+2 3.000000e+0
    endloop
  endfacet
  facet normal -1.000000e+0 0.000000e+0 0.000000e+0
    outer loop
      vertex 0.000000e+0 1.905000e+2 0.000000e+0
      vertex 0.000000e+0 1.825000e+2 0.000000e+0
      vertex 0.000000e+0 1.825000e+2 3.000000e+0
    endloop
  endfacet
  facet normal -1.000000e+0 0.000000e+0 0.000000e+0
    outer loop
      vertex 0.000000e+0 1.905000e+2 0.000000e+0
      vertex 0.000000e+0 1.825000e+2 3.000000e+0
      vertex 0.000000e+0 1.905000e+2 3.000000e+0
    endloop
  endfacet
  facet normal 1.000000e+0 0.000000e+0 0.000000e+0
    outer loop
      vertex 2.005000e+2 1.825000e+2 0.000000e+0
      vertex 2.005000e+2 1.905000e+2 0.000000e+0
      vertex 2.005000e+2 1.905000e+2 3.000000e+0
    endloop
  endfacet
  facet normal 1.000000e+0 0.000000e+0 0.000000e+0
    outer loop
      vertex 2.005000e+2 1.825000e+2 0.000000e+0
      vertex 2.005000e+2 1.905000e+2 3.000000e+0
      vertex 2.005000e+2 1.825000e+2 3.000000e+0
    endloop
  endfacet
endsolid frontplate_0_0
